[1754457893.528683] [idcgpu01:3394561:0]           debug.c:1157 UCX  DEBUG using signal stack 0x7ffff77d3000 size 181440
[1754457893.534216] [idcgpu01:3394561:0]             cpu.c:338  UCX  DEBUG measured tsc frequency 2098.528 MHz after 1.00 ms
[1754457893.534247] [idcgpu01:3394561:0]            init.c:120  UCX  DEBUG /data/johnny/ucx-1.18.1/src/ucs/.libs/libucs.so.0 loaded at 0x7ffff7b61000
[1754457893.534265] [idcgpu01:3394561:0]            init.c:122  UCX  DEBUG cmd line: /data/johnny/ucx-1.18.1/src/tools/perf/.libs/ucx_perftest -t ucp_put_bw -m cuda,host 
[1754457893.534283] [idcgpu01:3394561:0]          module.c:72   UCX  DEBUG ucs library path: /data/johnny/ucx-1.18.1/src/ucs/.libs/libucs.so.0
[1754457893.534287] [idcgpu01:3394561:0]          module.c:280  UCX  DEBUG loading modules for ucs
[1754457893.534814] [idcgpu01:3394561:0]          module.c:280  UCX  DEBUG loading modules for ucx_perftest
[1754457894.517918] [idcgpu01:3394561:0]        perftest.c:800  UCX  WARN  CPU affinity is not set (bound to 192 cpus). Performance may be impacted.
Waiting for connection...
Accepted connection from 192.168.1.2:45404
+----------------------------------------------------------------------------------------------------------+
| API:          protocol layer                                                                             |
| Test:         put bandwidth                                                                              |
| Data layout:  (automatic)                                                                                |
| Send memory:  host                                                                                       |
| Recv memory:  cuda                                                                                       |
| Message size: 64000                                                                                      |
| Window size:  32                                                                                         |
+----------------------------------------------------------------------------------------------------------+
[1754457899.631803] [idcgpu01:3394561:0]         libperf.c:2082 UCX  DEBUG set send allocator by send mem type host
[1754457899.631813] [idcgpu01:3394561:0]         libperf.c:2086 UCX  DEBUG set recv allocator by recv mem type cuda
[1754457899.631817] [idcgpu01:3394561:0]         libperf.c:2105 UCX  DIAG  UCT tests also copy one-byte value from cuda recv memory to host memory, which may impact performance results
[1754457900.682308] [idcgpu01:3394561:0]            time.c:22   UCX  DEBUG arch clock frequency: 2098528000.00 Hz
[1754457900.700650] [idcgpu01:3394561:0]     ucp_context.c:2257 UCX  INFO  Version 1.18.1 (loaded from /data/johnny/ucx-1.18.1/src/ucp/.libs/libucp.so.0)
[1754457900.700662] [idcgpu01:3394561:0]     ucp_context.c:2015 UCX  DEBUG estimated number of endpoints is 1
[1754457900.700664] [idcgpu01:3394561:0]     ucp_context.c:2022 UCX  DEBUG estimated number of endpoints per node is 1
[1754457900.700666] [idcgpu01:3394561:0]     ucp_context.c:2033 UCX  DEBUG estimated bcopy bandwidth is 7340032000.000000
[1754457900.700947] [idcgpu01:3394561:0]     ucp_context.c:2092 UCX  DEBUG allocation method[0] is md 'sysv'
[1754457900.700948] [idcgpu01:3394561:0]     ucp_context.c:2092 UCX  DEBUG allocation method[1] is md 'posix'
[1754457900.700959] [idcgpu01:3394561:0]     ucp_context.c:2104 UCX  DEBUG allocation method[2] is 'thp'
[1754457900.700960] [idcgpu01:3394561:0]     ucp_context.c:2092 UCX  DEBUG allocation method[3] is md '*'
[1754457900.700961] [idcgpu01:3394561:0]     ucp_context.c:2104 UCX  DEBUG allocation method[4] is 'mmap'
[1754457900.700962] [idcgpu01:3394561:0]     ucp_context.c:2104 UCX  DEBUG allocation method[5] is 'heap'
[1754457900.700989] [idcgpu01:3394561:0]          module.c:280  UCX  DEBUG loading modules for uct
[1754457901.239364] [idcgpu01:3394561:0]          module.c:280  UCX  DEBUG loading modules for uct_cuda
[1754457901.822468] [idcgpu01:3394561:0]          module.c:280  UCX  DEBUG loading modules for uct_ib
[1754457904.662772] [idcgpu01:3394561:0]            topo.c:298  UCX  DEBUG added sys_dev 0 for bus id 08:00.0
[1754457904.662857] [idcgpu01:3394561:0]            topo.c:298  UCX  DEBUG added sys_dev 1 for bus id 09:00.0
[1754457904.662924] [idcgpu01:3394561:0]            topo.c:298  UCX  DEBUG added sys_dev 2 for bus id 0e:00.0
[1754457904.662992] [idcgpu01:3394561:0]            topo.c:298  UCX  DEBUG added sys_dev 3 for bus id 11:00.0
[1754457904.663673] [idcgpu01:3394561:0]        mm_xpmem.c:86   UCX  DEBUG xpmem_version() returned -1 (No such file or directory), xpmem is unavailable
[1754457904.676365] [idcgpu01:3394561:0]            topo.c:898  UCX  DEBUG /sys/class/net/bond0/lower_ens4f0: PF sysfs path is '/sys/devices/pci0000:95/0000:95:01.0/0000:96:00.0'
[1754457904.676479] [idcgpu01:3394561:0]            topo.c:298  UCX  DEBUG added sys_dev 4 for bus id 96:00.0
[1754457904.676486] [idcgpu01:3394561:0]            topo.c:552  UCX  DEBUG bond0: bdf_name 0000:96:00.0 sys_dev 4
[1754457904.680079] [idcgpu01:3394561:0]       tcp_iface.c:945  UCX  DEBUG filtered out bridge device cni0
[1754457904.690412] [idcgpu01:3394561:0]            topo.c:898  UCX  DEBUG /sys/class/net/ens2np0: PF sysfs path is '/sys/devices/pci0000:03/0000:03:01.0/0000:04:00.0/0000:05:0c.0/0000:0f:00.0/0000:10:10.0/0000:12:00.0'
[1754457904.690503] [idcgpu01:3394561:0]            topo.c:298  UCX  DEBUG added sys_dev 5 for bus id 12:00.0
[1754457904.690507] [idcgpu01:3394561:0]            topo.c:552  UCX  DEBUG ens2np0: bdf_name 0000:12:00.0 sys_dev 5
[1754457904.718197] [idcgpu01:3394561:0]            topo.c:898  UCX  DEBUG /sys/class/net/flannel.1/lower_bond0/lower_ens4f0: PF sysfs path is '/sys/devices/pci0000:95/0000:95:01.0/0000:96:00.0'
[1754457904.718209] [idcgpu01:3394561:0]            topo.c:552  UCX  DEBUG flannel.1: bdf_name 0000:96:00.0 sys_dev 4
[1754457904.720899] [idcgpu01:3394561:0]            topo.c:895  UCX  DEBUG /sys/class/net/lo: sysfs path undetected
[1754457904.720902] [idcgpu01:3394561:0]            topo.c:556  UCX  DEBUG lo: system device unknown
[1754457904.840879] [idcgpu01:3394561:0]    cuda_copy_md.c:103  UCX  DEBUG dmabuf is not supported on cuda device 0
[1754457904.858842] [idcgpu01:3394561:0]     cuda_ipc_md.c:446  UCX  DEBUG fabric_info: state=0 status=32767 uuid=00000000:00000000:00000000:00b6ffff
[1754457904.872961] [idcgpu01:3394561:0]            topo.c:898  UCX  DEBUG /sys/class/infiniband/mlx5_0: PF sysfs path is '/sys/devices/pci0000:03/0000:03:01.0/0000:04:00.0/0000:05:0c.0/0000:0f:00.0/0000:10:10.0/0000:12:00.0'
[1754457904.872971] [idcgpu01:3394561:0]            topo.c:552  UCX  DEBUG mlx5_0: bdf_name 0000:12:00.0 sys_dev 5
[1754457904.872998] [idcgpu01:3394561:0]       ib_device.c:502  UCX  DEBUG mlx5_0: vendor_id 0x15b3 device_id 4129
[1754457904.873945] [idcgpu01:3394561:0]    ib_mlx5dv_md.c:1892 UCX  DEBUG mlx5_0: cross gvmi alias mkey is supported
[1754457904.873947] [idcgpu01:3394561:0]    ib_mlx5dv_md.c:1942 UCX  DEBUG mlx5_0: mkey_by_name_reserve is not supported
[1754457904.873948] [idcgpu01:3394561:0]    ib_mlx5dv_md.c:1925 UCX  DEBUG mlx5_0: dp_ordering support: force=0 ooo_rw_rc=0 ooo_rw_dc=0
[1754457904.874115] [idcgpu01:3394561:0]    ib_mlx5dv_md.c:1700 UCX  DEBUG mlx5_0: ODP is supported, version 2: memory=host
[1754457904.874312] [idcgpu01:3394561:0]           async.c:247  UCX  DEBUG added async handler 0x555555ffe300 [id=53 ref 1] ???() to hash
[1754457904.874889] [idcgpu01:3394561:0]           async.c:521  UCX  DEBUG listening to async event fd 53 events 0x1 mode thread_spinlock
[1754457904.874897] [idcgpu01:3394561:0]       ib_device.c:600  UCX  DEBUG initialized device 'mlx5_0' (InfiniBand channel adapter) with 1 ports
[1754457904.874904] [idcgpu01:3394561:0]           ib_md.c:1182 UCX  DEBUG mlx5_0: cuda GPUDirect RDMA is not detected by checking /sys/kernel/mm/memory_peers/nv_mem/version
[1754457904.874913] [idcgpu01:3394561:0]           ib_md.c:1182 UCX  DEBUG mlx5_0: cuda GPUDirect RDMA is detected by checking /sys/module/nvidia_peermem/version
[1754457904.874918] [idcgpu01:3394561:0]           ib_md.c:1182 UCX  DEBUG mlx5_0: rocm GPUDirect RDMA is not detected by checking /dev/kfd
[1754457904.874962] [idcgpu01:3394561:0]           ib_md.c:1209 UCX  DEBUG mlx5_0: dmabuf is supported
[1754457904.874971] [idcgpu01:3394561:0]           mpool.c:136  UCX  DEBUG mpool devx dbrec: align 64, maxelems 4294967295, elemsize 40
[1754457904.875293] [idcgpu01:3394561:0]    ib_mlx5dv_md.c:2440 UCX  DEBUG mlx5_0: opened DEVX md log_max_qp=17
[1754457904.876301] [idcgpu01:3394561:0]    ib_mlx5dv_md.c:139  UCX  DEBUG mlx5_0: KSM dm memory registration status "Success" range 0x7ffff7a14000..0x7ffff7a14020 iova 0x0 mkey_index 0x0
[1754457904.876686] [idcgpu01:3394561:0]    ib_mlx5dv_md.c:139  UCX  DEBUG mlx5_0: KSM atomic-key memory registration status "Success" range (nil)..0x20 iova 0x7ffff7a14000 atomic mkey_index 0x0
[1754457904.877551] [idcgpu01:3394561:0]           ib_md.c:1167 UCX  DEBUG mlx5_0: relaxed order memory access is disabled
[1754457904.878026] [idcgpu01:3394561:0]    ib_mlx5dv_md.c:139  UCX  DEBUG mlx5_0: KSM flush-mr memory registration status "Success" range 0x555556054000..0x555556054008 iova 0x0 mkey_index 0x0
[1754457904.878028] [idcgpu01:3394561:0]           ib_md.c:1037 UCX  DEBUG mlx5_0: md open by 'uct_ib_mlx5_devx_md_ops' is successful
[1754457904.893853] [idcgpu01:3394561:0]            topo.c:898  UCX  DEBUG /sys/class/infiniband/mlx5_0: PF sysfs path is '/sys/devices/pci0000:03/0000:03:01.0/0000:04:00.0/0000:05:0c.0/0000:0f:00.0/0000:10:10.0/0000:12:00.0'
[1754457904.893860] [idcgpu01:3394561:0]            topo.c:552  UCX  DEBUG mlx5_0: bdf_name 0000:12:00.0 sys_dev 5
[1754457904.893874] [idcgpu01:3394561:0]       ib_device.c:502  UCX  DEBUG mlx5_0: vendor_id 0x15b3 device_id 4129
[1754457904.894479] [idcgpu01:3394561:0]    ib_mlx5dv_md.c:1892 UCX  DEBUG mlx5_0: cross gvmi alias mkey is supported
[1754457904.894480] [idcgpu01:3394561:0]    ib_mlx5dv_md.c:1942 UCX  DEBUG mlx5_0: mkey_by_name_reserve is not supported
[1754457904.894481] [idcgpu01:3394561:0]    ib_mlx5dv_md.c:1925 UCX  DEBUG mlx5_0: dp_ordering support: force=0 ooo_rw_rc=0 ooo_rw_dc=0
[1754457904.894628] [idcgpu01:3394561:0]    ib_mlx5dv_md.c:1700 UCX  DEBUG mlx5_0: ODP is supported, version 2: memory=host
[1754457904.894787] [idcgpu01:3394561:0]           async.c:247  UCX  DEBUG added async handler 0x555556053bc0 [id=58 ref 1] ???() to hash
[1754457904.894799] [idcgpu01:3394561:0]           async.c:521  UCX  DEBUG listening to async event fd 58 events 0x1 mode thread_spinlock
[1754457904.894800] [idcgpu01:3394561:0]       ib_device.c:600  UCX  DEBUG initialized device 'mlx5_0' (InfiniBand channel adapter) with 1 ports
[1754457904.894805] [idcgpu01:3394561:0]           ib_md.c:1182 UCX  DEBUG mlx5_0: cuda GPUDirect RDMA is not detected by checking /sys/kernel/mm/memory_peers/nv_mem/version
[1754457904.894808] [idcgpu01:3394561:0]           ib_md.c:1182 UCX  DEBUG mlx5_0: cuda GPUDirect RDMA is detected by checking /sys/module/nvidia_peermem/version
[1754457904.894813] [idcgpu01:3394561:0]           ib_md.c:1182 UCX  DEBUG mlx5_0: rocm GPUDirect RDMA is not detected by checking /dev/kfd
[1754457904.894818] [idcgpu01:3394561:0]           ib_md.c:1209 UCX  DEBUG mlx5_0: dmabuf is supported
[1754457904.894821] [idcgpu01:3394561:0]           mpool.c:136  UCX  DEBUG mpool devx dbrec: align 64, maxelems 4294967295, elemsize 40
[1754457904.895067] [idcgpu01:3394561:0]    ib_mlx5dv_md.c:2440 UCX  DEBUG mlx5_0: opened DEVX md log_max_qp=17
[1754457904.895819] [idcgpu01:3394561:0]    ib_mlx5dv_md.c:139  UCX  DEBUG mlx5_0: KSM dm memory registration status "Success" range 0x7ffff6ed7000..0x7ffff6ed7020 iova 0x0 mkey_index 0x0
[1754457904.896085] [idcgpu01:3394561:0]    ib_mlx5dv_md.c:139  UCX  DEBUG mlx5_0: KSM atomic-key memory registration status "Success" range (nil)..0x20 iova 0x7ffff6ed7000 atomic mkey_index 0x0
[1754457904.896851] [idcgpu01:3394561:0]           ib_md.c:1167 UCX  DEBUG mlx5_0: relaxed order memory access is disabled
[1754457904.897158] [idcgpu01:3394561:0]    ib_mlx5dv_md.c:139  UCX  DEBUG mlx5_0: KSM flush-mr memory registration status "Success" range 0x55555609c000..0x55555609c008 iova 0x0 mkey_index 0x0
[1754457904.897210] [idcgpu01:3394561:0]          uct_md.c:96   UCX  DEBUG failed to query gga_mlx5 resources: No such device
[1754457904.897211] [idcgpu01:3394561:0]     ucp_context.c:1188 UCX  DEBUG No tl resources found for md mlx5_0
[1754457904.897212] [idcgpu01:3394561:0]     ucp_context.c:1647 UCX  DEBUG closing md mlx5_0 because it has no selected transport resources
[1754457904.901589] [idcgpu01:3394561:0]    ib_mlx5dv_md.c:2512 UCX  DEBUG mlx5_0: md=0x555556057b60 md->flags=0x3f33f3b flush_rkey=0x1fff00
[1754457904.902092] [idcgpu01:3394561:0]           mpool.c:194  UCX  DEBUG mpool devx dbrec destroyed
[1754457904.902101] [idcgpu01:3394561:0]       ib_device.c:621  UCX  DEBUG destroying ib device mlx5_0
[1754457904.902119] [idcgpu01:3394561:0]           async.c:172  UCX  DEBUG removed async handler 0x555556053bc0 [id=58 ref 1] ???() from hash
[1754457904.902120] [idcgpu01:3394561:0]           async.c:575  UCX  DEBUG removing async handler 0x555556053bc0 [id=58 ref 1] ???()
[1754457904.902125] [idcgpu01:3394561:0]           async.c:187  UCX  DEBUG release async handler 0x555556053bc0 [id=58 ref 0] ???()
[1754457904.914165] [idcgpu01:3394561:0]        mm_xpmem.c:86   UCX  DEBUG xpmem_version() returned -1 (No such file or directory), xpmem is unavailable
[1754457904.914172] [idcgpu01:3394561:0]     ucp_context.c:1712 UCX  DEBUG register host memory on: self, tcp, cuda_cpy, mlx5_0, cma, knem
[1754457904.914173] [idcgpu01:3394561:0]     ucp_context.c:1712 UCX  DEBUG register cuda memory on: cuda_cpy, cuda_ipc, mlx5_0
[1754457904.914174] [idcgpu01:3394561:0]     ucp_context.c:1712 UCX  DEBUG register cuda-managed memory on: cuda_cpy
[1754457904.914175] [idcgpu01:3394561:0]     ucp_context.c:1700 UCX  DEBUG no memory domain supports registering rocm memory
[1754457904.914175] [idcgpu01:3394561:0]     ucp_context.c:1700 UCX  DEBUG no memory domain supports registering rocm-managed memory
[1754457904.914176] [idcgpu01:3394561:0]     ucp_context.c:1700 UCX  DEBUG no memory domain supports registering rdma memory
[1754457904.914176] [idcgpu01:3394561:0]     ucp_context.c:1700 UCX  DEBUG no memory domain supports registering ze-host memory
[1754457904.914177] [idcgpu01:3394561:0]     ucp_context.c:1700 UCX  DEBUG no memory domain supports registering ze-device memory
[1754457904.914178] [idcgpu01:3394561:0]     ucp_context.c:1700 UCX  DEBUG no memory domain supports registering ze-managed memory
[1754457904.914219] [idcgpu01:3394561:0]           mpool.c:136  UCX  DEBUG mpool rcache_mp: align 8, maxelems 4294967295, elemsize 144
[1754457904.914245] [idcgpu01:3394561:0]           async.c:247  UCX  DEBUG added async handler 0x55555609b4c0 [id=58 ref 1] ???() to hash
[1754457904.914253] [idcgpu01:3394561:0]           async.c:521  UCX  DEBUG listening to async event fd 58 events 0x1 mode thread_spinlock
[1754457904.924238] [idcgpu01:3394561:0]          module.c:280  UCX  DEBUG loading modules for ucm
[1754457905.565954] [idcgpu01:3394561:0]     ucp_context.c:2329 UCX  DEBUG created ucp context perftest 0x555555fe9960 [9 mds 16 tls] features 0x2 tl bitmap 0xffff 0x0
[1754457905.569894] [idcgpu01:3394561:0]         mm_sysv.c:97   UCX  DEBUG   mm failed to allocate 64000 bytes with hugetlb
[1754457905.575958] [idcgpu01:3394561:0]         uct_mem.c:296  UCX  DEBUG   could not allocate memory with any of the provided methods
[1754457905.576203] [idcgpu01:3394561:0]    cuda_copy_md.c:258  UCX  DEBUG   cuMemCreate(&alloc_handle->generic_handle, alloc_handle->length, &prop, 0) failed: operation not permitted
[1754457905.576544] [idcgpu01:3394561:0]    cuda_copy_md.c:497  UCX  DEBUG cuMemRetainAllocationHandle(&alloc_handle, (void*)address) failed: invalid argument
[1754457905.578649] [idcgpu01:3394561:0]           mpool.c:136  UCX  DEBUG mpool self_msg_desc: align 64, maxelems 4294967295, elemsize 8200
[1754457905.578655] [idcgpu01:3394561:0]            self.c:245  UCX  DEBUG created self iface id 0x6acbcbd07e0eae03 send_size 8192
[1754457905.578703] [idcgpu01:3394561:0]      ucp_worker.c:1434 UCX  DEBUG created interface[0]=0x5555560841e0 using self/memory on worker 0x555556060ff0
[1754457905.578806] [idcgpu01:3394561:0]           mpool.c:136  UCX  DEBUG mpool uct_tcp_iface_tx_buf_mp: align 64, maxelems 4294967295, elemsize 8205
[1754457905.578809] [idcgpu01:3394561:0]           mpool.c:136  UCX  DEBUG mpool uct_tcp_iface_rx_buf_mp: align 64, maxelems 4294967295, elemsize 131090
[1754457905.583248] [idcgpu01:3394561:0]           async.c:247  UCX  DEBUG added async handler 0x55555609bd60 [id=61 ref 1] ???() to hash
[1754457905.583277] [idcgpu01:3394561:0]           async.c:521  UCX  DEBUG listening to async event fd 61 events 0x5 mode thread_spinlock
[1754457905.583289] [idcgpu01:3394561:0]       tcp_iface.c:596  UCX  DEBUG tcp_iface 0x5555560850d0: listening for connections (fd=61) on 172.16.14.30:60887 netif bond0
[1754457905.583524] [idcgpu01:3394561:0]            topo.c:898  UCX  DEBUG /sys/class/net/bond0/lower_ens4f0: PF sysfs path is '/sys/devices/pci0000:95/0000:95:01.0/0000:96:00.0'
[1754457905.587251] [idcgpu01:3394561:0]      ucp_worker.c:1434 UCX  DEBUG created interface[1]=0x5555560850d0 using tcp/bond0 on worker 0x555556060ff0
[1754457905.587298] [idcgpu01:3394561:0]           mpool.c:136  UCX  DEBUG mpool uct_tcp_iface_tx_buf_mp: align 64, maxelems 4294967295, elemsize 8205
[1754457905.587301] [idcgpu01:3394561:0]           mpool.c:136  UCX  DEBUG mpool uct_tcp_iface_rx_buf_mp: align 64, maxelems 4294967295, elemsize 131090
[1754457905.590246] [idcgpu01:3394561:0]           async.c:247  UCX  DEBUG added async handler 0x555556053bc0 [id=63 ref 1] ???() to hash
[1754457905.590266] [idcgpu01:3394561:0]           async.c:521  UCX  DEBUG listening to async event fd 63 events 0x5 mode thread_spinlock
[1754457905.590272] [idcgpu01:3394561:0]       tcp_iface.c:596  UCX  DEBUG tcp_iface 0x555556085d50: listening for connections (fd=63) on 192.168.1.1:33289 netif ens2np0
[1754457905.591093] [idcgpu01:3394561:0]            topo.c:898  UCX  DEBUG /sys/class/net/ens2np0: PF sysfs path is '/sys/devices/pci0000:03/0000:03:01.0/0000:04:00.0/0000:05:0c.0/0000:0f:00.0/0000:10:10.0/0000:12:00.0'
[1754457905.591320] [idcgpu01:3394561:0]      ucp_worker.c:1434 UCX  DEBUG created interface[2]=0x555556085d50 using tcp/ens2np0 on worker 0x555556060ff0
[1754457905.591359] [idcgpu01:3394561:0]           mpool.c:136  UCX  DEBUG mpool uct_tcp_iface_tx_buf_mp: align 64, maxelems 4294967295, elemsize 8205
[1754457905.591362] [idcgpu01:3394561:0]           mpool.c:136  UCX  DEBUG mpool uct_tcp_iface_rx_buf_mp: align 64, maxelems 4294967295, elemsize 131090
[1754457905.594260] [idcgpu01:3394561:0]           async.c:247  UCX  DEBUG added async handler 0x555555ff9240 [id=65 ref 1] ???() to hash
[1754457905.594279] [idcgpu01:3394561:0]           async.c:521  UCX  DEBUG listening to async event fd 65 events 0x5 mode thread_spinlock
[1754457905.594285] [idcgpu01:3394561:0]       tcp_iface.c:596  UCX  DEBUG tcp_iface 0x555556086c80: listening for connections (fd=65) on 10.42.0.0:50857 netif flannel.1
[1754457905.594516] [idcgpu01:3394561:0]            topo.c:898  UCX  DEBUG /sys/class/net/flannel.1/lower_bond0/lower_ens4f0: PF sysfs path is '/sys/devices/pci0000:95/0000:95:01.0/0000:96:00.0'
[1754457905.594673] [idcgpu01:3394561:0]      ucp_worker.c:1434 UCX  DEBUG created interface[3]=0x555556086c80 using tcp/flannel.1 on worker 0x555556060ff0
[1754457905.594706] [idcgpu01:3394561:0]           mpool.c:136  UCX  DEBUG mpool uct_tcp_iface_tx_buf_mp: align 64, maxelems 4294967295, elemsize 8205
[1754457905.594709] [idcgpu01:3394561:0]           mpool.c:136  UCX  DEBUG mpool uct_tcp_iface_rx_buf_mp: align 64, maxelems 4294967295, elemsize 131090
[1754457905.597588] [idcgpu01:3394561:0]           async.c:247  UCX  DEBUG added async handler 0x555555ff8230 [id=67 ref 1] ???() to hash
[1754457905.597605] [idcgpu01:3394561:0]           async.c:521  UCX  DEBUG listening to async event fd 67 events 0x5 mode thread_spinlock
[1754457905.597610] [idcgpu01:3394561:0]       tcp_iface.c:596  UCX  DEBUG tcp_iface 0x555556087a50: listening for connections (fd=67) on 127.0.0.1:57327 netif lo
[1754457905.597677] [idcgpu01:3394561:0]            sock.c:90   UCX  DEBUG ioctl(req=35142, ifr_name=lo) failed: Operation not supported
[1754457905.597688] [idcgpu01:3394561:0]         tcp_net.c:61   UCX  DEBUG speed of lo is UNKNOWN, assuming 100 Mbps
[1754457905.597777] [idcgpu01:3394561:0]            topo.c:895  UCX  DEBUG /sys/class/net/lo: sysfs path undetected
[1754457905.597780] [idcgpu01:3394561:0]            topo.c:848  UCX  DEBUG lo: pci bandwidth undetected, using maximal value
[1754457905.597841] [idcgpu01:3394561:0]      ucp_worker.c:1434 UCX  DEBUG created interface[4]=0x555556087a50 using tcp/lo on worker 0x555556060ff0
[1754457905.597920] [idcgpu01:3394561:0]         mm_sysv.c:97   UCX  DEBUG   mm failed to allocate 33023 bytes with hugetlb
[1754457905.598032] [idcgpu01:3394561:0]           mpool.c:136  UCX  DEBUG mpool mm_recv_desc: align 64, maxelems 4294967295, elemsize 8376
[1754457905.598056] [idcgpu01:3394561:0]         mm_sysv.c:97   UCX  DEBUG   mm failed to allocate 4292720 bytes with hugetlb
[1754457905.598086] [idcgpu01:3394561:0]           mpool.c:281  UCX  DEBUG mpool mm_recv_desc: allocated chunk 0x7fffc73e6018 of 4296680 bytes with 512 elements
[1754457905.600534] [idcgpu01:3394561:0]        mm_iface.c:730  UCX  DEBUG created mm iface 0x5555560884c0 FIFO id 0x18021 va 0x7fffe16e9000 size 36864 (128 x 256 elems)
[1754457905.600596] [idcgpu01:3394561:0]      ucp_worker.c:1434 UCX  DEBUG created interface[5]=0x5555560884c0 using sysv/memory on worker 0x555556060ff0
[1754457905.600789] [idcgpu01:3394561:0]        mm_posix.c:572  UCX  DEBUG   allocated posix shared memory at 0x7fffe16e0000 length 36864
[1754457905.600812] [idcgpu01:3394561:0]           mpool.c:136  UCX  DEBUG mpool mm_recv_desc: align 64, maxelems 4294967295, elemsize 8376
[1754457905.603669] [idcgpu01:3394561:0]        mm_posix.c:338  UCX  DEBUG   shared memory mmap(addr=(nil), length=6291456, flags= HUGETLB, fd=71) failed: Invalid argument
[1754457905.603682] [idcgpu01:3394561:0]        mm_posix.c:572  UCX  DEBUG   allocated posix shared memory at 0x7fffc6fcd000 length 4296704
[1754457905.603694] [idcgpu01:3394561:0]           mpool.c:281  UCX  DEBUG mpool mm_recv_desc: allocated chunk 0x7fffc6fcd018 of 4296680 bytes with 512 elements
[1754457905.604670] [idcgpu01:3394561:0]        mm_iface.c:730  UCX  DEBUG created mm iface 0x5555560891c0 FIFO id 0xc00000114033cc01 va 0x7fffe16e0000 size 36864 (128 x 256 elems)
[1754457905.604691] [idcgpu01:3394561:0]      ucp_worker.c:1434 UCX  DEBUG created interface[6]=0x5555560891c0 using posix/memory on worker 0x555556060ff0
[1754457905.604736] [idcgpu01:3394561:0]           mpool.c:136  UCX  DEBUG mpool CUDA EVENT objects: align 64, maxelems 4294967295, elemsize 32
[1754457905.604770] [idcgpu01:3394561:0]      ucp_worker.c:1434 UCX  DEBUG created interface[7]=0x555556089c10 using cuda_copy/cuda on worker 0x555556060ff0
[1754457905.604789] [idcgpu01:3394561:0]           mpool.c:136  UCX  DEBUG mpool CUDA_IPC EVENT objects: align 64, maxelems 4294967295, elemsize 72
[1754457905.619085] [idcgpu01:3394561:0]  cuda_ipc_iface.c:249  UCX  DEBUG cuda-ipc get zcopy disabled as no nvlinks detected
[1754457905.619100] [idcgpu01:3394561:0]      ucp_worker.c:1434 UCX  DEBUG created interface[8]=0x55555608b0b0 using cuda_ipc/cuda on worker 0x555556060ff0
[1754457905.619317] [idcgpu01:3394561:0]        ib_iface.c:1077 UCX  DEBUG using pkey[0] 0xffff on mlx5_0:1/RoCE
[1754457905.619520] [idcgpu01:3394561:0]       ib_device.c:1089 UCX  DEBUG mlx5_0:1 using gid_index 3
[1754457905.620900] [idcgpu01:3394561:0]        ib_iface.c:1664 UCX  DEBUG created uct_ib_iface_t headroom_ofs 12 payload_ofs 100 hdr_ofs 99 data_sz 8256
[1754457905.620957] [idcgpu01:3394561:0]           mpool.c:136  UCX  DEBUG mpool rc_recv_desc: align 64, maxelems 4294967295, elemsize 8363
[1754457905.620961] [idcgpu01:3394561:0]           mpool.c:136  UCX  DEBUG mpool rc_send_desc: align 64, maxelems 4294967295, elemsize 8336
[1754457905.621183] [idcgpu01:3394561:0]           mpool.c:136  UCX  DEBUG mpool send-ops-mpool: align 64, maxelems 4294967295, elemsize 64
[1754457905.622049] [idcgpu01:3394561:0]           mpool.c:136  UCX  DEBUG mpool pending-ops: align 1, maxelems 4294967295, elemsize 64
[1754457905.622062] [idcgpu01:3394561:0]           mpool.c:136  UCX  DEBUG mpool rc_verbs_short_desc: align 64, maxelems 4294967295, elemsize 208
[1754457905.622617] [idcgpu01:3394561:0]        ib_iface.c:1196 UCX  DEBUG mlx5_0: iface 0x55555608cee0 created RC QP 0x7b6 on mlx5_0:1 TX wr:409 sge:5 inl:124 resp:64 RX wr:0 sge:0 resp:64
[1754457905.623264] [idcgpu01:3394561:0]      ucp_worker.c:1434 UCX  DEBUG created interface[9]=0x55555608cee0 using rc_verbs/mlx5_0:1 on worker 0x555556060ff0
[1754457905.623376] [idcgpu01:3394561:0]        ib_iface.c:1077 UCX  DEBUG using pkey[0] 0xffff on mlx5_0:1/RoCE
[1754457905.623486] [idcgpu01:3394561:0]       ib_device.c:1089 UCX  DEBUG mlx5_0:1 using gid_index 3
[1754457905.624402] [idcgpu01:3394561:0]        ib_iface.c:1664 UCX  DEBUG created uct_ib_iface_t headroom_ofs 12 payload_ofs 100 hdr_ofs 52 data_sz 4136
[1754457905.624940] [idcgpu01:3394561:0]        ib_iface.c:1196 UCX  DEBUG mlx5_0: iface 0x5555561d2430 created UD QP 0x1b4c on mlx5_0:1 TX wr:341 sge:6 inl:124 resp:0 RX wr:4096 sge:1 resp:0
[1754457905.626212] [idcgpu01:3394561:0]           mpool.c:136  UCX  DEBUG mpool ud_recv_skb: align 64, maxelems 4294967295, elemsize 4196
[1754457905.626635] [idcgpu01:3394561:0]           mpool.c:281  UCX  DEBUG mpool ud_recv_skb: allocated chunk 0x7fffe0390018 of 544744 bytes with 128 elements
[1754457905.626643] [idcgpu01:3394561:0]           mpool.c:136  UCX  DEBUG mpool ud_tx_skb: align 64, maxelems 4294967295, elemsize 4208
[1754457905.626681] [idcgpu01:3394561:0]        ud_iface.c:380  UCX  DEBUG iface 0x5555561d2430: adding gid fe80::bae9:24ff:fe62:7a38 to hash on device mlx5_0 port 1 index 0)
[1754457905.626703] [idcgpu01:3394561:0]        ud_iface.c:380  UCX  DEBUG iface 0x5555561d2430: adding gid fe80::bae9:24ff:fe62:7a38 to hash on device mlx5_0 port 1 index 1)
[1754457905.626719] [idcgpu01:3394561:0]        ud_iface.c:380  UCX  DEBUG iface 0x5555561d2430: adding gid ::ffff:192.168.1.1 to hash on device mlx5_0 port 1 index 2)
[1754457905.626732] [idcgpu01:3394561:0]        ud_iface.c:380  UCX  DEBUG iface 0x5555561d2430: adding gid ::ffff:192.168.1.1 to hash on device mlx5_0 port 1 index 3)
[1754457905.626757] [idcgpu01:3394561:0]             sys.c:440  UCX  DEBUG failed to read from /sys/class/infiniband/mlx5_0/ports/1/gid_attrs/types/4: Invalid argument
[1754457905.626763] [idcgpu01:3394561:0]        ud_iface.c:380  UCX  DEBUG iface 0x5555561d2430: adding gid ::ffff:192.168.100.129 to hash on device mlx5_0 port 1 index 4)
[1754457905.626778] [idcgpu01:3394561:0]             sys.c:440  UCX  DEBUG failed to read from /sys/class/infiniband/mlx5_0/ports/1/gid_attrs/types/5: Invalid argument
[1754457905.626782] [idcgpu01:3394561:0]        ud_iface.c:380  UCX  DEBUG iface 0x5555561d2430: adding gid ::ffff:192.168.100.129 to hash on device mlx5_0 port 1 index 5)
[1754457905.626799] [idcgpu01:3394561:0]             sys.c:440  UCX  DEBUG failed to read from /sys/class/infiniband/mlx5_0/ports/1/gid_attrs/types/6: Invalid argument
[1754457905.626803] [idcgpu01:3394561:0]        ud_iface.c:380  UCX  DEBUG iface 0x5555561d2430: adding gid fe80::8c0c:ecff:fed0:2091 to hash on device mlx5_0 port 1 index 6)
[1754457905.626818] [idcgpu01:3394561:0]             sys.c:440  UCX  DEBUG failed to read from /sys/class/infiniband/mlx5_0/ports/1/gid_attrs/types/7: Invalid argument
[1754457905.626822] [idcgpu01:3394561:0]        ud_iface.c:380  UCX  DEBUG iface 0x5555561d2430: adding gid fe80::8c0c:ecff:fed0:2091 to hash on device mlx5_0 port 1 index 7)
[1754457905.626838] [idcgpu01:3394561:0]             sys.c:440  UCX  DEBUG failed to read from /sys/class/infiniband/mlx5_0/ports/1/gid_attrs/types/8: Invalid argument
[1754457905.626842] [idcgpu01:3394561:0]        ud_iface.c:380  UCX  DEBUG iface 0x5555561d2430: adding gid ::ffff:192.168.100.123 to hash on device mlx5_0 port 1 index 8)
[1754457905.626923] [idcgpu01:3394561:0]             sys.c:440  UCX  DEBUG failed to read from /sys/class/infiniband/mlx5_0/ports/1/gid_attrs/types/9: Invalid argument
[1754457905.626928] [idcgpu01:3394561:0]        ud_iface.c:380  UCX  DEBUG iface 0x5555561d2430: adding gid ::ffff:192.168.100.123 to hash on device mlx5_0 port 1 index 9)
[1754457905.626942] [idcgpu01:3394561:0]             sys.c:440  UCX  DEBUG failed to read from /sys/class/infiniband/mlx5_0/ports/1/gid_attrs/types/10: Invalid argument
[1754457905.626945] [idcgpu01:3394561:0]        ud_iface.c:380  UCX  DEBUG iface 0x5555561d2430: adding gid fe80::a45b:e5ff:fe0e:dc32 to hash on device mlx5_0 port 1 index 10)
[1754457905.626960] [idcgpu01:3394561:0]             sys.c:440  UCX  DEBUG failed to read from /sys/class/infiniband/mlx5_0/ports/1/gid_attrs/types/11: Invalid argument
[1754457905.626964] [idcgpu01:3394561:0]        ud_iface.c:380  UCX  DEBUG iface 0x5555561d2430: adding gid fe80::a45b:e5ff:fe0e:dc32 to hash on device mlx5_0 port 1 index 11)
[1754457905.626982] [idcgpu01:3394561:0]             sys.c:440  UCX  DEBUG failed to read from /sys/class/infiniband/mlx5_0/ports/1/gid_attrs/types/12: Invalid argument
[1754457905.626986] [idcgpu01:3394561:0]        ud_iface.c:380  UCX  DEBUG iface 0x5555561d2430: adding gid ::ffff:192.168.100.121 to hash on device mlx5_0 port 1 index 12)
[1754457905.627000] [idcgpu01:3394561:0]             sys.c:440  UCX  DEBUG failed to read from /sys/class/infiniband/mlx5_0/ports/1/gid_attrs/types/13: Invalid argument
[1754457905.627004] [idcgpu01:3394561:0]        ud_iface.c:380  UCX  DEBUG iface 0x5555561d2430: adding gid ::ffff:192.168.100.121 to hash on device mlx5_0 port 1 index 13)
[1754457905.627018] [idcgpu01:3394561:0]             sys.c:440  UCX  DEBUG failed to read from /sys/class/infiniband/mlx5_0/ports/1/gid_attrs/types/14: Invalid argument
[1754457905.627022] [idcgpu01:3394561:0]        ud_iface.c:380  UCX  DEBUG iface 0x5555561d2430: adding gid fe80::a442:9fff:fe94:aca to hash on device mlx5_0 port 1 index 14)
[1754457905.627037] [idcgpu01:3394561:0]             sys.c:440  UCX  DEBUG failed to read from /sys/class/infiniband/mlx5_0/ports/1/gid_attrs/types/15: Invalid argument
[1754457905.627041] [idcgpu01:3394561:0]        ud_iface.c:380  UCX  DEBUG iface 0x5555561d2430: adding gid fe80::a442:9fff:fe94:aca to hash on device mlx5_0 port 1 index 15)
[1754457905.627056] [idcgpu01:3394561:0]             sys.c:440  UCX  DEBUG failed to read from /sys/class/infiniband/mlx5_0/ports/1/gid_attrs/types/16: Invalid argument
[1754457905.627060] [idcgpu01:3394561:0]        ud_iface.c:380  UCX  DEBUG iface 0x5555561d2430: adding gid ::ffff:192.168.100.106 to hash on device mlx5_0 port 1 index 16)
[1754457905.627074] [idcgpu01:3394561:0]             sys.c:440  UCX  DEBUG failed to read from /sys/class/infiniband/mlx5_0/ports/1/gid_attrs/types/17: Invalid argument
[1754457905.627078] [idcgpu01:3394561:0]        ud_iface.c:380  UCX  DEBUG iface 0x5555561d2430: adding gid ::ffff:192.168.100.106 to hash on device mlx5_0 port 1 index 17)
[1754457905.627092] [idcgpu01:3394561:0]             sys.c:440  UCX  DEBUG failed to read from /sys/class/infiniband/mlx5_0/ports/1/gid_attrs/types/18: Invalid argument
[1754457905.627096] [idcgpu01:3394561:0]        ud_iface.c:380  UCX  DEBUG iface 0x5555561d2430: adding gid fe80::d8e6:3ff:fefd:e43f to hash on device mlx5_0 port 1 index 18)
[1754457905.627112] [idcgpu01:3394561:0]             sys.c:440  UCX  DEBUG failed to read from /sys/class/infiniband/mlx5_0/ports/1/gid_attrs/types/19: Invalid argument
[1754457905.627116] [idcgpu01:3394561:0]        ud_iface.c:380  UCX  DEBUG iface 0x5555561d2430: adding gid fe80::d8e6:3ff:fefd:e43f to hash on device mlx5_0 port 1 index 19)
[1754457905.627131] [idcgpu01:3394561:0]             sys.c:440  UCX  DEBUG failed to read from /sys/class/infiniband/mlx5_0/ports/1/gid_attrs/types/20: Invalid argument
[1754457905.627134] [idcgpu01:3394561:0]        ud_iface.c:380  UCX  DEBUG iface 0x5555561d2430: adding gid ::ffff:192.168.100.93 to hash on device mlx5_0 port 1 index 20)
[1754457905.627152] [idcgpu01:3394561:0]             sys.c:440  UCX  DEBUG failed to read from /sys/class/infiniband/mlx5_0/ports/1/gid_attrs/types/21: Invalid argument
[1754457905.627156] [idcgpu01:3394561:0]        ud_iface.c:380  UCX  DEBUG iface 0x5555561d2430: adding gid ::ffff:192.168.100.93 to hash on device mlx5_0 port 1 index 21)
[1754457905.627170] [idcgpu01:3394561:0]             sys.c:440  UCX  DEBUG failed to read from /sys/class/infiniband/mlx5_0/ports/1/gid_attrs/types/22: Invalid argument
[1754457905.627173] [idcgpu01:3394561:0]        ud_iface.c:380  UCX  DEBUG iface 0x5555561d2430: adding gid ::ffff:192.168.100.81 to hash on device mlx5_0 port 1 index 22)
[1754457905.627187] [idcgpu01:3394561:0]             sys.c:440  UCX  DEBUG failed to read from /sys/class/infiniband/mlx5_0/ports/1/gid_attrs/types/23: Invalid argument
[1754457905.627191] [idcgpu01:3394561:0]        ud_iface.c:380  UCX  DEBUG iface 0x5555561d2430: adding gid ::ffff:192.168.100.81 to hash on device mlx5_0 port 1 index 23)
[1754457905.627207] [idcgpu01:3394561:0]             sys.c:440  UCX  DEBUG failed to read from /sys/class/infiniband/mlx5_0/ports/1/gid_attrs/types/24: Invalid argument
[1754457905.627211] [idcgpu01:3394561:0]        ud_iface.c:380  UCX  DEBUG iface 0x5555561d2430: adding gid ::ffff:192.168.100.133 to hash on device mlx5_0 port 1 index 24)
[1754457905.627226] [idcgpu01:3394561:0]             sys.c:440  UCX  DEBUG failed to read from /sys/class/infiniband/mlx5_0/ports/1/gid_attrs/types/25: Invalid argument
[1754457905.627230] [idcgpu01:3394561:0]        ud_iface.c:380  UCX  DEBUG iface 0x5555561d2430: adding gid ::ffff:192.168.100.133 to hash on device mlx5_0 port 1 index 25)
[1754457905.627244] [idcgpu01:3394561:0]             sys.c:440  UCX  DEBUG failed to read from /sys/class/infiniband/mlx5_0/ports/1/gid_attrs/types/26: Invalid argument
[1754457905.627247] [idcgpu01:3394561:0]        ud_iface.c:380  UCX  DEBUG iface 0x5555561d2430: adding gid fe80::e4e2:adff:fefb:4558 to hash on device mlx5_0 port 1 index 26)
[1754457905.627261] [idcgpu01:3394561:0]             sys.c:440  UCX  DEBUG failed to read from /sys/class/infiniband/mlx5_0/ports/1/gid_attrs/types/27: Invalid argument
[1754457905.627265] [idcgpu01:3394561:0]        ud_iface.c:380  UCX  DEBUG iface 0x5555561d2430: adding gid fe80::e4e2:adff:fefb:4558 to hash on device mlx5_0 port 1 index 27)
[1754457905.627278] [idcgpu01:3394561:0]             sys.c:440  UCX  DEBUG failed to read from /sys/class/infiniband/mlx5_0/ports/1/gid_attrs/types/28: Invalid argument
[1754457905.627282] [idcgpu01:3394561:0]        ud_iface.c:380  UCX  DEBUG iface 0x5555561d2430: adding gid fe80::6cfe:cdff:feee:9e5e to hash on device mlx5_0 port 1 index 28)
[1754457905.627297] [idcgpu01:3394561:0]             sys.c:440  UCX  DEBUG failed to read from /sys/class/infiniband/mlx5_0/ports/1/gid_attrs/types/29: Invalid argument
[1754457905.627301] [idcgpu01:3394561:0]        ud_iface.c:380  UCX  DEBUG iface 0x5555561d2430: adding gid fe80::6cfe:cdff:feee:9e5e to hash on device mlx5_0 port 1 index 29)
[1754457905.627314] [idcgpu01:3394561:0]             sys.c:440  UCX  DEBUG failed to read from /sys/class/infiniband/mlx5_0/ports/1/gid_attrs/types/30: Invalid argument
[1754457905.627318] [idcgpu01:3394561:0]        ud_iface.c:380  UCX  DEBUG iface 0x5555561d2430: adding gid ::ffff:192.168.100.134 to hash on device mlx5_0 port 1 index 30)
[1754457905.627329] [idcgpu01:3394561:0]             sys.c:440  UCX  DEBUG failed to read from /sys/class/infiniband/mlx5_0/ports/1/gid_attrs/types/31: Invalid argument
[1754457905.627333] [idcgpu01:3394561:0]        ud_iface.c:380  UCX  DEBUG iface 0x5555561d2430: adding gid ::ffff:192.168.100.134 to hash on device mlx5_0 port 1 index 31)
[1754457905.627345] [idcgpu01:3394561:0]             sys.c:440  UCX  DEBUG failed to read from /sys/class/infiniband/mlx5_0/ports/1/gid_attrs/types/32: Invalid argument
[1754457905.627348] [idcgpu01:3394561:0]        ud_iface.c:380  UCX  DEBUG iface 0x5555561d2430: adding gid fe80::98b5:abff:fe02:6819 to hash on device mlx5_0 port 1 index 32)
[1754457905.627366] [idcgpu01:3394561:0]             sys.c:440  UCX  DEBUG failed to read from /sys/class/infiniband/mlx5_0/ports/1/gid_attrs/types/33: Invalid argument
[1754457905.627370] [idcgpu01:3394561:0]        ud_iface.c:380  UCX  DEBUG iface 0x5555561d2430: adding gid fe80::98b5:abff:fe02:6819 to hash on device mlx5_0 port 1 index 33)
[1754457905.627382] [idcgpu01:3394561:0]             sys.c:440  UCX  DEBUG failed to read from /sys/class/infiniband/mlx5_0/ports/1/gid_attrs/types/34: Invalid argument
[1754457905.627386] [idcgpu01:3394561:0]        ud_iface.c:380  UCX  DEBUG iface 0x5555561d2430: adding gid ::ffff:192.168.100.87 to hash on device mlx5_0 port 1 index 34)
[1754457905.627398] [idcgpu01:3394561:0]             sys.c:440  UCX  DEBUG failed to read from /sys/class/infiniband/mlx5_0/ports/1/gid_attrs/types/35: Invalid argument
[1754457905.627402] [idcgpu01:3394561:0]        ud_iface.c:380  UCX  DEBUG iface 0x5555561d2430: adding gid ::ffff:192.168.100.87 to hash on device mlx5_0 port 1 index 35)
[1754457905.627413] [idcgpu01:3394561:0]             sys.c:440  UCX  DEBUG failed to read from /sys/class/infiniband/mlx5_0/ports/1/gid_attrs/types/36: Invalid argument
[1754457905.627417] [idcgpu01:3394561:0]        ud_iface.c:380  UCX  DEBUG iface 0x5555561d2430: adding gid fe80::2838:cfff:fef1:39de to hash on device mlx5_0 port 1 index 36)
[1754457905.627429] [idcgpu01:3394561:0]             sys.c:440  UCX  DEBUG failed to read from /sys/class/infiniband/mlx5_0/ports/1/gid_attrs/types/37: Invalid argument
[1754457905.627444] [idcgpu01:3394561:0]        ud_iface.c:380  UCX  DEBUG iface 0x5555561d2430: adding gid fe80::2838:cfff:fef1:39de to hash on device mlx5_0 port 1 index 37)
[1754457905.627457] [idcgpu01:3394561:0]             sys.c:440  UCX  DEBUG failed to read from /sys/class/infiniband/mlx5_0/ports/1/gid_attrs/types/38: Invalid argument
[1754457905.627461] [idcgpu01:3394561:0]        ud_iface.c:380  UCX  DEBUG iface 0x5555561d2430: adding gid ::ffff:192.168.100.22 to hash on device mlx5_0 port 1 index 38)
[1754457905.627473] [idcgpu01:3394561:0]             sys.c:440  UCX  DEBUG failed to read from /sys/class/infiniband/mlx5_0/ports/1/gid_attrs/types/39: Invalid argument
[1754457905.627477] [idcgpu01:3394561:0]        ud_iface.c:380  UCX  DEBUG iface 0x5555561d2430: adding gid ::ffff:192.168.100.22 to hash on device mlx5_0 port 1 index 39)
[1754457905.627490] [idcgpu01:3394561:0]             sys.c:440  UCX  DEBUG failed to read from /sys/class/infiniband/mlx5_0/ports/1/gid_attrs/types/40: Invalid argument
[1754457905.627493] [idcgpu01:3394561:0]        ud_iface.c:380  UCX  DEBUG iface 0x5555561d2430: adding gid ::ffff:192.168.100.137 to hash on device mlx5_0 port 1 index 40)
[1754457905.627505] [idcgpu01:3394561:0]             sys.c:440  UCX  DEBUG failed to read from /sys/class/infiniband/mlx5_0/ports/1/gid_attrs/types/41: Invalid argument
[1754457905.627509] [idcgpu01:3394561:0]        ud_iface.c:380  UCX  DEBUG iface 0x5555561d2430: adding gid ::ffff:192.168.100.137 to hash on device mlx5_0 port 1 index 41)
[1754457905.627523] [idcgpu01:3394561:0]             sys.c:440  UCX  DEBUG failed to read from /sys/class/infiniband/mlx5_0/ports/1/gid_attrs/types/42: Invalid argument
[1754457905.627527] [idcgpu01:3394561:0]        ud_iface.c:380  UCX  DEBUG iface 0x5555561d2430: adding gid fe80::48ad:81ff:fe90:227c to hash on device mlx5_0 port 1 index 42)
[1754457905.627539] [idcgpu01:3394561:0]             sys.c:440  UCX  DEBUG failed to read from /sys/class/infiniband/mlx5_0/ports/1/gid_attrs/types/43: Invalid argument
[1754457905.627543] [idcgpu01:3394561:0]        ud_iface.c:380  UCX  DEBUG iface 0x5555561d2430: adding gid fe80::48ad:81ff:fe90:227c to hash on device mlx5_0 port 1 index 43)
[1754457905.627555] [idcgpu01:3394561:0]             sys.c:440  UCX  DEBUG failed to read from /sys/class/infiniband/mlx5_0/ports/1/gid_attrs/types/44: Invalid argument
[1754457905.627559] [idcgpu01:3394561:0]        ud_iface.c:380  UCX  DEBUG iface 0x5555561d2430: adding gid fe80::459:7eff:fe19:b132 to hash on device mlx5_0 port 1 index 44)
[1754457905.627585] [idcgpu01:3394561:0]             sys.c:440  UCX  DEBUG failed to read from /sys/class/infiniband/mlx5_0/ports/1/gid_attrs/types/45: Invalid argument
[1754457905.627589] [idcgpu01:3394561:0]        ud_iface.c:380  UCX  DEBUG iface 0x5555561d2430: adding gid fe80::459:7eff:fe19:b132 to hash on device mlx5_0 port 1 index 45)
[1754457905.627601] [idcgpu01:3394561:0]             sys.c:440  UCX  DEBUG failed to read from /sys/class/infiniband/mlx5_0/ports/1/gid_attrs/types/46: Invalid argument
[1754457905.627616] [idcgpu01:3394561:0]             sys.c:440  UCX  DEBUG failed to read from /sys/class/infiniband/mlx5_0/ports/1/gid_attrs/types/47: Invalid argument
[1754457905.627634] [idcgpu01:3394561:0]             sys.c:440  UCX  DEBUG failed to read from /sys/class/infiniband/mlx5_0/ports/1/gid_attrs/types/48: Invalid argument
[1754457905.627638] [idcgpu01:3394561:0]        ud_iface.c:380  UCX  DEBUG iface 0x5555561d2430: adding gid ::ffff:192.168.100.144 to hash on device mlx5_0 port 1 index 48)
[1754457905.627653] [idcgpu01:3394561:0]             sys.c:440  UCX  DEBUG failed to read from /sys/class/infiniband/mlx5_0/ports/1/gid_attrs/types/49: Invalid argument
[1754457905.627657] [idcgpu01:3394561:0]        ud_iface.c:380  UCX  DEBUG iface 0x5555561d2430: adding gid ::ffff:192.168.100.144 to hash on device mlx5_0 port 1 index 49)
[1754457905.627671] [idcgpu01:3394561:0]             sys.c:440  UCX  DEBUG failed to read from /sys/class/infiniband/mlx5_0/ports/1/gid_attrs/types/50: Invalid argument
[1754457905.627675] [idcgpu01:3394561:0]        ud_iface.c:380  UCX  DEBUG iface 0x5555561d2430: adding gid fe80::a4df:28ff:fe23:d4a to hash on device mlx5_0 port 1 index 50)
[1754457905.627687] [idcgpu01:3394561:0]             sys.c:440  UCX  DEBUG failed to read from /sys/class/infiniband/mlx5_0/ports/1/gid_attrs/types/51: Invalid argument
[1754457905.627691] [idcgpu01:3394561:0]        ud_iface.c:380  UCX  DEBUG iface 0x5555561d2430: adding gid fe80::a4df:28ff:fe23:d4a to hash on device mlx5_0 port 1 index 51)
[1754457905.627707] [idcgpu01:3394561:0]             sys.c:440  UCX  DEBUG failed to read from /sys/class/infiniband/mlx5_0/ports/1/gid_attrs/types/52: Invalid argument
[1754457905.627711] [idcgpu01:3394561:0]        ud_iface.c:380  UCX  DEBUG iface 0x5555561d2430: adding gid ::ffff:192.168.100.148 to hash on device mlx5_0 port 1 index 52)
[1754457905.627724] [idcgpu01:3394561:0]             sys.c:440  UCX  DEBUG failed to read from /sys/class/infiniband/mlx5_0/ports/1/gid_attrs/types/53: Invalid argument
[1754457905.627728] [idcgpu01:3394561:0]        ud_iface.c:380  UCX  DEBUG iface 0x5555561d2430: adding gid ::ffff:192.168.100.148 to hash on device mlx5_0 port 1 index 53)
[1754457905.627740] [idcgpu01:3394561:0]             sys.c:440  UCX  DEBUG failed to read from /sys/class/infiniband/mlx5_0/ports/1/gid_attrs/types/54: Invalid argument
[1754457905.627744] [idcgpu01:3394561:0]        ud_iface.c:380  UCX  DEBUG iface 0x5555561d2430: adding gid fe80::3c46:3bff:fee7:22ce to hash on device mlx5_0 port 1 index 54)
[1754457905.627755] [idcgpu01:3394561:0]             sys.c:440  UCX  DEBUG failed to read from /sys/class/infiniband/mlx5_0/ports/1/gid_attrs/types/55: Invalid argument
[1754457905.627759] [idcgpu01:3394561:0]        ud_iface.c:380  UCX  DEBUG iface 0x5555561d2430: adding gid fe80::3c46:3bff:fee7:22ce to hash on device mlx5_0 port 1 index 55)
[1754457905.627771] [idcgpu01:3394561:0]             sys.c:440  UCX  DEBUG failed to read from /sys/class/infiniband/mlx5_0/ports/1/gid_attrs/types/56: Invalid argument
[1754457905.627774] [idcgpu01:3394561:0]        ud_iface.c:380  UCX  DEBUG iface 0x5555561d2430: adding gid ::ffff:192.168.100.153 to hash on device mlx5_0 port 1 index 56)
[1754457905.627786] [idcgpu01:3394561:0]             sys.c:440  UCX  DEBUG failed to read from /sys/class/infiniband/mlx5_0/ports/1/gid_attrs/types/57: Invalid argument
[1754457905.627790] [idcgpu01:3394561:0]        ud_iface.c:380  UCX  DEBUG iface 0x5555561d2430: adding gid ::ffff:192.168.100.153 to hash on device mlx5_0 port 1 index 57)
[1754457905.627808] [idcgpu01:3394561:0]             sys.c:440  UCX  DEBUG failed to read from /sys/class/infiniband/mlx5_0/ports/1/gid_attrs/types/58: Invalid argument
[1754457905.627812] [idcgpu01:3394561:0]        ud_iface.c:380  UCX  DEBUG iface 0x5555561d2430: adding gid fe80::344d:3bff:feda:1d74 to hash on device mlx5_0 port 1 index 58)
[1754457905.627824] [idcgpu01:3394561:0]             sys.c:440  UCX  DEBUG failed to read from /sys/class/infiniband/mlx5_0/ports/1/gid_attrs/types/59: Invalid argument
[1754457905.627828] [idcgpu01:3394561:0]        ud_iface.c:380  UCX  DEBUG iface 0x5555561d2430: adding gid fe80::344d:3bff:feda:1d74 to hash on device mlx5_0 port 1 index 59)
[1754457905.627840] [idcgpu01:3394561:0]             sys.c:440  UCX  DEBUG failed to read from /sys/class/infiniband/mlx5_0/ports/1/gid_attrs/types/60: Invalid argument
[1754457905.627843] [idcgpu01:3394561:0]        ud_iface.c:380  UCX  DEBUG iface 0x5555561d2430: adding gid fe80::205a:58ff:fea2:9977 to hash on device mlx5_0 port 1 index 60)
[1754457905.627855] [idcgpu01:3394561:0]             sys.c:440  UCX  DEBUG failed to read from /sys/class/infiniband/mlx5_0/ports/1/gid_attrs/types/61: Invalid argument
[1754457905.627859] [idcgpu01:3394561:0]        ud_iface.c:380  UCX  DEBUG iface 0x5555561d2430: adding gid fe80::205a:58ff:fea2:9977 to hash on device mlx5_0 port 1 index 61)
[1754457905.627870] [idcgpu01:3394561:0]             sys.c:440  UCX  DEBUG failed to read from /sys/class/infiniband/mlx5_0/ports/1/gid_attrs/types/62: Invalid argument
[1754457905.627883] [idcgpu01:3394561:0]             sys.c:440  UCX  DEBUG failed to read from /sys/class/infiniband/mlx5_0/ports/1/gid_attrs/types/63: Invalid argument
[1754457905.627896] [idcgpu01:3394561:0]             sys.c:440  UCX  DEBUG failed to read from /sys/class/infiniband/mlx5_0/ports/1/gid_attrs/types/64: Invalid argument
[1754457905.627909] [idcgpu01:3394561:0]             sys.c:440  UCX  DEBUG failed to read from /sys/class/infiniband/mlx5_0/ports/1/gid_attrs/types/65: Invalid argument
[1754457905.627921] [idcgpu01:3394561:0]             sys.c:440  UCX  DEBUG failed to read from /sys/class/infiniband/mlx5_0/ports/1/gid_attrs/types/66: Invalid argument
[1754457905.627933] [idcgpu01:3394561:0]             sys.c:440  UCX  DEBUG failed to read from /sys/class/infiniband/mlx5_0/ports/1/gid_attrs/types/67: Invalid argument
[1754457905.627945] [idcgpu01:3394561:0]             sys.c:440  UCX  DEBUG failed to read from /sys/class/infiniband/mlx5_0/ports/1/gid_attrs/types/68: Invalid argument
[1754457905.627957] [idcgpu01:3394561:0]             sys.c:440  UCX  DEBUG failed to read from /sys/class/infiniband/mlx5_0/ports/1/gid_attrs/types/69: Invalid argument
[1754457905.627969] [idcgpu01:3394561:0]             sys.c:440  UCX  DEBUG failed to read from /sys/class/infiniband/mlx5_0/ports/1/gid_attrs/types/70: Invalid argument
[1754457905.627982] [idcgpu01:3394561:0]             sys.c:440  UCX  DEBUG failed to read from /sys/class/infiniband/mlx5_0/ports/1/gid_attrs/types/71: Invalid argument
[1754457905.627995] [idcgpu01:3394561:0]             sys.c:440  UCX  DEBUG failed to read from /sys/class/infiniband/mlx5_0/ports/1/gid_attrs/types/72: Invalid argument
[1754457905.628007] [idcgpu01:3394561:0]             sys.c:440  UCX  DEBUG failed to read from /sys/class/infiniband/mlx5_0/ports/1/gid_attrs/types/73: Invalid argument
[1754457905.628020] [idcgpu01:3394561:0]             sys.c:440  UCX  DEBUG failed to read from /sys/class/infiniband/mlx5_0/ports/1/gid_attrs/types/74: Invalid argument
[1754457905.628033] [idcgpu01:3394561:0]             sys.c:440  UCX  DEBUG failed to read from /sys/class/infiniband/mlx5_0/ports/1/gid_attrs/types/75: Invalid argument
[1754457905.628045] [idcgpu01:3394561:0]             sys.c:440  UCX  DEBUG failed to read from /sys/class/infiniband/mlx5_0/ports/1/gid_attrs/types/76: Invalid argument
[1754457905.628058] [idcgpu01:3394561:0]             sys.c:440  UCX  DEBUG failed to read from /sys/class/infiniband/mlx5_0/ports/1/gid_attrs/types/77: Invalid argument
[1754457905.628076] [idcgpu01:3394561:0]             sys.c:440  UCX  DEBUG failed to read from /sys/class/infiniband/mlx5_0/ports/1/gid_attrs/types/78: Invalid argument
[1754457905.628088] [idcgpu01:3394561:0]             sys.c:440  UCX  DEBUG failed to read from /sys/class/infiniband/mlx5_0/ports/1/gid_attrs/types/79: Invalid argument
[1754457905.628100] [idcgpu01:3394561:0]             sys.c:440  UCX  DEBUG failed to read from /sys/class/infiniband/mlx5_0/ports/1/gid_attrs/types/80: Invalid argument
[1754457905.628113] [idcgpu01:3394561:0]             sys.c:440  UCX  DEBUG failed to read from /sys/class/infiniband/mlx5_0/ports/1/gid_attrs/types/81: Invalid argument
[1754457905.628127] [idcgpu01:3394561:0]             sys.c:440  UCX  DEBUG failed to read from /sys/class/infiniband/mlx5_0/ports/1/gid_attrs/types/82: Invalid argument
[1754457905.628139] [idcgpu01:3394561:0]             sys.c:440  UCX  DEBUG failed to read from /sys/class/infiniband/mlx5_0/ports/1/gid_attrs/types/83: Invalid argument
[1754457905.628153] [idcgpu01:3394561:0]             sys.c:440  UCX  DEBUG failed to read from /sys/class/infiniband/mlx5_0/ports/1/gid_attrs/types/84: Invalid argument
[1754457905.628165] [idcgpu01:3394561:0]             sys.c:440  UCX  DEBUG failed to read from /sys/class/infiniband/mlx5_0/ports/1/gid_attrs/types/85: Invalid argument
[1754457905.628178] [idcgpu01:3394561:0]             sys.c:440  UCX  DEBUG failed to read from /sys/class/infiniband/mlx5_0/ports/1/gid_attrs/types/86: Invalid argument
[1754457905.628190] [idcgpu01:3394561:0]             sys.c:440  UCX  DEBUG failed to read from /sys/class/infiniband/mlx5_0/ports/1/gid_attrs/types/87: Invalid argument
[1754457905.628203] [idcgpu01:3394561:0]             sys.c:440  UCX  DEBUG failed to read from /sys/class/infiniband/mlx5_0/ports/1/gid_attrs/types/88: Invalid argument
[1754457905.628218] [idcgpu01:3394561:0]             sys.c:440  UCX  DEBUG failed to read from /sys/class/infiniband/mlx5_0/ports/1/gid_attrs/types/89: Invalid argument
[1754457905.628234] [idcgpu01:3394561:0]             sys.c:440  UCX  DEBUG failed to read from /sys/class/infiniband/mlx5_0/ports/1/gid_attrs/types/90: Invalid argument
[1754457905.628250] [idcgpu01:3394561:0]             sys.c:440  UCX  DEBUG failed to read from /sys/class/infiniband/mlx5_0/ports/1/gid_attrs/types/91: Invalid argument
[1754457905.628266] [idcgpu01:3394561:0]             sys.c:440  UCX  DEBUG failed to read from /sys/class/infiniband/mlx5_0/ports/1/gid_attrs/types/92: Invalid argument
[1754457905.628282] [idcgpu01:3394561:0]             sys.c:440  UCX  DEBUG failed to read from /sys/class/infiniband/mlx5_0/ports/1/gid_attrs/types/93: Invalid argument
[1754457905.628298] [idcgpu01:3394561:0]             sys.c:440  UCX  DEBUG failed to read from /sys/class/infiniband/mlx5_0/ports/1/gid_attrs/types/94: Invalid argument
[1754457905.628314] [idcgpu01:3394561:0]             sys.c:440  UCX  DEBUG failed to read from /sys/class/infiniband/mlx5_0/ports/1/gid_attrs/types/95: Invalid argument
[1754457905.628327] [idcgpu01:3394561:0]             sys.c:440  UCX  DEBUG failed to read from /sys/class/infiniband/mlx5_0/ports/1/gid_attrs/types/96: Invalid argument
[1754457905.628339] [idcgpu01:3394561:0]             sys.c:440  UCX  DEBUG failed to read from /sys/class/infiniband/mlx5_0/ports/1/gid_attrs/types/97: Invalid argument
[1754457905.628351] [idcgpu01:3394561:0]             sys.c:440  UCX  DEBUG failed to read from /sys/class/infiniband/mlx5_0/ports/1/gid_attrs/types/98: Invalid argument
[1754457905.628363] [idcgpu01:3394561:0]             sys.c:440  UCX  DEBUG failed to read from /sys/class/infiniband/mlx5_0/ports/1/gid_attrs/types/99: Invalid argument
[1754457905.628400] [idcgpu01:3394561:0]             sys.c:440  UCX  DEBUG failed to read from /sys/class/infiniband/mlx5_0/ports/1/gid_attrs/types/100: Invalid argument
[1754457905.628418] [idcgpu01:3394561:0]             sys.c:440  UCX  DEBUG failed to read from /sys/class/infiniband/mlx5_0/ports/1/gid_attrs/types/101: Invalid argument
[1754457905.628450] [idcgpu01:3394561:0]             sys.c:440  UCX  DEBUG failed to read from /sys/class/infiniband/mlx5_0/ports/1/gid_attrs/types/102: Invalid argument
[1754457905.628464] [idcgpu01:3394561:0]             sys.c:440  UCX  DEBUG failed to read from /sys/class/infiniband/mlx5_0/ports/1/gid_attrs/types/103: Invalid argument
[1754457905.628477] [idcgpu01:3394561:0]             sys.c:440  UCX  DEBUG failed to read from /sys/class/infiniband/mlx5_0/ports/1/gid_attrs/types/104: Invalid argument
[1754457905.628489] [idcgpu01:3394561:0]             sys.c:440  UCX  DEBUG failed to read from /sys/class/infiniband/mlx5_0/ports/1/gid_attrs/types/105: Invalid argument
[1754457905.628501] [idcgpu01:3394561:0]             sys.c:440  UCX  DEBUG failed to read from /sys/class/infiniband/mlx5_0/ports/1/gid_attrs/types/106: Invalid argument
[1754457905.628514] [idcgpu01:3394561:0]             sys.c:440  UCX  DEBUG failed to read from /sys/class/infiniband/mlx5_0/ports/1/gid_attrs/types/107: Invalid argument
[1754457905.628526] [idcgpu01:3394561:0]             sys.c:440  UCX  DEBUG failed to read from /sys/class/infiniband/mlx5_0/ports/1/gid_attrs/types/108: Invalid argument
[1754457905.628538] [idcgpu01:3394561:0]             sys.c:440  UCX  DEBUG failed to read from /sys/class/infiniband/mlx5_0/ports/1/gid_attrs/types/109: Invalid argument
[1754457905.628551] [idcgpu01:3394561:0]             sys.c:440  UCX  DEBUG failed to read from /sys/class/infiniband/mlx5_0/ports/1/gid_attrs/types/110: Invalid argument
[1754457905.628563] [idcgpu01:3394561:0]             sys.c:440  UCX  DEBUG failed to read from /sys/class/infiniband/mlx5_0/ports/1/gid_attrs/types/111: Invalid argument
[1754457905.628576] [idcgpu01:3394561:0]             sys.c:440  UCX  DEBUG failed to read from /sys/class/infiniband/mlx5_0/ports/1/gid_attrs/types/112: Invalid argument
[1754457905.628587] [idcgpu01:3394561:0]             sys.c:440  UCX  DEBUG failed to read from /sys/class/infiniband/mlx5_0/ports/1/gid_attrs/types/113: Invalid argument
[1754457905.628601] [idcgpu01:3394561:0]             sys.c:440  UCX  DEBUG failed to read from /sys/class/infiniband/mlx5_0/ports/1/gid_attrs/types/114: Invalid argument
[1754457905.628613] [idcgpu01:3394561:0]             sys.c:440  UCX  DEBUG failed to read from /sys/class/infiniband/mlx5_0/ports/1/gid_attrs/types/115: Invalid argument
[1754457905.628626] [idcgpu01:3394561:0]             sys.c:440  UCX  DEBUG failed to read from /sys/class/infiniband/mlx5_0/ports/1/gid_attrs/types/116: Invalid argument
[1754457905.628637] [idcgpu01:3394561:0]             sys.c:440  UCX  DEBUG failed to read from /sys/class/infiniband/mlx5_0/ports/1/gid_attrs/types/117: Invalid argument
[1754457905.628648] [idcgpu01:3394561:0]             sys.c:440  UCX  DEBUG failed to read from /sys/class/infiniband/mlx5_0/ports/1/gid_attrs/types/118: Invalid argument
[1754457905.628660] [idcgpu01:3394561:0]             sys.c:440  UCX  DEBUG failed to read from /sys/class/infiniband/mlx5_0/ports/1/gid_attrs/types/119: Invalid argument
[1754457905.628672] [idcgpu01:3394561:0]             sys.c:440  UCX  DEBUG failed to read from /sys/class/infiniband/mlx5_0/ports/1/gid_attrs/types/120: Invalid argument
[1754457905.628684] [idcgpu01:3394561:0]             sys.c:440  UCX  DEBUG failed to read from /sys/class/infiniband/mlx5_0/ports/1/gid_attrs/types/121: Invalid argument
[1754457905.628695] [idcgpu01:3394561:0]             sys.c:440  UCX  DEBUG failed to read from /sys/class/infiniband/mlx5_0/ports/1/gid_attrs/types/122: Invalid argument
[1754457905.628707] [idcgpu01:3394561:0]             sys.c:440  UCX  DEBUG failed to read from /sys/class/infiniband/mlx5_0/ports/1/gid_attrs/types/123: Invalid argument
[1754457905.628719] [idcgpu01:3394561:0]             sys.c:440  UCX  DEBUG failed to read from /sys/class/infiniband/mlx5_0/ports/1/gid_attrs/types/124: Invalid argument
[1754457905.628731] [idcgpu01:3394561:0]             sys.c:440  UCX  DEBUG failed to read from /sys/class/infiniband/mlx5_0/ports/1/gid_attrs/types/125: Invalid argument
[1754457905.628758] [idcgpu01:3394561:0]             sys.c:440  UCX  DEBUG failed to read from /sys/class/infiniband/mlx5_0/ports/1/gid_attrs/types/126: Invalid argument
[1754457905.628770] [idcgpu01:3394561:0]             sys.c:440  UCX  DEBUG failed to read from /sys/class/infiniband/mlx5_0/ports/1/gid_attrs/types/127: Invalid argument
[1754457905.628783] [idcgpu01:3394561:0]             sys.c:440  UCX  DEBUG failed to read from /sys/class/infiniband/mlx5_0/ports/1/gid_attrs/types/128: Invalid argument
[1754457905.628795] [idcgpu01:3394561:0]             sys.c:440  UCX  DEBUG failed to read from /sys/class/infiniband/mlx5_0/ports/1/gid_attrs/types/129: Invalid argument
[1754457905.628807] [idcgpu01:3394561:0]             sys.c:440  UCX  DEBUG failed to read from /sys/class/infiniband/mlx5_0/ports/1/gid_attrs/types/130: Invalid argument
[1754457905.628822] [idcgpu01:3394561:0]             sys.c:440  UCX  DEBUG failed to read from /sys/class/infiniband/mlx5_0/ports/1/gid_attrs/types/131: Invalid argument
[1754457905.628835] [idcgpu01:3394561:0]             sys.c:440  UCX  DEBUG failed to read from /sys/class/infiniband/mlx5_0/ports/1/gid_attrs/types/132: Invalid argument
[1754457905.628848] [idcgpu01:3394561:0]             sys.c:440  UCX  DEBUG failed to read from /sys/class/infiniband/mlx5_0/ports/1/gid_attrs/types/133: Invalid argument
[1754457905.628860] [idcgpu01:3394561:0]             sys.c:440  UCX  DEBUG failed to read from /sys/class/infiniband/mlx5_0/ports/1/gid_attrs/types/134: Invalid argument
[1754457905.628872] [idcgpu01:3394561:0]             sys.c:440  UCX  DEBUG failed to read from /sys/class/infiniband/mlx5_0/ports/1/gid_attrs/types/135: Invalid argument
[1754457905.628885] [idcgpu01:3394561:0]             sys.c:440  UCX  DEBUG failed to read from /sys/class/infiniband/mlx5_0/ports/1/gid_attrs/types/136: Invalid argument
[1754457905.628898] [idcgpu01:3394561:0]             sys.c:440  UCX  DEBUG failed to read from /sys/class/infiniband/mlx5_0/ports/1/gid_attrs/types/137: Invalid argument
[1754457905.628910] [idcgpu01:3394561:0]             sys.c:440  UCX  DEBUG failed to read from /sys/class/infiniband/mlx5_0/ports/1/gid_attrs/types/138: Invalid argument
[1754457905.628923] [idcgpu01:3394561:0]             sys.c:440  UCX  DEBUG failed to read from /sys/class/infiniband/mlx5_0/ports/1/gid_attrs/types/139: Invalid argument
[1754457905.628936] [idcgpu01:3394561:0]             sys.c:440  UCX  DEBUG failed to read from /sys/class/infiniband/mlx5_0/ports/1/gid_attrs/types/140: Invalid argument
[1754457905.628949] [idcgpu01:3394561:0]             sys.c:440  UCX  DEBUG failed to read from /sys/class/infiniband/mlx5_0/ports/1/gid_attrs/types/141: Invalid argument
[1754457905.628964] [idcgpu01:3394561:0]             sys.c:440  UCX  DEBUG failed to read from /sys/class/infiniband/mlx5_0/ports/1/gid_attrs/types/142: Invalid argument
[1754457905.628976] [idcgpu01:3394561:0]             sys.c:440  UCX  DEBUG failed to read from /sys/class/infiniband/mlx5_0/ports/1/gid_attrs/types/143: Invalid argument
[1754457905.628989] [idcgpu01:3394561:0]             sys.c:440  UCX  DEBUG failed to read from /sys/class/infiniband/mlx5_0/ports/1/gid_attrs/types/144: Invalid argument
[1754457905.629001] [idcgpu01:3394561:0]             sys.c:440  UCX  DEBUG failed to read from /sys/class/infiniband/mlx5_0/ports/1/gid_attrs/types/145: Invalid argument
[1754457905.629014] [idcgpu01:3394561:0]             sys.c:440  UCX  DEBUG failed to read from /sys/class/infiniband/mlx5_0/ports/1/gid_attrs/types/146: Invalid argument
[1754457905.629027] [idcgpu01:3394561:0]             sys.c:440  UCX  DEBUG failed to read from /sys/class/infiniband/mlx5_0/ports/1/gid_attrs/types/147: Invalid argument
[1754457905.629039] [idcgpu01:3394561:0]             sys.c:440  UCX  DEBUG failed to read from /sys/class/infiniband/mlx5_0/ports/1/gid_attrs/types/148: Invalid argument
[1754457905.629052] [idcgpu01:3394561:0]             sys.c:440  UCX  DEBUG failed to read from /sys/class/infiniband/mlx5_0/ports/1/gid_attrs/types/149: Invalid argument
[1754457905.629070] [idcgpu01:3394561:0]             sys.c:440  UCX  DEBUG failed to read from /sys/class/infiniband/mlx5_0/ports/1/gid_attrs/types/150: Invalid argument
[1754457905.629083] [idcgpu01:3394561:0]             sys.c:440  UCX  DEBUG failed to read from /sys/class/infiniband/mlx5_0/ports/1/gid_attrs/types/151: Invalid argument
[1754457905.629096] [idcgpu01:3394561:0]             sys.c:440  UCX  DEBUG failed to read from /sys/class/infiniband/mlx5_0/ports/1/gid_attrs/types/152: Invalid argument
[1754457905.629108] [idcgpu01:3394561:0]             sys.c:440  UCX  DEBUG failed to read from /sys/class/infiniband/mlx5_0/ports/1/gid_attrs/types/153: Invalid argument
[1754457905.629122] [idcgpu01:3394561:0]             sys.c:440  UCX  DEBUG failed to read from /sys/class/infiniband/mlx5_0/ports/1/gid_attrs/types/154: Invalid argument
[1754457905.629137] [idcgpu01:3394561:0]             sys.c:440  UCX  DEBUG failed to read from /sys/class/infiniband/mlx5_0/ports/1/gid_attrs/types/155: Invalid argument
[1754457905.629152] [idcgpu01:3394561:0]             sys.c:440  UCX  DEBUG failed to read from /sys/class/infiniband/mlx5_0/ports/1/gid_attrs/types/156: Invalid argument
[1754457905.629167] [idcgpu01:3394561:0]             sys.c:440  UCX  DEBUG failed to read from /sys/class/infiniband/mlx5_0/ports/1/gid_attrs/types/157: Invalid argument
[1754457905.629182] [idcgpu01:3394561:0]             sys.c:440  UCX  DEBUG failed to read from /sys/class/infiniband/mlx5_0/ports/1/gid_attrs/types/158: Invalid argument
[1754457905.629198] [idcgpu01:3394561:0]             sys.c:440  UCX  DEBUG failed to read from /sys/class/infiniband/mlx5_0/ports/1/gid_attrs/types/159: Invalid argument
[1754457905.629212] [idcgpu01:3394561:0]             sys.c:440  UCX  DEBUG failed to read from /sys/class/infiniband/mlx5_0/ports/1/gid_attrs/types/160: Invalid argument
[1754457905.629226] [idcgpu01:3394561:0]             sys.c:440  UCX  DEBUG failed to read from /sys/class/infiniband/mlx5_0/ports/1/gid_attrs/types/161: Invalid argument
[1754457905.629242] [idcgpu01:3394561:0]             sys.c:440  UCX  DEBUG failed to read from /sys/class/infiniband/mlx5_0/ports/1/gid_attrs/types/162: Invalid argument
[1754457905.629257] [idcgpu01:3394561:0]             sys.c:440  UCX  DEBUG failed to read from /sys/class/infiniband/mlx5_0/ports/1/gid_attrs/types/163: Invalid argument
[1754457905.629273] [idcgpu01:3394561:0]             sys.c:440  UCX  DEBUG failed to read from /sys/class/infiniband/mlx5_0/ports/1/gid_attrs/types/164: Invalid argument
[1754457905.629287] [idcgpu01:3394561:0]             sys.c:440  UCX  DEBUG failed to read from /sys/class/infiniband/mlx5_0/ports/1/gid_attrs/types/165: Invalid argument
[1754457905.629300] [idcgpu01:3394561:0]             sys.c:440  UCX  DEBUG failed to read from /sys/class/infiniband/mlx5_0/ports/1/gid_attrs/types/166: Invalid argument
[1754457905.629313] [idcgpu01:3394561:0]             sys.c:440  UCX  DEBUG failed to read from /sys/class/infiniband/mlx5_0/ports/1/gid_attrs/types/167: Invalid argument
[1754457905.629326] [idcgpu01:3394561:0]             sys.c:440  UCX  DEBUG failed to read from /sys/class/infiniband/mlx5_0/ports/1/gid_attrs/types/168: Invalid argument
[1754457905.629338] [idcgpu01:3394561:0]             sys.c:440  UCX  DEBUG failed to read from /sys/class/infiniband/mlx5_0/ports/1/gid_attrs/types/169: Invalid argument
[1754457905.629350] [idcgpu01:3394561:0]             sys.c:440  UCX  DEBUG failed to read from /sys/class/infiniband/mlx5_0/ports/1/gid_attrs/types/170: Invalid argument
[1754457905.629363] [idcgpu01:3394561:0]             sys.c:440  UCX  DEBUG failed to read from /sys/class/infiniband/mlx5_0/ports/1/gid_attrs/types/171: Invalid argument
[1754457905.629375] [idcgpu01:3394561:0]             sys.c:440  UCX  DEBUG failed to read from /sys/class/infiniband/mlx5_0/ports/1/gid_attrs/types/172: Invalid argument
[1754457905.629387] [idcgpu01:3394561:0]             sys.c:440  UCX  DEBUG failed to read from /sys/class/infiniband/mlx5_0/ports/1/gid_attrs/types/173: Invalid argument
[1754457905.629404] [idcgpu01:3394561:0]             sys.c:440  UCX  DEBUG failed to read from /sys/class/infiniband/mlx5_0/ports/1/gid_attrs/types/174: Invalid argument
[1754457905.629416] [idcgpu01:3394561:0]             sys.c:440  UCX  DEBUG failed to read from /sys/class/infiniband/mlx5_0/ports/1/gid_attrs/types/175: Invalid argument
[1754457905.629428] [idcgpu01:3394561:0]             sys.c:440  UCX  DEBUG failed to read from /sys/class/infiniband/mlx5_0/ports/1/gid_attrs/types/176: Invalid argument
[1754457905.629446] [idcgpu01:3394561:0]             sys.c:440  UCX  DEBUG failed to read from /sys/class/infiniband/mlx5_0/ports/1/gid_attrs/types/177: Invalid argument
[1754457905.629459] [idcgpu01:3394561:0]             sys.c:440  UCX  DEBUG failed to read from /sys/class/infiniband/mlx5_0/ports/1/gid_attrs/types/178: Invalid argument
[1754457905.629471] [idcgpu01:3394561:0]             sys.c:440  UCX  DEBUG failed to read from /sys/class/infiniband/mlx5_0/ports/1/gid_attrs/types/179: Invalid argument
[1754457905.629484] [idcgpu01:3394561:0]             sys.c:440  UCX  DEBUG failed to read from /sys/class/infiniband/mlx5_0/ports/1/gid_attrs/types/180: Invalid argument
[1754457905.629497] [idcgpu01:3394561:0]             sys.c:440  UCX  DEBUG failed to read from /sys/class/infiniband/mlx5_0/ports/1/gid_attrs/types/181: Invalid argument
[1754457905.629508] [idcgpu01:3394561:0]             sys.c:440  UCX  DEBUG failed to read from /sys/class/infiniband/mlx5_0/ports/1/gid_attrs/types/182: Invalid argument
[1754457905.629519] [idcgpu01:3394561:0]             sys.c:440  UCX  DEBUG failed to read from /sys/class/infiniband/mlx5_0/ports/1/gid_attrs/types/183: Invalid argument
[1754457905.629530] [idcgpu01:3394561:0]             sys.c:440  UCX  DEBUG failed to read from /sys/class/infiniband/mlx5_0/ports/1/gid_attrs/types/184: Invalid argument
[1754457905.629542] [idcgpu01:3394561:0]             sys.c:440  UCX  DEBUG failed to read from /sys/class/infiniband/mlx5_0/ports/1/gid_attrs/types/185: Invalid argument
[1754457905.629553] [idcgpu01:3394561:0]             sys.c:440  UCX  DEBUG failed to read from /sys/class/infiniband/mlx5_0/ports/1/gid_attrs/types/186: Invalid argument
[1754457905.629566] [idcgpu01:3394561:0]             sys.c:440  UCX  DEBUG failed to read from /sys/class/infiniband/mlx5_0/ports/1/gid_attrs/types/187: Invalid argument
[1754457905.629579] [idcgpu01:3394561:0]             sys.c:440  UCX  DEBUG failed to read from /sys/class/infiniband/mlx5_0/ports/1/gid_attrs/types/188: Invalid argument
[1754457905.629591] [idcgpu01:3394561:0]             sys.c:440  UCX  DEBUG failed to read from /sys/class/infiniband/mlx5_0/ports/1/gid_attrs/types/189: Invalid argument
[1754457905.629603] [idcgpu01:3394561:0]             sys.c:440  UCX  DEBUG failed to read from /sys/class/infiniband/mlx5_0/ports/1/gid_attrs/types/190: Invalid argument
[1754457905.629615] [idcgpu01:3394561:0]             sys.c:440  UCX  DEBUG failed to read from /sys/class/infiniband/mlx5_0/ports/1/gid_attrs/types/191: Invalid argument
[1754457905.629628] [idcgpu01:3394561:0]             sys.c:440  UCX  DEBUG failed to read from /sys/class/infiniband/mlx5_0/ports/1/gid_attrs/types/192: Invalid argument
[1754457905.629640] [idcgpu01:3394561:0]             sys.c:440  UCX  DEBUG failed to read from /sys/class/infiniband/mlx5_0/ports/1/gid_attrs/types/193: Invalid argument
[1754457905.629652] [idcgpu01:3394561:0]             sys.c:440  UCX  DEBUG failed to read from /sys/class/infiniband/mlx5_0/ports/1/gid_attrs/types/194: Invalid argument
[1754457905.629664] [idcgpu01:3394561:0]             sys.c:440  UCX  DEBUG failed to read from /sys/class/infiniband/mlx5_0/ports/1/gid_attrs/types/195: Invalid argument
[1754457905.629679] [idcgpu01:3394561:0]             sys.c:440  UCX  DEBUG failed to read from /sys/class/infiniband/mlx5_0/ports/1/gid_attrs/types/196: Invalid argument
[1754457905.629694] [idcgpu01:3394561:0]             sys.c:440  UCX  DEBUG failed to read from /sys/class/infiniband/mlx5_0/ports/1/gid_attrs/types/197: Invalid argument
[1754457905.629715] [idcgpu01:3394561:0]             sys.c:440  UCX  DEBUG failed to read from /sys/class/infiniband/mlx5_0/ports/1/gid_attrs/types/198: Invalid argument
[1754457905.629730] [idcgpu01:3394561:0]             sys.c:440  UCX  DEBUG failed to read from /sys/class/infiniband/mlx5_0/ports/1/gid_attrs/types/199: Invalid argument
[1754457905.629744] [idcgpu01:3394561:0]             sys.c:440  UCX  DEBUG failed to read from /sys/class/infiniband/mlx5_0/ports/1/gid_attrs/types/200: Invalid argument
[1754457905.629758] [idcgpu01:3394561:0]             sys.c:440  UCX  DEBUG failed to read from /sys/class/infiniband/mlx5_0/ports/1/gid_attrs/types/201: Invalid argument
[1754457905.629773] [idcgpu01:3394561:0]             sys.c:440  UCX  DEBUG failed to read from /sys/class/infiniband/mlx5_0/ports/1/gid_attrs/types/202: Invalid argument
[1754457905.629787] [idcgpu01:3394561:0]             sys.c:440  UCX  DEBUG failed to read from /sys/class/infiniband/mlx5_0/ports/1/gid_attrs/types/203: Invalid argument
[1754457905.629802] [idcgpu01:3394561:0]             sys.c:440  UCX  DEBUG failed to read from /sys/class/infiniband/mlx5_0/ports/1/gid_attrs/types/204: Invalid argument
[1754457905.629816] [idcgpu01:3394561:0]             sys.c:440  UCX  DEBUG failed to read from /sys/class/infiniband/mlx5_0/ports/1/gid_attrs/types/205: Invalid argument
[1754457905.629831] [idcgpu01:3394561:0]             sys.c:440  UCX  DEBUG failed to read from /sys/class/infiniband/mlx5_0/ports/1/gid_attrs/types/206: Invalid argument
[1754457905.629846] [idcgpu01:3394561:0]             sys.c:440  UCX  DEBUG failed to read from /sys/class/infiniband/mlx5_0/ports/1/gid_attrs/types/207: Invalid argument
[1754457905.629860] [idcgpu01:3394561:0]             sys.c:440  UCX  DEBUG failed to read from /sys/class/infiniband/mlx5_0/ports/1/gid_attrs/types/208: Invalid argument
[1754457905.629874] [idcgpu01:3394561:0]             sys.c:440  UCX  DEBUG failed to read from /sys/class/infiniband/mlx5_0/ports/1/gid_attrs/types/209: Invalid argument
[1754457905.629890] [idcgpu01:3394561:0]             sys.c:440  UCX  DEBUG failed to read from /sys/class/infiniband/mlx5_0/ports/1/gid_attrs/types/210: Invalid argument
[1754457905.629904] [idcgpu01:3394561:0]             sys.c:440  UCX  DEBUG failed to read from /sys/class/infiniband/mlx5_0/ports/1/gid_attrs/types/211: Invalid argument
[1754457905.629918] [idcgpu01:3394561:0]             sys.c:440  UCX  DEBUG failed to read from /sys/class/infiniband/mlx5_0/ports/1/gid_attrs/types/212: Invalid argument
[1754457905.629932] [idcgpu01:3394561:0]             sys.c:440  UCX  DEBUG failed to read from /sys/class/infiniband/mlx5_0/ports/1/gid_attrs/types/213: Invalid argument
[1754457905.629945] [idcgpu01:3394561:0]             sys.c:440  UCX  DEBUG failed to read from /sys/class/infiniband/mlx5_0/ports/1/gid_attrs/types/214: Invalid argument
[1754457905.629957] [idcgpu01:3394561:0]             sys.c:440  UCX  DEBUG failed to read from /sys/class/infiniband/mlx5_0/ports/1/gid_attrs/types/215: Invalid argument
[1754457905.629969] [idcgpu01:3394561:0]             sys.c:440  UCX  DEBUG failed to read from /sys/class/infiniband/mlx5_0/ports/1/gid_attrs/types/216: Invalid argument
[1754457905.629981] [idcgpu01:3394561:0]             sys.c:440  UCX  DEBUG failed to read from /sys/class/infiniband/mlx5_0/ports/1/gid_attrs/types/217: Invalid argument
[1754457905.629995] [idcgpu01:3394561:0]             sys.c:440  UCX  DEBUG failed to read from /sys/class/infiniband/mlx5_0/ports/1/gid_attrs/types/218: Invalid argument
[1754457905.630009] [idcgpu01:3394561:0]             sys.c:440  UCX  DEBUG failed to read from /sys/class/infiniband/mlx5_0/ports/1/gid_attrs/types/219: Invalid argument
[1754457905.630022] [idcgpu01:3394561:0]             sys.c:440  UCX  DEBUG failed to read from /sys/class/infiniband/mlx5_0/ports/1/gid_attrs/types/220: Invalid argument
[1754457905.630035] [idcgpu01:3394561:0]             sys.c:440  UCX  DEBUG failed to read from /sys/class/infiniband/mlx5_0/ports/1/gid_attrs/types/221: Invalid argument
[1754457905.630048] [idcgpu01:3394561:0]             sys.c:440  UCX  DEBUG failed to read from /sys/class/infiniband/mlx5_0/ports/1/gid_attrs/types/222: Invalid argument
[1754457905.630068] [idcgpu01:3394561:0]             sys.c:440  UCX  DEBUG failed to read from /sys/class/infiniband/mlx5_0/ports/1/gid_attrs/types/223: Invalid argument
[1754457905.630081] [idcgpu01:3394561:0]             sys.c:440  UCX  DEBUG failed to read from /sys/class/infiniband/mlx5_0/ports/1/gid_attrs/types/224: Invalid argument
[1754457905.630094] [idcgpu01:3394561:0]             sys.c:440  UCX  DEBUG failed to read from /sys/class/infiniband/mlx5_0/ports/1/gid_attrs/types/225: Invalid argument
[1754457905.630120] [idcgpu01:3394561:0]             sys.c:440  UCX  DEBUG failed to read from /sys/class/infiniband/mlx5_0/ports/1/gid_attrs/types/226: Invalid argument
[1754457905.630134] [idcgpu01:3394561:0]             sys.c:440  UCX  DEBUG failed to read from /sys/class/infiniband/mlx5_0/ports/1/gid_attrs/types/227: Invalid argument
[1754457905.630147] [idcgpu01:3394561:0]             sys.c:440  UCX  DEBUG failed to read from /sys/class/infiniband/mlx5_0/ports/1/gid_attrs/types/228: Invalid argument
[1754457905.630159] [idcgpu01:3394561:0]             sys.c:440  UCX  DEBUG failed to read from /sys/class/infiniband/mlx5_0/ports/1/gid_attrs/types/229: Invalid argument
[1754457905.630171] [idcgpu01:3394561:0]             sys.c:440  UCX  DEBUG failed to read from /sys/class/infiniband/mlx5_0/ports/1/gid_attrs/types/230: Invalid argument
[1754457905.630183] [idcgpu01:3394561:0]             sys.c:440  UCX  DEBUG failed to read from /sys/class/infiniband/mlx5_0/ports/1/gid_attrs/types/231: Invalid argument
[1754457905.630195] [idcgpu01:3394561:0]             sys.c:440  UCX  DEBUG failed to read from /sys/class/infiniband/mlx5_0/ports/1/gid_attrs/types/232: Invalid argument
[1754457905.630207] [idcgpu01:3394561:0]             sys.c:440  UCX  DEBUG failed to read from /sys/class/infiniband/mlx5_0/ports/1/gid_attrs/types/233: Invalid argument
[1754457905.630219] [idcgpu01:3394561:0]             sys.c:440  UCX  DEBUG failed to read from /sys/class/infiniband/mlx5_0/ports/1/gid_attrs/types/234: Invalid argument
[1754457905.630230] [idcgpu01:3394561:0]             sys.c:440  UCX  DEBUG failed to read from /sys/class/infiniband/mlx5_0/ports/1/gid_attrs/types/235: Invalid argument
[1754457905.630242] [idcgpu01:3394561:0]             sys.c:440  UCX  DEBUG failed to read from /sys/class/infiniband/mlx5_0/ports/1/gid_attrs/types/236: Invalid argument
[1754457905.630255] [idcgpu01:3394561:0]             sys.c:440  UCX  DEBUG failed to read from /sys/class/infiniband/mlx5_0/ports/1/gid_attrs/types/237: Invalid argument
[1754457905.630267] [idcgpu01:3394561:0]             sys.c:440  UCX  DEBUG failed to read from /sys/class/infiniband/mlx5_0/ports/1/gid_attrs/types/238: Invalid argument
[1754457905.630279] [idcgpu01:3394561:0]             sys.c:440  UCX  DEBUG failed to read from /sys/class/infiniband/mlx5_0/ports/1/gid_attrs/types/239: Invalid argument
[1754457905.630292] [idcgpu01:3394561:0]             sys.c:440  UCX  DEBUG failed to read from /sys/class/infiniband/mlx5_0/ports/1/gid_attrs/types/240: Invalid argument
[1754457905.630305] [idcgpu01:3394561:0]             sys.c:440  UCX  DEBUG failed to read from /sys/class/infiniband/mlx5_0/ports/1/gid_attrs/types/241: Invalid argument
[1754457905.630317] [idcgpu01:3394561:0]             sys.c:440  UCX  DEBUG failed to read from /sys/class/infiniband/mlx5_0/ports/1/gid_attrs/types/242: Invalid argument
[1754457905.630330] [idcgpu01:3394561:0]             sys.c:440  UCX  DEBUG failed to read from /sys/class/infiniband/mlx5_0/ports/1/gid_attrs/types/243: Invalid argument
[1754457905.630343] [idcgpu01:3394561:0]             sys.c:440  UCX  DEBUG failed to read from /sys/class/infiniband/mlx5_0/ports/1/gid_attrs/types/244: Invalid argument
[1754457905.630355] [idcgpu01:3394561:0]             sys.c:440  UCX  DEBUG failed to read from /sys/class/infiniband/mlx5_0/ports/1/gid_attrs/types/245: Invalid argument
[1754457905.630367] [idcgpu01:3394561:0]             sys.c:440  UCX  DEBUG failed to read from /sys/class/infiniband/mlx5_0/ports/1/gid_attrs/types/246: Invalid argument
[1754457905.630384] [idcgpu01:3394561:0]             sys.c:440  UCX  DEBUG failed to read from /sys/class/infiniband/mlx5_0/ports/1/gid_attrs/types/247: Invalid argument
[1754457905.630397] [idcgpu01:3394561:0]             sys.c:440  UCX  DEBUG failed to read from /sys/class/infiniband/mlx5_0/ports/1/gid_attrs/types/248: Invalid argument
[1754457905.630409] [idcgpu01:3394561:0]             sys.c:440  UCX  DEBUG failed to read from /sys/class/infiniband/mlx5_0/ports/1/gid_attrs/types/249: Invalid argument
[1754457905.630421] [idcgpu01:3394561:0]             sys.c:440  UCX  DEBUG failed to read from /sys/class/infiniband/mlx5_0/ports/1/gid_attrs/types/250: Invalid argument
[1754457905.630443] [idcgpu01:3394561:0]             sys.c:440  UCX  DEBUG failed to read from /sys/class/infiniband/mlx5_0/ports/1/gid_attrs/types/251: Invalid argument
[1754457905.630456] [idcgpu01:3394561:0]             sys.c:440  UCX  DEBUG failed to read from /sys/class/infiniband/mlx5_0/ports/1/gid_attrs/types/252: Invalid argument
[1754457905.630468] [idcgpu01:3394561:0]             sys.c:440  UCX  DEBUG failed to read from /sys/class/infiniband/mlx5_0/ports/1/gid_attrs/types/253: Invalid argument
[1754457905.630480] [idcgpu01:3394561:0]             sys.c:440  UCX  DEBUG failed to read from /sys/class/infiniband/mlx5_0/ports/1/gid_attrs/types/254: Invalid argument
[1754457905.630731] [idcgpu01:3394561:0]     timer_wheel.c:40   UCX  DEBUG high res timer created log=23 resolution=3997.377209 usec wanted: 2500.000000 usec
[1754457905.630754] [idcgpu01:3394561:0]           async.c:247  UCX  DEBUG added async handler 0x5555560882b0 [id=73 ref 1] ???() to hash
[1754457905.630773] [idcgpu01:3394561:0]           async.c:521  UCX  DEBUG listening to async event fd 73 events 0x5 mode thread_spinlock
[1754457905.630888] [idcgpu01:3394561:0]      ucp_worker.c:1434 UCX  DEBUG created interface[10]=0x5555561d2430 using ud_verbs/mlx5_0:1 on worker 0x555556060ff0
[1754457905.631087] [idcgpu01:3394561:0]        ib_iface.c:1077 UCX  DEBUG using pkey[0] 0xffff on mlx5_0:1/RoCE
[1754457905.631178] [idcgpu01:3394561:0]       ib_device.c:1089 UCX  DEBUG mlx5_0:1 using gid_index 3
[1754457905.631210] [idcgpu01:3394561:0]       ib_device.c:1437 UCX  DEBUG max IB CQE size is 128
[1754457905.631490] [idcgpu01:3394561:0]           mpool.c:281  UCX  DEBUG mpool devx dbrec: allocated chunk 0x5555562f3010 of 8176 bytes with 127 elements
[1754457905.636579] [idcgpu01:3394561:0]        ib_iface.c:1664 UCX  DEBUG created uct_ib_iface_t headroom_ofs 12 payload_ofs 100 hdr_ofs 98 data_sz 8256
[1754457905.636606] [idcgpu01:3394561:0]           mpool.c:136  UCX  DEBUG mpool rc_recv_desc: align 64, maxelems 4294967295, elemsize 8362
[1754457905.636608] [idcgpu01:3394561:0]           mpool.c:136  UCX  DEBUG mpool rc_send_desc: align 64, maxelems 4294967295, elemsize 8336
[1754457905.638224] [idcgpu01:3394561:0]           mpool.c:136  UCX  DEBUG mpool send-ops-mpool: align 64, maxelems 4294967295, elemsize 64
[1754457905.638856] [idcgpu01:3394561:0]           mpool.c:136  UCX  DEBUG mpool pending-ops: align 1, maxelems 4294967295, elemsize 112
[1754457905.639218] [idcgpu01:3394561:0]         ib_mlx5.c:1079 UCX  DEBUG SL=0 (AR support - no) was selected on mlx5_0:1, SLs with AR support = { <none> }, SLs without AR support = { 0, 1, 2, 3, 4, 5, 6, 7, 8, 9, 10, 11, 12, 13, 14, 15 }
[1754457905.639844] [idcgpu01:3394561:0]           mpool.c:136  UCX  DEBUG mpool mlx5_dm_desc: align 64, maxelems 1, elemsize 80
[1754457905.639849] [idcgpu01:3394561:0]           mpool.c:136  UCX  DEBUG mpool rc_mlx5_atomic_desc: align 64, maxelems 4294967295, elemsize 88
[1754457905.639886] [idcgpu01:3394561:0]           async.c:247  UCX  DEBUG added async handler 0x555555feea50 [id=75 ref 1] ???() to hash
[1754457905.639904] [idcgpu01:3394561:0]           async.c:521  UCX  DEBUG listening to async event fd 75 events 0x1 mode thread_spinlock
[1754457905.641667] [idcgpu01:3394561:0]    ib_mlx5dv_md.c:2633 UCX  DEBUG counter_set_id on mlx5_0:1 is 0x3
[1754457905.642887] [idcgpu01:3394561:0]         dc_mlx5.c:406  UCX  DEBUG created DevX DCI 0x7b8, rdma_wr_disabled=0
[1754457905.643299] [idcgpu01:3394561:0]         dc_mlx5.c:1726 UCX  DEBUG dc iface 0x5555562ea030: using 'dcs_quota' policy with 32 dcis and 32768 cqes, dct 0x1b4f
[1754457905.643318] [idcgpu01:3394561:0]         dc_mlx5.c:822  UCX  DEBUG creating dci pool 0 with 32 QPs
[1754457905.643320] [idcgpu01:3394561:0]         dc_mlx5.c:804  UCX  DEBUG dci pool config: (path_index=0, max_rd_atomic=64)
[1754457905.655648] [idcgpu01:3394561:0]           mpool.c:281  UCX  DEBUG mpool rc_recv_desc: allocated chunk 0x7fffc4400018 of 39845864 bytes with 4752 elements
[1754457905.656368] [idcgpu01:3394561:0]         dc_mlx5.c:1749 UCX  DEBUG created dc iface 0x5555562ea030
[1754457905.656504] [idcgpu01:3394561:0]      ucp_worker.c:1434 UCX  DEBUG created interface[11]=0x5555562ea030 using dc_mlx5/mlx5_0:1 on worker 0x555556060ff0
[1754457905.656662] [idcgpu01:3394561:0]        ib_iface.c:1077 UCX  DEBUG using pkey[0] 0xffff on mlx5_0:1/RoCE
[1754457905.656780] [idcgpu01:3394561:0]       ib_device.c:1089 UCX  DEBUG mlx5_0:1 using gid_index 3
[1754457905.658394] [idcgpu01:3394561:0]        ib_iface.c:1664 UCX  DEBUG created uct_ib_iface_t headroom_ofs 12 payload_ofs 100 hdr_ofs 98 data_sz 8256
[1754457905.658408] [idcgpu01:3394561:0]           mpool.c:136  UCX  DEBUG mpool rc_recv_desc: align 64, maxelems 4294967295, elemsize 8362
[1754457905.658411] [idcgpu01:3394561:0]           mpool.c:136  UCX  DEBUG mpool rc_send_desc: align 64, maxelems 4294967295, elemsize 8336
[1754457905.658615] [idcgpu01:3394561:0]           mpool.c:136  UCX  DEBUG mpool send-ops-mpool: align 64, maxelems 4294967295, elemsize 64
[1754457905.659186] [idcgpu01:3394561:0]           mpool.c:136  UCX  DEBUG mpool pending-ops: align 1, maxelems 4294967295, elemsize 64
[1754457905.659196] [idcgpu01:3394561:0]         ib_mlx5.c:1079 UCX  DEBUG SL=0 (AR support - no) was selected on mlx5_0:1, SLs with AR support = { <none> }, SLs without AR support = { 0, 1, 2, 3, 4, 5, 6, 7, 8, 9, 10, 11, 12, 13, 14, 15 }
[1754457905.659203] [idcgpu01:3394561:0]           mpool.c:136  UCX  DEBUG mpool rc_mlx5_atomic_desc: align 64, maxelems 4294967295, elemsize 88
[1754457905.659216] [idcgpu01:3394561:0]           async.c:247  UCX  DEBUG added async handler 0x555555ff54e0 [id=78 ref 1] ???() to hash
[1754457905.659235] [idcgpu01:3394561:0]           async.c:521  UCX  DEBUG listening to async event fd 78 events 0x1 mode thread_spinlock
[1754457905.659355] [idcgpu01:3394561:0]      ucp_worker.c:1434 UCX  DEBUG created interface[12]=0x55555656d020 using rc_mlx5/mlx5_0:1 on worker 0x555556060ff0
[1754457905.660503] [idcgpu01:3394561:0]        ib_iface.c:1077 UCX  DEBUG using pkey[0] 0xffff on mlx5_0:1/RoCE
[1754457905.660603] [idcgpu01:3394561:0]       ib_device.c:1089 UCX  DEBUG mlx5_0:1 using gid_index 3
[1754457905.661678] [idcgpu01:3394561:0]        ib_iface.c:1664 UCX  DEBUG created uct_ib_iface_t headroom_ofs 12 payload_ofs 100 hdr_ofs 52 data_sz 4136
[1754457905.662088] [idcgpu01:3394561:0]        ib_iface.c:1196 UCX  DEBUG mlx5_0: iface 0x5555566af020 created UD QP 0x1b53 on mlx5_0:1 TX wr:256 sge:2 inl:60 resp:0 RX wr:4096 sge:1 resp:0
[1754457905.662093] [idcgpu01:3394561:0]         ib_mlx5.c:773  UCX  DEBUG tx wq 32768 bytes [bb=64, nwqe=512] mmio_mode bf_post_mt
[1754457905.662519] [idcgpu01:3394561:0]           mpool.c:136  UCX  DEBUG mpool ud_recv_skb: align 64, maxelems 4294967295, elemsize 4196
[1754457905.662888] [idcgpu01:3394561:0]           mpool.c:281  UCX  DEBUG mpool ud_recv_skb: allocated chunk 0x7fffe030b018 of 544744 bytes with 128 elements
[1754457905.662896] [idcgpu01:3394561:0]           mpool.c:136  UCX  DEBUG mpool ud_tx_skb: align 64, maxelems 4294967295, elemsize 4208
[1754457905.662923] [idcgpu01:3394561:0]        ud_iface.c:380  UCX  DEBUG iface 0x5555566af020: adding gid fe80::bae9:24ff:fe62:7a38 to hash on device mlx5_0 port 1 index 0)
[1754457905.662938] [idcgpu01:3394561:0]        ud_iface.c:380  UCX  DEBUG iface 0x5555566af020: adding gid fe80::bae9:24ff:fe62:7a38 to hash on device mlx5_0 port 1 index 1)
[1754457905.662974] [idcgpu01:3394561:0]        ud_iface.c:380  UCX  DEBUG iface 0x5555566af020: adding gid ::ffff:192.168.1.1 to hash on device mlx5_0 port 1 index 2)
[1754457905.662985] [idcgpu01:3394561:0]        ud_iface.c:380  UCX  DEBUG iface 0x5555566af020: adding gid ::ffff:192.168.1.1 to hash on device mlx5_0 port 1 index 3)
[1754457905.662998] [idcgpu01:3394561:0]             sys.c:440  UCX  DEBUG failed to read from /sys/class/infiniband/mlx5_0/ports/1/gid_attrs/types/4: Invalid argument
[1754457905.663002] [idcgpu01:3394561:0]        ud_iface.c:380  UCX  DEBUG iface 0x5555566af020: adding gid ::ffff:192.168.100.129 to hash on device mlx5_0 port 1 index 4)
[1754457905.663014] [idcgpu01:3394561:0]             sys.c:440  UCX  DEBUG failed to read from /sys/class/infiniband/mlx5_0/ports/1/gid_attrs/types/5: Invalid argument
[1754457905.663017] [idcgpu01:3394561:0]        ud_iface.c:380  UCX  DEBUG iface 0x5555566af020: adding gid ::ffff:192.168.100.129 to hash on device mlx5_0 port 1 index 5)
[1754457905.663029] [idcgpu01:3394561:0]             sys.c:440  UCX  DEBUG failed to read from /sys/class/infiniband/mlx5_0/ports/1/gid_attrs/types/6: Invalid argument
[1754457905.663032] [idcgpu01:3394561:0]        ud_iface.c:380  UCX  DEBUG iface 0x5555566af020: adding gid fe80::8c0c:ecff:fed0:2091 to hash on device mlx5_0 port 1 index 6)
[1754457905.663044] [idcgpu01:3394561:0]             sys.c:440  UCX  DEBUG failed to read from /sys/class/infiniband/mlx5_0/ports/1/gid_attrs/types/7: Invalid argument
[1754457905.663047] [idcgpu01:3394561:0]        ud_iface.c:380  UCX  DEBUG iface 0x5555566af020: adding gid fe80::8c0c:ecff:fed0:2091 to hash on device mlx5_0 port 1 index 7)
[1754457905.663058] [idcgpu01:3394561:0]             sys.c:440  UCX  DEBUG failed to read from /sys/class/infiniband/mlx5_0/ports/1/gid_attrs/types/8: Invalid argument
[1754457905.663061] [idcgpu01:3394561:0]        ud_iface.c:380  UCX  DEBUG iface 0x5555566af020: adding gid ::ffff:192.168.100.123 to hash on device mlx5_0 port 1 index 8)
[1754457905.663072] [idcgpu01:3394561:0]             sys.c:440  UCX  DEBUG failed to read from /sys/class/infiniband/mlx5_0/ports/1/gid_attrs/types/9: Invalid argument
[1754457905.663075] [idcgpu01:3394561:0]        ud_iface.c:380  UCX  DEBUG iface 0x5555566af020: adding gid ::ffff:192.168.100.123 to hash on device mlx5_0 port 1 index 9)
[1754457905.663086] [idcgpu01:3394561:0]             sys.c:440  UCX  DEBUG failed to read from /sys/class/infiniband/mlx5_0/ports/1/gid_attrs/types/10: Invalid argument
[1754457905.663089] [idcgpu01:3394561:0]        ud_iface.c:380  UCX  DEBUG iface 0x5555566af020: adding gid fe80::a45b:e5ff:fe0e:dc32 to hash on device mlx5_0 port 1 index 10)
[1754457905.663100] [idcgpu01:3394561:0]             sys.c:440  UCX  DEBUG failed to read from /sys/class/infiniband/mlx5_0/ports/1/gid_attrs/types/11: Invalid argument
[1754457905.663103] [idcgpu01:3394561:0]        ud_iface.c:380  UCX  DEBUG iface 0x5555566af020: adding gid fe80::a45b:e5ff:fe0e:dc32 to hash on device mlx5_0 port 1 index 11)
[1754457905.663115] [idcgpu01:3394561:0]             sys.c:440  UCX  DEBUG failed to read from /sys/class/infiniband/mlx5_0/ports/1/gid_attrs/types/12: Invalid argument
[1754457905.663118] [idcgpu01:3394561:0]        ud_iface.c:380  UCX  DEBUG iface 0x5555566af020: adding gid ::ffff:192.168.100.121 to hash on device mlx5_0 port 1 index 12)
[1754457905.663130] [idcgpu01:3394561:0]             sys.c:440  UCX  DEBUG failed to read from /sys/class/infiniband/mlx5_0/ports/1/gid_attrs/types/13: Invalid argument
[1754457905.663133] [idcgpu01:3394561:0]        ud_iface.c:380  UCX  DEBUG iface 0x5555566af020: adding gid ::ffff:192.168.100.121 to hash on device mlx5_0 port 1 index 13)
[1754457905.663143] [idcgpu01:3394561:0]             sys.c:440  UCX  DEBUG failed to read from /sys/class/infiniband/mlx5_0/ports/1/gid_attrs/types/14: Invalid argument
[1754457905.663147] [idcgpu01:3394561:0]        ud_iface.c:380  UCX  DEBUG iface 0x5555566af020: adding gid fe80::a442:9fff:fe94:aca to hash on device mlx5_0 port 1 index 14)
[1754457905.663162] [idcgpu01:3394561:0]             sys.c:440  UCX  DEBUG failed to read from /sys/class/infiniband/mlx5_0/ports/1/gid_attrs/types/15: Invalid argument
[1754457905.663165] [idcgpu01:3394561:0]        ud_iface.c:380  UCX  DEBUG iface 0x5555566af020: adding gid fe80::a442:9fff:fe94:aca to hash on device mlx5_0 port 1 index 15)
[1754457905.663175] [idcgpu01:3394561:0]             sys.c:440  UCX  DEBUG failed to read from /sys/class/infiniband/mlx5_0/ports/1/gid_attrs/types/16: Invalid argument
[1754457905.663179] [idcgpu01:3394561:0]        ud_iface.c:380  UCX  DEBUG iface 0x5555566af020: adding gid ::ffff:192.168.100.106 to hash on device mlx5_0 port 1 index 16)
[1754457905.663189] [idcgpu01:3394561:0]             sys.c:440  UCX  DEBUG failed to read from /sys/class/infiniband/mlx5_0/ports/1/gid_attrs/types/17: Invalid argument
[1754457905.663192] [idcgpu01:3394561:0]        ud_iface.c:380  UCX  DEBUG iface 0x5555566af020: adding gid ::ffff:192.168.100.106 to hash on device mlx5_0 port 1 index 17)
[1754457905.663201] [idcgpu01:3394561:0]             sys.c:440  UCX  DEBUG failed to read from /sys/class/infiniband/mlx5_0/ports/1/gid_attrs/types/18: Invalid argument
[1754457905.663205] [idcgpu01:3394561:0]        ud_iface.c:380  UCX  DEBUG iface 0x5555566af020: adding gid fe80::d8e6:3ff:fefd:e43f to hash on device mlx5_0 port 1 index 18)
[1754457905.663214] [idcgpu01:3394561:0]             sys.c:440  UCX  DEBUG failed to read from /sys/class/infiniband/mlx5_0/ports/1/gid_attrs/types/19: Invalid argument
[1754457905.663218] [idcgpu01:3394561:0]        ud_iface.c:380  UCX  DEBUG iface 0x5555566af020: adding gid fe80::d8e6:3ff:fefd:e43f to hash on device mlx5_0 port 1 index 19)
[1754457905.663229] [idcgpu01:3394561:0]             sys.c:440  UCX  DEBUG failed to read from /sys/class/infiniband/mlx5_0/ports/1/gid_attrs/types/20: Invalid argument
[1754457905.663232] [idcgpu01:3394561:0]        ud_iface.c:380  UCX  DEBUG iface 0x5555566af020: adding gid ::ffff:192.168.100.93 to hash on device mlx5_0 port 1 index 20)
[1754457905.663243] [idcgpu01:3394561:0]             sys.c:440  UCX  DEBUG failed to read from /sys/class/infiniband/mlx5_0/ports/1/gid_attrs/types/21: Invalid argument
[1754457905.663246] [idcgpu01:3394561:0]        ud_iface.c:380  UCX  DEBUG iface 0x5555566af020: adding gid ::ffff:192.168.100.93 to hash on device mlx5_0 port 1 index 21)
[1754457905.663257] [idcgpu01:3394561:0]             sys.c:440  UCX  DEBUG failed to read from /sys/class/infiniband/mlx5_0/ports/1/gid_attrs/types/22: Invalid argument
[1754457905.663260] [idcgpu01:3394561:0]        ud_iface.c:380  UCX  DEBUG iface 0x5555566af020: adding gid ::ffff:192.168.100.81 to hash on device mlx5_0 port 1 index 22)
[1754457905.663270] [idcgpu01:3394561:0]             sys.c:440  UCX  DEBUG failed to read from /sys/class/infiniband/mlx5_0/ports/1/gid_attrs/types/23: Invalid argument
[1754457905.663274] [idcgpu01:3394561:0]        ud_iface.c:380  UCX  DEBUG iface 0x5555566af020: adding gid ::ffff:192.168.100.81 to hash on device mlx5_0 port 1 index 23)
[1754457905.663287] [idcgpu01:3394561:0]             sys.c:440  UCX  DEBUG failed to read from /sys/class/infiniband/mlx5_0/ports/1/gid_attrs/types/24: Invalid argument
[1754457905.663290] [idcgpu01:3394561:0]        ud_iface.c:380  UCX  DEBUG iface 0x5555566af020: adding gid ::ffff:192.168.100.133 to hash on device mlx5_0 port 1 index 24)
[1754457905.663300] [idcgpu01:3394561:0]             sys.c:440  UCX  DEBUG failed to read from /sys/class/infiniband/mlx5_0/ports/1/gid_attrs/types/25: Invalid argument
[1754457905.663304] [idcgpu01:3394561:0]        ud_iface.c:380  UCX  DEBUG iface 0x5555566af020: adding gid ::ffff:192.168.100.133 to hash on device mlx5_0 port 1 index 25)
[1754457905.663314] [idcgpu01:3394561:0]             sys.c:440  UCX  DEBUG failed to read from /sys/class/infiniband/mlx5_0/ports/1/gid_attrs/types/26: Invalid argument
[1754457905.663322] [idcgpu01:3394561:0]        ud_iface.c:380  UCX  DEBUG iface 0x5555566af020: adding gid fe80::e4e2:adff:fefb:4558 to hash on device mlx5_0 port 1 index 26)
[1754457905.663333] [idcgpu01:3394561:0]             sys.c:440  UCX  DEBUG failed to read from /sys/class/infiniband/mlx5_0/ports/1/gid_attrs/types/27: Invalid argument
[1754457905.663336] [idcgpu01:3394561:0]        ud_iface.c:380  UCX  DEBUG iface 0x5555566af020: adding gid fe80::e4e2:adff:fefb:4558 to hash on device mlx5_0 port 1 index 27)
[1754457905.663348] [idcgpu01:3394561:0]             sys.c:440  UCX  DEBUG failed to read from /sys/class/infiniband/mlx5_0/ports/1/gid_attrs/types/28: Invalid argument
[1754457905.663351] [idcgpu01:3394561:0]        ud_iface.c:380  UCX  DEBUG iface 0x5555566af020: adding gid fe80::6cfe:cdff:feee:9e5e to hash on device mlx5_0 port 1 index 28)
[1754457905.663361] [idcgpu01:3394561:0]             sys.c:440  UCX  DEBUG failed to read from /sys/class/infiniband/mlx5_0/ports/1/gid_attrs/types/29: Invalid argument
[1754457905.663364] [idcgpu01:3394561:0]        ud_iface.c:380  UCX  DEBUG iface 0x5555566af020: adding gid fe80::6cfe:cdff:feee:9e5e to hash on device mlx5_0 port 1 index 29)
[1754457905.663375] [idcgpu01:3394561:0]             sys.c:440  UCX  DEBUG failed to read from /sys/class/infiniband/mlx5_0/ports/1/gid_attrs/types/30: Invalid argument
[1754457905.663379] [idcgpu01:3394561:0]        ud_iface.c:380  UCX  DEBUG iface 0x5555566af020: adding gid ::ffff:192.168.100.134 to hash on device mlx5_0 port 1 index 30)
[1754457905.663389] [idcgpu01:3394561:0]             sys.c:440  UCX  DEBUG failed to read from /sys/class/infiniband/mlx5_0/ports/1/gid_attrs/types/31: Invalid argument
[1754457905.663393] [idcgpu01:3394561:0]        ud_iface.c:380  UCX  DEBUG iface 0x5555566af020: adding gid ::ffff:192.168.100.134 to hash on device mlx5_0 port 1 index 31)
[1754457905.663403] [idcgpu01:3394561:0]             sys.c:440  UCX  DEBUG failed to read from /sys/class/infiniband/mlx5_0/ports/1/gid_attrs/types/32: Invalid argument
[1754457905.663407] [idcgpu01:3394561:0]        ud_iface.c:380  UCX  DEBUG iface 0x5555566af020: adding gid fe80::98b5:abff:fe02:6819 to hash on device mlx5_0 port 1 index 32)
[1754457905.663417] [idcgpu01:3394561:0]             sys.c:440  UCX  DEBUG failed to read from /sys/class/infiniband/mlx5_0/ports/1/gid_attrs/types/33: Invalid argument
[1754457905.663420] [idcgpu01:3394561:0]        ud_iface.c:380  UCX  DEBUG iface 0x5555566af020: adding gid fe80::98b5:abff:fe02:6819 to hash on device mlx5_0 port 1 index 33)
[1754457905.663440] [idcgpu01:3394561:0]             sys.c:440  UCX  DEBUG failed to read from /sys/class/infiniband/mlx5_0/ports/1/gid_attrs/types/34: Invalid argument
[1754457905.663444] [idcgpu01:3394561:0]        ud_iface.c:380  UCX  DEBUG iface 0x5555566af020: adding gid ::ffff:192.168.100.87 to hash on device mlx5_0 port 1 index 34)
[1754457905.663455] [idcgpu01:3394561:0]             sys.c:440  UCX  DEBUG failed to read from /sys/class/infiniband/mlx5_0/ports/1/gid_attrs/types/35: Invalid argument
[1754457905.663471] [idcgpu01:3394561:0]        ud_iface.c:380  UCX  DEBUG iface 0x5555566af020: adding gid ::ffff:192.168.100.87 to hash on device mlx5_0 port 1 index 35)
[1754457905.663481] [idcgpu01:3394561:0]             sys.c:440  UCX  DEBUG failed to read from /sys/class/infiniband/mlx5_0/ports/1/gid_attrs/types/36: Invalid argument
[1754457905.663484] [idcgpu01:3394561:0]        ud_iface.c:380  UCX  DEBUG iface 0x5555566af020: adding gid fe80::2838:cfff:fef1:39de to hash on device mlx5_0 port 1 index 36)
[1754457905.663495] [idcgpu01:3394561:0]             sys.c:440  UCX  DEBUG failed to read from /sys/class/infiniband/mlx5_0/ports/1/gid_attrs/types/37: Invalid argument
[1754457905.663498] [idcgpu01:3394561:0]        ud_iface.c:380  UCX  DEBUG iface 0x5555566af020: adding gid fe80::2838:cfff:fef1:39de to hash on device mlx5_0 port 1 index 37)
[1754457905.663509] [idcgpu01:3394561:0]             sys.c:440  UCX  DEBUG failed to read from /sys/class/infiniband/mlx5_0/ports/1/gid_attrs/types/38: Invalid argument
[1754457905.663517] [idcgpu01:3394561:0]        ud_iface.c:380  UCX  DEBUG iface 0x5555566af020: adding gid ::ffff:192.168.100.22 to hash on device mlx5_0 port 1 index 38)
[1754457905.663528] [idcgpu01:3394561:0]             sys.c:440  UCX  DEBUG failed to read from /sys/class/infiniband/mlx5_0/ports/1/gid_attrs/types/39: Invalid argument
[1754457905.663532] [idcgpu01:3394561:0]        ud_iface.c:380  UCX  DEBUG iface 0x5555566af020: adding gid ::ffff:192.168.100.22 to hash on device mlx5_0 port 1 index 39)
[1754457905.663543] [idcgpu01:3394561:0]             sys.c:440  UCX  DEBUG failed to read from /sys/class/infiniband/mlx5_0/ports/1/gid_attrs/types/40: Invalid argument
[1754457905.663546] [idcgpu01:3394561:0]        ud_iface.c:380  UCX  DEBUG iface 0x5555566af020: adding gid ::ffff:192.168.100.137 to hash on device mlx5_0 port 1 index 40)
[1754457905.663557] [idcgpu01:3394561:0]             sys.c:440  UCX  DEBUG failed to read from /sys/class/infiniband/mlx5_0/ports/1/gid_attrs/types/41: Invalid argument
[1754457905.663559] [idcgpu01:3394561:0]        ud_iface.c:380  UCX  DEBUG iface 0x5555566af020: adding gid ::ffff:192.168.100.137 to hash on device mlx5_0 port 1 index 41)
[1754457905.663570] [idcgpu01:3394561:0]             sys.c:440  UCX  DEBUG failed to read from /sys/class/infiniband/mlx5_0/ports/1/gid_attrs/types/42: Invalid argument
[1754457905.663573] [idcgpu01:3394561:0]        ud_iface.c:380  UCX  DEBUG iface 0x5555566af020: adding gid fe80::48ad:81ff:fe90:227c to hash on device mlx5_0 port 1 index 42)
[1754457905.663585] [idcgpu01:3394561:0]             sys.c:440  UCX  DEBUG failed to read from /sys/class/infiniband/mlx5_0/ports/1/gid_attrs/types/43: Invalid argument
[1754457905.663588] [idcgpu01:3394561:0]        ud_iface.c:380  UCX  DEBUG iface 0x5555566af020: adding gid fe80::48ad:81ff:fe90:227c to hash on device mlx5_0 port 1 index 43)
[1754457905.663601] [idcgpu01:3394561:0]             sys.c:440  UCX  DEBUG failed to read from /sys/class/infiniband/mlx5_0/ports/1/gid_attrs/types/44: Invalid argument
[1754457905.663604] [idcgpu01:3394561:0]        ud_iface.c:380  UCX  DEBUG iface 0x5555566af020: adding gid fe80::459:7eff:fe19:b132 to hash on device mlx5_0 port 1 index 44)
[1754457905.663614] [idcgpu01:3394561:0]             sys.c:440  UCX  DEBUG failed to read from /sys/class/infiniband/mlx5_0/ports/1/gid_attrs/types/45: Invalid argument
[1754457905.663618] [idcgpu01:3394561:0]        ud_iface.c:380  UCX  DEBUG iface 0x5555566af020: adding gid fe80::459:7eff:fe19:b132 to hash on device mlx5_0 port 1 index 45)
[1754457905.663629] [idcgpu01:3394561:0]             sys.c:440  UCX  DEBUG failed to read from /sys/class/infiniband/mlx5_0/ports/1/gid_attrs/types/46: Invalid argument
[1754457905.663640] [idcgpu01:3394561:0]             sys.c:440  UCX  DEBUG failed to read from /sys/class/infiniband/mlx5_0/ports/1/gid_attrs/types/47: Invalid argument
[1754457905.663652] [idcgpu01:3394561:0]             sys.c:440  UCX  DEBUG failed to read from /sys/class/infiniband/mlx5_0/ports/1/gid_attrs/types/48: Invalid argument
[1754457905.663655] [idcgpu01:3394561:0]        ud_iface.c:380  UCX  DEBUG iface 0x5555566af020: adding gid ::ffff:192.168.100.144 to hash on device mlx5_0 port 1 index 48)
[1754457905.663666] [idcgpu01:3394561:0]             sys.c:440  UCX  DEBUG failed to read from /sys/class/infiniband/mlx5_0/ports/1/gid_attrs/types/49: Invalid argument
[1754457905.663670] [idcgpu01:3394561:0]        ud_iface.c:380  UCX  DEBUG iface 0x5555566af020: adding gid ::ffff:192.168.100.144 to hash on device mlx5_0 port 1 index 49)
[1754457905.663681] [idcgpu01:3394561:0]             sys.c:440  UCX  DEBUG failed to read from /sys/class/infiniband/mlx5_0/ports/1/gid_attrs/types/50: Invalid argument
[1754457905.663684] [idcgpu01:3394561:0]        ud_iface.c:380  UCX  DEBUG iface 0x5555566af020: adding gid fe80::a4df:28ff:fe23:d4a to hash on device mlx5_0 port 1 index 50)
[1754457905.663694] [idcgpu01:3394561:0]             sys.c:440  UCX  DEBUG failed to read from /sys/class/infiniband/mlx5_0/ports/1/gid_attrs/types/51: Invalid argument
[1754457905.663702] [idcgpu01:3394561:0]        ud_iface.c:380  UCX  DEBUG iface 0x5555566af020: adding gid fe80::a4df:28ff:fe23:d4a to hash on device mlx5_0 port 1 index 51)
[1754457905.663716] [idcgpu01:3394561:0]             sys.c:440  UCX  DEBUG failed to read from /sys/class/infiniband/mlx5_0/ports/1/gid_attrs/types/52: Invalid argument
[1754457905.663719] [idcgpu01:3394561:0]        ud_iface.c:380  UCX  DEBUG iface 0x5555566af020: adding gid ::ffff:192.168.100.148 to hash on device mlx5_0 port 1 index 52)
[1754457905.663730] [idcgpu01:3394561:0]             sys.c:440  UCX  DEBUG failed to read from /sys/class/infiniband/mlx5_0/ports/1/gid_attrs/types/53: Invalid argument
[1754457905.663734] [idcgpu01:3394561:0]        ud_iface.c:380  UCX  DEBUG iface 0x5555566af020: adding gid ::ffff:192.168.100.148 to hash on device mlx5_0 port 1 index 53)
[1754457905.663744] [idcgpu01:3394561:0]             sys.c:440  UCX  DEBUG failed to read from /sys/class/infiniband/mlx5_0/ports/1/gid_attrs/types/54: Invalid argument
[1754457905.663747] [idcgpu01:3394561:0]        ud_iface.c:380  UCX  DEBUG iface 0x5555566af020: adding gid fe80::3c46:3bff:fee7:22ce to hash on device mlx5_0 port 1 index 54)
[1754457905.663757] [idcgpu01:3394561:0]             sys.c:440  UCX  DEBUG failed to read from /sys/class/infiniband/mlx5_0/ports/1/gid_attrs/types/55: Invalid argument
[1754457905.663761] [idcgpu01:3394561:0]        ud_iface.c:380  UCX  DEBUG iface 0x5555566af020: adding gid fe80::3c46:3bff:fee7:22ce to hash on device mlx5_0 port 1 index 55)
[1754457905.663771] [idcgpu01:3394561:0]             sys.c:440  UCX  DEBUG failed to read from /sys/class/infiniband/mlx5_0/ports/1/gid_attrs/types/56: Invalid argument
[1754457905.663774] [idcgpu01:3394561:0]        ud_iface.c:380  UCX  DEBUG iface 0x5555566af020: adding gid ::ffff:192.168.100.153 to hash on device mlx5_0 port 1 index 56)
[1754457905.663785] [idcgpu01:3394561:0]             sys.c:440  UCX  DEBUG failed to read from /sys/class/infiniband/mlx5_0/ports/1/gid_attrs/types/57: Invalid argument
[1754457905.663788] [idcgpu01:3394561:0]        ud_iface.c:380  UCX  DEBUG iface 0x5555566af020: adding gid ::ffff:192.168.100.153 to hash on device mlx5_0 port 1 index 57)
[1754457905.663799] [idcgpu01:3394561:0]             sys.c:440  UCX  DEBUG failed to read from /sys/class/infiniband/mlx5_0/ports/1/gid_attrs/types/58: Invalid argument
[1754457905.663802] [idcgpu01:3394561:0]        ud_iface.c:380  UCX  DEBUG iface 0x5555566af020: adding gid fe80::344d:3bff:feda:1d74 to hash on device mlx5_0 port 1 index 58)
[1754457905.663812] [idcgpu01:3394561:0]             sys.c:440  UCX  DEBUG failed to read from /sys/class/infiniband/mlx5_0/ports/1/gid_attrs/types/59: Invalid argument
[1754457905.663816] [idcgpu01:3394561:0]        ud_iface.c:380  UCX  DEBUG iface 0x5555566af020: adding gid fe80::344d:3bff:feda:1d74 to hash on device mlx5_0 port 1 index 59)
[1754457905.663826] [idcgpu01:3394561:0]             sys.c:440  UCX  DEBUG failed to read from /sys/class/infiniband/mlx5_0/ports/1/gid_attrs/types/60: Invalid argument
[1754457905.663829] [idcgpu01:3394561:0]        ud_iface.c:380  UCX  DEBUG iface 0x5555566af020: adding gid fe80::205a:58ff:fea2:9977 to hash on device mlx5_0 port 1 index 60)
[1754457905.663839] [idcgpu01:3394561:0]             sys.c:440  UCX  DEBUG failed to read from /sys/class/infiniband/mlx5_0/ports/1/gid_attrs/types/61: Invalid argument
[1754457905.663843] [idcgpu01:3394561:0]        ud_iface.c:380  UCX  DEBUG iface 0x5555566af020: adding gid fe80::205a:58ff:fea2:9977 to hash on device mlx5_0 port 1 index 61)
[1754457905.663853] [idcgpu01:3394561:0]             sys.c:440  UCX  DEBUG failed to read from /sys/class/infiniband/mlx5_0/ports/1/gid_attrs/types/62: Invalid argument
[1754457905.663864] [idcgpu01:3394561:0]             sys.c:440  UCX  DEBUG failed to read from /sys/class/infiniband/mlx5_0/ports/1/gid_attrs/types/63: Invalid argument
[1754457905.663875] [idcgpu01:3394561:0]             sys.c:440  UCX  DEBUG failed to read from /sys/class/infiniband/mlx5_0/ports/1/gid_attrs/types/64: Invalid argument
[1754457905.663891] [idcgpu01:3394561:0]             sys.c:440  UCX  DEBUG failed to read from /sys/class/infiniband/mlx5_0/ports/1/gid_attrs/types/65: Invalid argument
[1754457905.663901] [idcgpu01:3394561:0]             sys.c:440  UCX  DEBUG failed to read from /sys/class/infiniband/mlx5_0/ports/1/gid_attrs/types/66: Invalid argument
[1754457905.663912] [idcgpu01:3394561:0]             sys.c:440  UCX  DEBUG failed to read from /sys/class/infiniband/mlx5_0/ports/1/gid_attrs/types/67: Invalid argument
[1754457905.663923] [idcgpu01:3394561:0]             sys.c:440  UCX  DEBUG failed to read from /sys/class/infiniband/mlx5_0/ports/1/gid_attrs/types/68: Invalid argument
[1754457905.663934] [idcgpu01:3394561:0]             sys.c:440  UCX  DEBUG failed to read from /sys/class/infiniband/mlx5_0/ports/1/gid_attrs/types/69: Invalid argument
[1754457905.663946] [idcgpu01:3394561:0]             sys.c:440  UCX  DEBUG failed to read from /sys/class/infiniband/mlx5_0/ports/1/gid_attrs/types/70: Invalid argument
[1754457905.663957] [idcgpu01:3394561:0]             sys.c:440  UCX  DEBUG failed to read from /sys/class/infiniband/mlx5_0/ports/1/gid_attrs/types/71: Invalid argument
[1754457905.663967] [idcgpu01:3394561:0]             sys.c:440  UCX  DEBUG failed to read from /sys/class/infiniband/mlx5_0/ports/1/gid_attrs/types/72: Invalid argument
[1754457905.663978] [idcgpu01:3394561:0]             sys.c:440  UCX  DEBUG failed to read from /sys/class/infiniband/mlx5_0/ports/1/gid_attrs/types/73: Invalid argument
[1754457905.663989] [idcgpu01:3394561:0]             sys.c:440  UCX  DEBUG failed to read from /sys/class/infiniband/mlx5_0/ports/1/gid_attrs/types/74: Invalid argument
[1754457905.664000] [idcgpu01:3394561:0]             sys.c:440  UCX  DEBUG failed to read from /sys/class/infiniband/mlx5_0/ports/1/gid_attrs/types/75: Invalid argument
[1754457905.664013] [idcgpu01:3394561:0]             sys.c:440  UCX  DEBUG failed to read from /sys/class/infiniband/mlx5_0/ports/1/gid_attrs/types/76: Invalid argument
[1754457905.664023] [idcgpu01:3394561:0]             sys.c:440  UCX  DEBUG failed to read from /sys/class/infiniband/mlx5_0/ports/1/gid_attrs/types/77: Invalid argument
[1754457905.664035] [idcgpu01:3394561:0]             sys.c:440  UCX  DEBUG failed to read from /sys/class/infiniband/mlx5_0/ports/1/gid_attrs/types/78: Invalid argument
[1754457905.664045] [idcgpu01:3394561:0]             sys.c:440  UCX  DEBUG failed to read from /sys/class/infiniband/mlx5_0/ports/1/gid_attrs/types/79: Invalid argument
[1754457905.664056] [idcgpu01:3394561:0]             sys.c:440  UCX  DEBUG failed to read from /sys/class/infiniband/mlx5_0/ports/1/gid_attrs/types/80: Invalid argument
[1754457905.664066] [idcgpu01:3394561:0]             sys.c:440  UCX  DEBUG failed to read from /sys/class/infiniband/mlx5_0/ports/1/gid_attrs/types/81: Invalid argument
[1754457905.664077] [idcgpu01:3394561:0]             sys.c:440  UCX  DEBUG failed to read from /sys/class/infiniband/mlx5_0/ports/1/gid_attrs/types/82: Invalid argument
[1754457905.664088] [idcgpu01:3394561:0]             sys.c:440  UCX  DEBUG failed to read from /sys/class/infiniband/mlx5_0/ports/1/gid_attrs/types/83: Invalid argument
[1754457905.664099] [idcgpu01:3394561:0]             sys.c:440  UCX  DEBUG failed to read from /sys/class/infiniband/mlx5_0/ports/1/gid_attrs/types/84: Invalid argument
[1754457905.664109] [idcgpu01:3394561:0]             sys.c:440  UCX  DEBUG failed to read from /sys/class/infiniband/mlx5_0/ports/1/gid_attrs/types/85: Invalid argument
[1754457905.664122] [idcgpu01:3394561:0]             sys.c:440  UCX  DEBUG failed to read from /sys/class/infiniband/mlx5_0/ports/1/gid_attrs/types/86: Invalid argument
[1754457905.664133] [idcgpu01:3394561:0]             sys.c:440  UCX  DEBUG failed to read from /sys/class/infiniband/mlx5_0/ports/1/gid_attrs/types/87: Invalid argument
[1754457905.664144] [idcgpu01:3394561:0]             sys.c:440  UCX  DEBUG failed to read from /sys/class/infiniband/mlx5_0/ports/1/gid_attrs/types/88: Invalid argument
[1754457905.664159] [idcgpu01:3394561:0]             sys.c:440  UCX  DEBUG failed to read from /sys/class/infiniband/mlx5_0/ports/1/gid_attrs/types/89: Invalid argument
[1754457905.664170] [idcgpu01:3394561:0]             sys.c:440  UCX  DEBUG failed to read from /sys/class/infiniband/mlx5_0/ports/1/gid_attrs/types/90: Invalid argument
[1754457905.664181] [idcgpu01:3394561:0]             sys.c:440  UCX  DEBUG failed to read from /sys/class/infiniband/mlx5_0/ports/1/gid_attrs/types/91: Invalid argument
[1754457905.664192] [idcgpu01:3394561:0]             sys.c:440  UCX  DEBUG failed to read from /sys/class/infiniband/mlx5_0/ports/1/gid_attrs/types/92: Invalid argument
[1754457905.664203] [idcgpu01:3394561:0]             sys.c:440  UCX  DEBUG failed to read from /sys/class/infiniband/mlx5_0/ports/1/gid_attrs/types/93: Invalid argument
[1754457905.664214] [idcgpu01:3394561:0]             sys.c:440  UCX  DEBUG failed to read from /sys/class/infiniband/mlx5_0/ports/1/gid_attrs/types/94: Invalid argument
[1754457905.664225] [idcgpu01:3394561:0]             sys.c:440  UCX  DEBUG failed to read from /sys/class/infiniband/mlx5_0/ports/1/gid_attrs/types/95: Invalid argument
[1754457905.664235] [idcgpu01:3394561:0]             sys.c:440  UCX  DEBUG failed to read from /sys/class/infiniband/mlx5_0/ports/1/gid_attrs/types/96: Invalid argument
[1754457905.664246] [idcgpu01:3394561:0]             sys.c:440  UCX  DEBUG failed to read from /sys/class/infiniband/mlx5_0/ports/1/gid_attrs/types/97: Invalid argument
[1754457905.664256] [idcgpu01:3394561:0]             sys.c:440  UCX  DEBUG failed to read from /sys/class/infiniband/mlx5_0/ports/1/gid_attrs/types/98: Invalid argument
[1754457905.664266] [idcgpu01:3394561:0]             sys.c:440  UCX  DEBUG failed to read from /sys/class/infiniband/mlx5_0/ports/1/gid_attrs/types/99: Invalid argument
[1754457905.664277] [idcgpu01:3394561:0]             sys.c:440  UCX  DEBUG failed to read from /sys/class/infiniband/mlx5_0/ports/1/gid_attrs/types/100: Invalid argument
[1754457905.664288] [idcgpu01:3394561:0]             sys.c:440  UCX  DEBUG failed to read from /sys/class/infiniband/mlx5_0/ports/1/gid_attrs/types/101: Invalid argument
[1754457905.664299] [idcgpu01:3394561:0]             sys.c:440  UCX  DEBUG failed to read from /sys/class/infiniband/mlx5_0/ports/1/gid_attrs/types/102: Invalid argument
[1754457905.664310] [idcgpu01:3394561:0]             sys.c:440  UCX  DEBUG failed to read from /sys/class/infiniband/mlx5_0/ports/1/gid_attrs/types/103: Invalid argument
[1754457905.664320] [idcgpu01:3394561:0]             sys.c:440  UCX  DEBUG failed to read from /sys/class/infiniband/mlx5_0/ports/1/gid_attrs/types/104: Invalid argument
[1754457905.664331] [idcgpu01:3394561:0]             sys.c:440  UCX  DEBUG failed to read from /sys/class/infiniband/mlx5_0/ports/1/gid_attrs/types/105: Invalid argument
[1754457905.664341] [idcgpu01:3394561:0]             sys.c:440  UCX  DEBUG failed to read from /sys/class/infiniband/mlx5_0/ports/1/gid_attrs/types/106: Invalid argument
[1754457905.664351] [idcgpu01:3394561:0]             sys.c:440  UCX  DEBUG failed to read from /sys/class/infiniband/mlx5_0/ports/1/gid_attrs/types/107: Invalid argument
[1754457905.664362] [idcgpu01:3394561:0]             sys.c:440  UCX  DEBUG failed to read from /sys/class/infiniband/mlx5_0/ports/1/gid_attrs/types/108: Invalid argument
[1754457905.664372] [idcgpu01:3394561:0]             sys.c:440  UCX  DEBUG failed to read from /sys/class/infiniband/mlx5_0/ports/1/gid_attrs/types/109: Invalid argument
[1754457905.664383] [idcgpu01:3394561:0]             sys.c:440  UCX  DEBUG failed to read from /sys/class/infiniband/mlx5_0/ports/1/gid_attrs/types/110: Invalid argument
[1754457905.664393] [idcgpu01:3394561:0]             sys.c:440  UCX  DEBUG failed to read from /sys/class/infiniband/mlx5_0/ports/1/gid_attrs/types/111: Invalid argument
[1754457905.664404] [idcgpu01:3394561:0]             sys.c:440  UCX  DEBUG failed to read from /sys/class/infiniband/mlx5_0/ports/1/gid_attrs/types/112: Invalid argument
[1754457905.664423] [idcgpu01:3394561:0]             sys.c:440  UCX  DEBUG failed to read from /sys/class/infiniband/mlx5_0/ports/1/gid_attrs/types/113: Invalid argument
[1754457905.664442] [idcgpu01:3394561:0]             sys.c:440  UCX  DEBUG failed to read from /sys/class/infiniband/mlx5_0/ports/1/gid_attrs/types/114: Invalid argument
[1754457905.664453] [idcgpu01:3394561:0]             sys.c:440  UCX  DEBUG failed to read from /sys/class/infiniband/mlx5_0/ports/1/gid_attrs/types/115: Invalid argument
[1754457905.664463] [idcgpu01:3394561:0]             sys.c:440  UCX  DEBUG failed to read from /sys/class/infiniband/mlx5_0/ports/1/gid_attrs/types/116: Invalid argument
[1754457905.664474] [idcgpu01:3394561:0]             sys.c:440  UCX  DEBUG failed to read from /sys/class/infiniband/mlx5_0/ports/1/gid_attrs/types/117: Invalid argument
[1754457905.664485] [idcgpu01:3394561:0]             sys.c:440  UCX  DEBUG failed to read from /sys/class/infiniband/mlx5_0/ports/1/gid_attrs/types/118: Invalid argument
[1754457905.664495] [idcgpu01:3394561:0]             sys.c:440  UCX  DEBUG failed to read from /sys/class/infiniband/mlx5_0/ports/1/gid_attrs/types/119: Invalid argument
[1754457905.664506] [idcgpu01:3394561:0]             sys.c:440  UCX  DEBUG failed to read from /sys/class/infiniband/mlx5_0/ports/1/gid_attrs/types/120: Invalid argument
[1754457905.664516] [idcgpu01:3394561:0]             sys.c:440  UCX  DEBUG failed to read from /sys/class/infiniband/mlx5_0/ports/1/gid_attrs/types/121: Invalid argument
[1754457905.664527] [idcgpu01:3394561:0]             sys.c:440  UCX  DEBUG failed to read from /sys/class/infiniband/mlx5_0/ports/1/gid_attrs/types/122: Invalid argument
[1754457905.664537] [idcgpu01:3394561:0]             sys.c:440  UCX  DEBUG failed to read from /sys/class/infiniband/mlx5_0/ports/1/gid_attrs/types/123: Invalid argument
[1754457905.664547] [idcgpu01:3394561:0]             sys.c:440  UCX  DEBUG failed to read from /sys/class/infiniband/mlx5_0/ports/1/gid_attrs/types/124: Invalid argument
[1754457905.664556] [idcgpu01:3394561:0]             sys.c:440  UCX  DEBUG failed to read from /sys/class/infiniband/mlx5_0/ports/1/gid_attrs/types/125: Invalid argument
[1754457905.664566] [idcgpu01:3394561:0]             sys.c:440  UCX  DEBUG failed to read from /sys/class/infiniband/mlx5_0/ports/1/gid_attrs/types/126: Invalid argument
[1754457905.664575] [idcgpu01:3394561:0]             sys.c:440  UCX  DEBUG failed to read from /sys/class/infiniband/mlx5_0/ports/1/gid_attrs/types/127: Invalid argument
[1754457905.664587] [idcgpu01:3394561:0]             sys.c:440  UCX  DEBUG failed to read from /sys/class/infiniband/mlx5_0/ports/1/gid_attrs/types/128: Invalid argument
[1754457905.664597] [idcgpu01:3394561:0]             sys.c:440  UCX  DEBUG failed to read from /sys/class/infiniband/mlx5_0/ports/1/gid_attrs/types/129: Invalid argument
[1754457905.664608] [idcgpu01:3394561:0]             sys.c:440  UCX  DEBUG failed to read from /sys/class/infiniband/mlx5_0/ports/1/gid_attrs/types/130: Invalid argument
[1754457905.664619] [idcgpu01:3394561:0]             sys.c:440  UCX  DEBUG failed to read from /sys/class/infiniband/mlx5_0/ports/1/gid_attrs/types/131: Invalid argument
[1754457905.664629] [idcgpu01:3394561:0]             sys.c:440  UCX  DEBUG failed to read from /sys/class/infiniband/mlx5_0/ports/1/gid_attrs/types/132: Invalid argument
[1754457905.664640] [idcgpu01:3394561:0]             sys.c:440  UCX  DEBUG failed to read from /sys/class/infiniband/mlx5_0/ports/1/gid_attrs/types/133: Invalid argument
[1754457905.664650] [idcgpu01:3394561:0]             sys.c:440  UCX  DEBUG failed to read from /sys/class/infiniband/mlx5_0/ports/1/gid_attrs/types/134: Invalid argument
[1754457905.664661] [idcgpu01:3394561:0]             sys.c:440  UCX  DEBUG failed to read from /sys/class/infiniband/mlx5_0/ports/1/gid_attrs/types/135: Invalid argument
[1754457905.664672] [idcgpu01:3394561:0]             sys.c:440  UCX  DEBUG failed to read from /sys/class/infiniband/mlx5_0/ports/1/gid_attrs/types/136: Invalid argument
[1754457905.664682] [idcgpu01:3394561:0]             sys.c:440  UCX  DEBUG failed to read from /sys/class/infiniband/mlx5_0/ports/1/gid_attrs/types/137: Invalid argument
[1754457905.664699] [idcgpu01:3394561:0]             sys.c:440  UCX  DEBUG failed to read from /sys/class/infiniband/mlx5_0/ports/1/gid_attrs/types/138: Invalid argument
[1754457905.664711] [idcgpu01:3394561:0]             sys.c:440  UCX  DEBUG failed to read from /sys/class/infiniband/mlx5_0/ports/1/gid_attrs/types/139: Invalid argument
[1754457905.664723] [idcgpu01:3394561:0]             sys.c:440  UCX  DEBUG failed to read from /sys/class/infiniband/mlx5_0/ports/1/gid_attrs/types/140: Invalid argument
[1754457905.664734] [idcgpu01:3394561:0]             sys.c:440  UCX  DEBUG failed to read from /sys/class/infiniband/mlx5_0/ports/1/gid_attrs/types/141: Invalid argument
[1754457905.664744] [idcgpu01:3394561:0]             sys.c:440  UCX  DEBUG failed to read from /sys/class/infiniband/mlx5_0/ports/1/gid_attrs/types/142: Invalid argument
[1754457905.664755] [idcgpu01:3394561:0]             sys.c:440  UCX  DEBUG failed to read from /sys/class/infiniband/mlx5_0/ports/1/gid_attrs/types/143: Invalid argument
[1754457905.664766] [idcgpu01:3394561:0]             sys.c:440  UCX  DEBUG failed to read from /sys/class/infiniband/mlx5_0/ports/1/gid_attrs/types/144: Invalid argument
[1754457905.664775] [idcgpu01:3394561:0]             sys.c:440  UCX  DEBUG failed to read from /sys/class/infiniband/mlx5_0/ports/1/gid_attrs/types/145: Invalid argument
[1754457905.664785] [idcgpu01:3394561:0]             sys.c:440  UCX  DEBUG failed to read from /sys/class/infiniband/mlx5_0/ports/1/gid_attrs/types/146: Invalid argument
[1754457905.664796] [idcgpu01:3394561:0]             sys.c:440  UCX  DEBUG failed to read from /sys/class/infiniband/mlx5_0/ports/1/gid_attrs/types/147: Invalid argument
[1754457905.664806] [idcgpu01:3394561:0]             sys.c:440  UCX  DEBUG failed to read from /sys/class/infiniband/mlx5_0/ports/1/gid_attrs/types/148: Invalid argument
[1754457905.664817] [idcgpu01:3394561:0]             sys.c:440  UCX  DEBUG failed to read from /sys/class/infiniband/mlx5_0/ports/1/gid_attrs/types/149: Invalid argument
[1754457905.664828] [idcgpu01:3394561:0]             sys.c:440  UCX  DEBUG failed to read from /sys/class/infiniband/mlx5_0/ports/1/gid_attrs/types/150: Invalid argument
[1754457905.664839] [idcgpu01:3394561:0]             sys.c:440  UCX  DEBUG failed to read from /sys/class/infiniband/mlx5_0/ports/1/gid_attrs/types/151: Invalid argument
[1754457905.664850] [idcgpu01:3394561:0]             sys.c:440  UCX  DEBUG failed to read from /sys/class/infiniband/mlx5_0/ports/1/gid_attrs/types/152: Invalid argument
[1754457905.664861] [idcgpu01:3394561:0]             sys.c:440  UCX  DEBUG failed to read from /sys/class/infiniband/mlx5_0/ports/1/gid_attrs/types/153: Invalid argument
[1754457905.664871] [idcgpu01:3394561:0]             sys.c:440  UCX  DEBUG failed to read from /sys/class/infiniband/mlx5_0/ports/1/gid_attrs/types/154: Invalid argument
[1754457905.664882] [idcgpu01:3394561:0]             sys.c:440  UCX  DEBUG failed to read from /sys/class/infiniband/mlx5_0/ports/1/gid_attrs/types/155: Invalid argument
[1754457905.664892] [idcgpu01:3394561:0]             sys.c:440  UCX  DEBUG failed to read from /sys/class/infiniband/mlx5_0/ports/1/gid_attrs/types/156: Invalid argument
[1754457905.664903] [idcgpu01:3394561:0]             sys.c:440  UCX  DEBUG failed to read from /sys/class/infiniband/mlx5_0/ports/1/gid_attrs/types/157: Invalid argument
[1754457905.664914] [idcgpu01:3394561:0]             sys.c:440  UCX  DEBUG failed to read from /sys/class/infiniband/mlx5_0/ports/1/gid_attrs/types/158: Invalid argument
[1754457905.664925] [idcgpu01:3394561:0]             sys.c:440  UCX  DEBUG failed to read from /sys/class/infiniband/mlx5_0/ports/1/gid_attrs/types/159: Invalid argument
[1754457905.664936] [idcgpu01:3394561:0]             sys.c:440  UCX  DEBUG failed to read from /sys/class/infiniband/mlx5_0/ports/1/gid_attrs/types/160: Invalid argument
[1754457905.664946] [idcgpu01:3394561:0]             sys.c:440  UCX  DEBUG failed to read from /sys/class/infiniband/mlx5_0/ports/1/gid_attrs/types/161: Invalid argument
[1754457905.664962] [idcgpu01:3394561:0]             sys.c:440  UCX  DEBUG failed to read from /sys/class/infiniband/mlx5_0/ports/1/gid_attrs/types/162: Invalid argument
[1754457905.664972] [idcgpu01:3394561:0]             sys.c:440  UCX  DEBUG failed to read from /sys/class/infiniband/mlx5_0/ports/1/gid_attrs/types/163: Invalid argument
[1754457905.664983] [idcgpu01:3394561:0]             sys.c:440  UCX  DEBUG failed to read from /sys/class/infiniband/mlx5_0/ports/1/gid_attrs/types/164: Invalid argument
[1754457905.664994] [idcgpu01:3394561:0]             sys.c:440  UCX  DEBUG failed to read from /sys/class/infiniband/mlx5_0/ports/1/gid_attrs/types/165: Invalid argument
[1754457905.665006] [idcgpu01:3394561:0]             sys.c:440  UCX  DEBUG failed to read from /sys/class/infiniband/mlx5_0/ports/1/gid_attrs/types/166: Invalid argument
[1754457905.665017] [idcgpu01:3394561:0]             sys.c:440  UCX  DEBUG failed to read from /sys/class/infiniband/mlx5_0/ports/1/gid_attrs/types/167: Invalid argument
[1754457905.665028] [idcgpu01:3394561:0]             sys.c:440  UCX  DEBUG failed to read from /sys/class/infiniband/mlx5_0/ports/1/gid_attrs/types/168: Invalid argument
[1754457905.665038] [idcgpu01:3394561:0]             sys.c:440  UCX  DEBUG failed to read from /sys/class/infiniband/mlx5_0/ports/1/gid_attrs/types/169: Invalid argument
[1754457905.665052] [idcgpu01:3394561:0]             sys.c:440  UCX  DEBUG failed to read from /sys/class/infiniband/mlx5_0/ports/1/gid_attrs/types/170: Invalid argument
[1754457905.665064] [idcgpu01:3394561:0]             sys.c:440  UCX  DEBUG failed to read from /sys/class/infiniband/mlx5_0/ports/1/gid_attrs/types/171: Invalid argument
[1754457905.665075] [idcgpu01:3394561:0]             sys.c:440  UCX  DEBUG failed to read from /sys/class/infiniband/mlx5_0/ports/1/gid_attrs/types/172: Invalid argument
[1754457905.665086] [idcgpu01:3394561:0]             sys.c:440  UCX  DEBUG failed to read from /sys/class/infiniband/mlx5_0/ports/1/gid_attrs/types/173: Invalid argument
[1754457905.665098] [idcgpu01:3394561:0]             sys.c:440  UCX  DEBUG failed to read from /sys/class/infiniband/mlx5_0/ports/1/gid_attrs/types/174: Invalid argument
[1754457905.665109] [idcgpu01:3394561:0]             sys.c:440  UCX  DEBUG failed to read from /sys/class/infiniband/mlx5_0/ports/1/gid_attrs/types/175: Invalid argument
[1754457905.665119] [idcgpu01:3394561:0]             sys.c:440  UCX  DEBUG failed to read from /sys/class/infiniband/mlx5_0/ports/1/gid_attrs/types/176: Invalid argument
[1754457905.665129] [idcgpu01:3394561:0]             sys.c:440  UCX  DEBUG failed to read from /sys/class/infiniband/mlx5_0/ports/1/gid_attrs/types/177: Invalid argument
[1754457905.665139] [idcgpu01:3394561:0]             sys.c:440  UCX  DEBUG failed to read from /sys/class/infiniband/mlx5_0/ports/1/gid_attrs/types/178: Invalid argument
[1754457905.665148] [idcgpu01:3394561:0]             sys.c:440  UCX  DEBUG failed to read from /sys/class/infiniband/mlx5_0/ports/1/gid_attrs/types/179: Invalid argument
[1754457905.665158] [idcgpu01:3394561:0]             sys.c:440  UCX  DEBUG failed to read from /sys/class/infiniband/mlx5_0/ports/1/gid_attrs/types/180: Invalid argument
[1754457905.665168] [idcgpu01:3394561:0]             sys.c:440  UCX  DEBUG failed to read from /sys/class/infiniband/mlx5_0/ports/1/gid_attrs/types/181: Invalid argument
[1754457905.665178] [idcgpu01:3394561:0]             sys.c:440  UCX  DEBUG failed to read from /sys/class/infiniband/mlx5_0/ports/1/gid_attrs/types/182: Invalid argument
[1754457905.665188] [idcgpu01:3394561:0]             sys.c:440  UCX  DEBUG failed to read from /sys/class/infiniband/mlx5_0/ports/1/gid_attrs/types/183: Invalid argument
[1754457905.665198] [idcgpu01:3394561:0]             sys.c:440  UCX  DEBUG failed to read from /sys/class/infiniband/mlx5_0/ports/1/gid_attrs/types/184: Invalid argument
[1754457905.665209] [idcgpu01:3394561:0]             sys.c:440  UCX  DEBUG failed to read from /sys/class/infiniband/mlx5_0/ports/1/gid_attrs/types/185: Invalid argument
[1754457905.665223] [idcgpu01:3394561:0]             sys.c:440  UCX  DEBUG failed to read from /sys/class/infiniband/mlx5_0/ports/1/gid_attrs/types/186: Invalid argument
[1754457905.665234] [idcgpu01:3394561:0]             sys.c:440  UCX  DEBUG failed to read from /sys/class/infiniband/mlx5_0/ports/1/gid_attrs/types/187: Invalid argument
[1754457905.665244] [idcgpu01:3394561:0]             sys.c:440  UCX  DEBUG failed to read from /sys/class/infiniband/mlx5_0/ports/1/gid_attrs/types/188: Invalid argument
[1754457905.665255] [idcgpu01:3394561:0]             sys.c:440  UCX  DEBUG failed to read from /sys/class/infiniband/mlx5_0/ports/1/gid_attrs/types/189: Invalid argument
[1754457905.665266] [idcgpu01:3394561:0]             sys.c:440  UCX  DEBUG failed to read from /sys/class/infiniband/mlx5_0/ports/1/gid_attrs/types/190: Invalid argument
[1754457905.665277] [idcgpu01:3394561:0]             sys.c:440  UCX  DEBUG failed to read from /sys/class/infiniband/mlx5_0/ports/1/gid_attrs/types/191: Invalid argument
[1754457905.665288] [idcgpu01:3394561:0]             sys.c:440  UCX  DEBUG failed to read from /sys/class/infiniband/mlx5_0/ports/1/gid_attrs/types/192: Invalid argument
[1754457905.665298] [idcgpu01:3394561:0]             sys.c:440  UCX  DEBUG failed to read from /sys/class/infiniband/mlx5_0/ports/1/gid_attrs/types/193: Invalid argument
[1754457905.665309] [idcgpu01:3394561:0]             sys.c:440  UCX  DEBUG failed to read from /sys/class/infiniband/mlx5_0/ports/1/gid_attrs/types/194: Invalid argument
[1754457905.665320] [idcgpu01:3394561:0]             sys.c:440  UCX  DEBUG failed to read from /sys/class/infiniband/mlx5_0/ports/1/gid_attrs/types/195: Invalid argument
[1754457905.665330] [idcgpu01:3394561:0]             sys.c:440  UCX  DEBUG failed to read from /sys/class/infiniband/mlx5_0/ports/1/gid_attrs/types/196: Invalid argument
[1754457905.665340] [idcgpu01:3394561:0]             sys.c:440  UCX  DEBUG failed to read from /sys/class/infiniband/mlx5_0/ports/1/gid_attrs/types/197: Invalid argument
[1754457905.665351] [idcgpu01:3394561:0]             sys.c:440  UCX  DEBUG failed to read from /sys/class/infiniband/mlx5_0/ports/1/gid_attrs/types/198: Invalid argument
[1754457905.665362] [idcgpu01:3394561:0]             sys.c:440  UCX  DEBUG failed to read from /sys/class/infiniband/mlx5_0/ports/1/gid_attrs/types/199: Invalid argument
[1754457905.665372] [idcgpu01:3394561:0]             sys.c:440  UCX  DEBUG failed to read from /sys/class/infiniband/mlx5_0/ports/1/gid_attrs/types/200: Invalid argument
[1754457905.665383] [idcgpu01:3394561:0]             sys.c:440  UCX  DEBUG failed to read from /sys/class/infiniband/mlx5_0/ports/1/gid_attrs/types/201: Invalid argument
[1754457905.665395] [idcgpu01:3394561:0]             sys.c:440  UCX  DEBUG failed to read from /sys/class/infiniband/mlx5_0/ports/1/gid_attrs/types/202: Invalid argument
[1754457905.665405] [idcgpu01:3394561:0]             sys.c:440  UCX  DEBUG failed to read from /sys/class/infiniband/mlx5_0/ports/1/gid_attrs/types/203: Invalid argument
[1754457905.665416] [idcgpu01:3394561:0]             sys.c:440  UCX  DEBUG failed to read from /sys/class/infiniband/mlx5_0/ports/1/gid_attrs/types/204: Invalid argument
[1754457905.665426] [idcgpu01:3394561:0]             sys.c:440  UCX  DEBUG failed to read from /sys/class/infiniband/mlx5_0/ports/1/gid_attrs/types/205: Invalid argument
[1754457905.665443] [idcgpu01:3394561:0]             sys.c:440  UCX  DEBUG failed to read from /sys/class/infiniband/mlx5_0/ports/1/gid_attrs/types/206: Invalid argument
[1754457905.665455] [idcgpu01:3394561:0]             sys.c:440  UCX  DEBUG failed to read from /sys/class/infiniband/mlx5_0/ports/1/gid_attrs/types/207: Invalid argument
[1754457905.665466] [idcgpu01:3394561:0]             sys.c:440  UCX  DEBUG failed to read from /sys/class/infiniband/mlx5_0/ports/1/gid_attrs/types/208: Invalid argument
[1754457905.665476] [idcgpu01:3394561:0]             sys.c:440  UCX  DEBUG failed to read from /sys/class/infiniband/mlx5_0/ports/1/gid_attrs/types/209: Invalid argument
[1754457905.665660] [idcgpu01:3394561:0]             sys.c:440  UCX  DEBUG failed to read from /sys/class/infiniband/mlx5_0/ports/1/gid_attrs/types/210: Invalid argument
[1754457905.665671] [idcgpu01:3394561:0]             sys.c:440  UCX  DEBUG failed to read from /sys/class/infiniband/mlx5_0/ports/1/gid_attrs/types/211: Invalid argument
[1754457905.665684] [idcgpu01:3394561:0]             sys.c:440  UCX  DEBUG failed to read from /sys/class/infiniband/mlx5_0/ports/1/gid_attrs/types/212: Invalid argument
[1754457905.665695] [idcgpu01:3394561:0]             sys.c:440  UCX  DEBUG failed to read from /sys/class/infiniband/mlx5_0/ports/1/gid_attrs/types/213: Invalid argument
[1754457905.665706] [idcgpu01:3394561:0]             sys.c:440  UCX  DEBUG failed to read from /sys/class/infiniband/mlx5_0/ports/1/gid_attrs/types/214: Invalid argument
[1754457905.665718] [idcgpu01:3394561:0]             sys.c:440  UCX  DEBUG failed to read from /sys/class/infiniband/mlx5_0/ports/1/gid_attrs/types/215: Invalid argument
[1754457905.665729] [idcgpu01:3394561:0]             sys.c:440  UCX  DEBUG failed to read from /sys/class/infiniband/mlx5_0/ports/1/gid_attrs/types/216: Invalid argument
[1754457905.665740] [idcgpu01:3394561:0]             sys.c:440  UCX  DEBUG failed to read from /sys/class/infiniband/mlx5_0/ports/1/gid_attrs/types/217: Invalid argument
[1754457905.665751] [idcgpu01:3394561:0]             sys.c:440  UCX  DEBUG failed to read from /sys/class/infiniband/mlx5_0/ports/1/gid_attrs/types/218: Invalid argument
[1754457905.665762] [idcgpu01:3394561:0]             sys.c:440  UCX  DEBUG failed to read from /sys/class/infiniband/mlx5_0/ports/1/gid_attrs/types/219: Invalid argument
[1754457905.665773] [idcgpu01:3394561:0]             sys.c:440  UCX  DEBUG failed to read from /sys/class/infiniband/mlx5_0/ports/1/gid_attrs/types/220: Invalid argument
[1754457905.665784] [idcgpu01:3394561:0]             sys.c:440  UCX  DEBUG failed to read from /sys/class/infiniband/mlx5_0/ports/1/gid_attrs/types/221: Invalid argument
[1754457905.665795] [idcgpu01:3394561:0]             sys.c:440  UCX  DEBUG failed to read from /sys/class/infiniband/mlx5_0/ports/1/gid_attrs/types/222: Invalid argument
[1754457905.665806] [idcgpu01:3394561:0]             sys.c:440  UCX  DEBUG failed to read from /sys/class/infiniband/mlx5_0/ports/1/gid_attrs/types/223: Invalid argument
[1754457905.665817] [idcgpu01:3394561:0]             sys.c:440  UCX  DEBUG failed to read from /sys/class/infiniband/mlx5_0/ports/1/gid_attrs/types/224: Invalid argument
[1754457905.665828] [idcgpu01:3394561:0]             sys.c:440  UCX  DEBUG failed to read from /sys/class/infiniband/mlx5_0/ports/1/gid_attrs/types/225: Invalid argument
[1754457905.665839] [idcgpu01:3394561:0]             sys.c:440  UCX  DEBUG failed to read from /sys/class/infiniband/mlx5_0/ports/1/gid_attrs/types/226: Invalid argument
[1754457905.665851] [idcgpu01:3394561:0]             sys.c:440  UCX  DEBUG failed to read from /sys/class/infiniband/mlx5_0/ports/1/gid_attrs/types/227: Invalid argument
[1754457905.665862] [idcgpu01:3394561:0]             sys.c:440  UCX  DEBUG failed to read from /sys/class/infiniband/mlx5_0/ports/1/gid_attrs/types/228: Invalid argument
[1754457905.665873] [idcgpu01:3394561:0]             sys.c:440  UCX  DEBUG failed to read from /sys/class/infiniband/mlx5_0/ports/1/gid_attrs/types/229: Invalid argument
[1754457905.665884] [idcgpu01:3394561:0]             sys.c:440  UCX  DEBUG failed to read from /sys/class/infiniband/mlx5_0/ports/1/gid_attrs/types/230: Invalid argument
[1754457905.665896] [idcgpu01:3394561:0]             sys.c:440  UCX  DEBUG failed to read from /sys/class/infiniband/mlx5_0/ports/1/gid_attrs/types/231: Invalid argument
[1754457905.665907] [idcgpu01:3394561:0]             sys.c:440  UCX  DEBUG failed to read from /sys/class/infiniband/mlx5_0/ports/1/gid_attrs/types/232: Invalid argument
[1754457905.665918] [idcgpu01:3394561:0]             sys.c:440  UCX  DEBUG failed to read from /sys/class/infiniband/mlx5_0/ports/1/gid_attrs/types/233: Invalid argument
[1754457905.665935] [idcgpu01:3394561:0]             sys.c:440  UCX  DEBUG failed to read from /sys/class/infiniband/mlx5_0/ports/1/gid_attrs/types/234: Invalid argument
[1754457905.665947] [idcgpu01:3394561:0]             sys.c:440  UCX  DEBUG failed to read from /sys/class/infiniband/mlx5_0/ports/1/gid_attrs/types/235: Invalid argument
[1754457905.665957] [idcgpu01:3394561:0]             sys.c:440  UCX  DEBUG failed to read from /sys/class/infiniband/mlx5_0/ports/1/gid_attrs/types/236: Invalid argument
[1754457905.665969] [idcgpu01:3394561:0]             sys.c:440  UCX  DEBUG failed to read from /sys/class/infiniband/mlx5_0/ports/1/gid_attrs/types/237: Invalid argument
[1754457905.665981] [idcgpu01:3394561:0]             sys.c:440  UCX  DEBUG failed to read from /sys/class/infiniband/mlx5_0/ports/1/gid_attrs/types/238: Invalid argument
[1754457905.665992] [idcgpu01:3394561:0]             sys.c:440  UCX  DEBUG failed to read from /sys/class/infiniband/mlx5_0/ports/1/gid_attrs/types/239: Invalid argument
[1754457905.666002] [idcgpu01:3394561:0]             sys.c:440  UCX  DEBUG failed to read from /sys/class/infiniband/mlx5_0/ports/1/gid_attrs/types/240: Invalid argument
[1754457905.666014] [idcgpu01:3394561:0]             sys.c:440  UCX  DEBUG failed to read from /sys/class/infiniband/mlx5_0/ports/1/gid_attrs/types/241: Invalid argument
[1754457905.666025] [idcgpu01:3394561:0]             sys.c:440  UCX  DEBUG failed to read from /sys/class/infiniband/mlx5_0/ports/1/gid_attrs/types/242: Invalid argument
[1754457905.666038] [idcgpu01:3394561:0]             sys.c:440  UCX  DEBUG failed to read from /sys/class/infiniband/mlx5_0/ports/1/gid_attrs/types/243: Invalid argument
[1754457905.666048] [idcgpu01:3394561:0]             sys.c:440  UCX  DEBUG failed to read from /sys/class/infiniband/mlx5_0/ports/1/gid_attrs/types/244: Invalid argument
[1754457905.666060] [idcgpu01:3394561:0]             sys.c:440  UCX  DEBUG failed to read from /sys/class/infiniband/mlx5_0/ports/1/gid_attrs/types/245: Invalid argument
[1754457905.666071] [idcgpu01:3394561:0]             sys.c:440  UCX  DEBUG failed to read from /sys/class/infiniband/mlx5_0/ports/1/gid_attrs/types/246: Invalid argument
[1754457905.666081] [idcgpu01:3394561:0]             sys.c:440  UCX  DEBUG failed to read from /sys/class/infiniband/mlx5_0/ports/1/gid_attrs/types/247: Invalid argument
[1754457905.666092] [idcgpu01:3394561:0]             sys.c:440  UCX  DEBUG failed to read from /sys/class/infiniband/mlx5_0/ports/1/gid_attrs/types/248: Invalid argument
[1754457905.666103] [idcgpu01:3394561:0]             sys.c:440  UCX  DEBUG failed to read from /sys/class/infiniband/mlx5_0/ports/1/gid_attrs/types/249: Invalid argument
[1754457905.666114] [idcgpu01:3394561:0]             sys.c:440  UCX  DEBUG failed to read from /sys/class/infiniband/mlx5_0/ports/1/gid_attrs/types/250: Invalid argument
[1754457905.666125] [idcgpu01:3394561:0]             sys.c:440  UCX  DEBUG failed to read from /sys/class/infiniband/mlx5_0/ports/1/gid_attrs/types/251: Invalid argument
[1754457905.666136] [idcgpu01:3394561:0]             sys.c:440  UCX  DEBUG failed to read from /sys/class/infiniband/mlx5_0/ports/1/gid_attrs/types/252: Invalid argument
[1754457905.666147] [idcgpu01:3394561:0]             sys.c:440  UCX  DEBUG failed to read from /sys/class/infiniband/mlx5_0/ports/1/gid_attrs/types/253: Invalid argument
[1754457905.666160] [idcgpu01:3394561:0]             sys.c:440  UCX  DEBUG failed to read from /sys/class/infiniband/mlx5_0/ports/1/gid_attrs/types/254: Invalid argument
[1754457905.666170] [idcgpu01:3394561:0]         ib_mlx5.c:1079 UCX  DEBUG SL=0 (AR support - no) was selected on mlx5_0:1, SLs with AR support = { <none> }, SLs without AR support = { 0, 1, 2, 3, 4, 5, 6, 7, 8, 9, 10, 11, 12, 13, 14, 15 }
[1754457905.666239] [idcgpu01:3394561:0]     timer_wheel.c:40   UCX  DEBUG high res timer created log=23 resolution=3997.377209 usec wanted: 2500.000000 usec
[1754457905.666256] [idcgpu01:3394561:0]           async.c:247  UCX  DEBUG added async handler 0x5555562bdd20 [id=80 ref 1] ???() to hash
[1754457905.666277] [idcgpu01:3394561:0]           async.c:521  UCX  DEBUG listening to async event fd 80 events 0x5 mode thread_spinlock
[1754457905.666375] [idcgpu01:3394561:0]      ucp_worker.c:1434 UCX  DEBUG created interface[13]=0x5555566af020 using ud_mlx5/mlx5_0:1 on worker 0x555556060ff0
[1754457905.666424] [idcgpu01:3394561:0]           mpool.c:136  UCX  DEBUG mpool uct_scopy_iface_tx_mp: align 64, maxelems 4294967295, elemsize 736
[1754457905.666453] [idcgpu01:3394561:0]      ucp_worker.c:1434 UCX  DEBUG created interface[14]=0x5555562349b0 using cma/memory on worker 0x555556060ff0
[1754457905.666477] [idcgpu01:3394561:0]           mpool.c:136  UCX  DEBUG mpool uct_scopy_iface_tx_mp: align 64, maxelems 4294967295, elemsize 736
[1754457905.666488] [idcgpu01:3394561:0]      ucp_worker.c:1434 UCX  DEBUG created interface[15]=0x55555676b030 using knem/memory on worker 0x555556060ff0
[1754457905.666496] [idcgpu01:3394561:0]      ucp_worker.c:1151 UCX  DEBUG selected scalable tl bitmap: 0xffff 0x0 (16 tls)
[1754457905.666544] [idcgpu01:3394561:0]           async.c:247  UCX  DEBUG added async handler 0x55555608cad0 [id=60 ref 1] ???() to hash
[1754457905.666552] [idcgpu01:3394561:0]           async.c:521  UCX  DEBUG listening to async event fd 60 events 0x0 mode thread_spinlock
[1754457905.666703] [idcgpu01:3394561:0]            topo.c:898  UCX  DEBUG /sys/class/net/bond0/lower_ens4f0: PF sysfs path is '/sys/devices/pci0000:95/0000:95:01.0/0000:96:00.0'
[1754457905.666851] [idcgpu01:3394561:0]            topo.c:898  UCX  DEBUG /sys/class/net/bond0/lower_ens4f0: PF sysfs path is '/sys/devices/pci0000:95/0000:95:01.0/0000:96:00.0'
[1754457905.666954] [idcgpu01:3394561:0]            topo.c:898  UCX  DEBUG /sys/class/net/bond0/lower_ens4f0: PF sysfs path is '/sys/devices/pci0000:95/0000:95:01.0/0000:96:00.0'
[1754457905.667054] [idcgpu01:3394561:0]            topo.c:898  UCX  DEBUG /sys/class/net/bond0/lower_ens4f0: PF sysfs path is '/sys/devices/pci0000:95/0000:95:01.0/0000:96:00.0'
[1754457905.667152] [idcgpu01:3394561:0]            topo.c:898  UCX  DEBUG /sys/class/net/bond0/lower_ens4f0: PF sysfs path is '/sys/devices/pci0000:95/0000:95:01.0/0000:96:00.0'
[1754457905.667202] [idcgpu01:3394561:0]           async.c:247  UCX  DEBUG added async handler 0x555556086530 [id=62 ref 1] ???() to hash
[1754457905.667209] [idcgpu01:3394561:0]           async.c:521  UCX  DEBUG listening to async event fd 62 events 0x0 mode thread_spinlock
[1754457905.668020] [idcgpu01:3394561:0]            topo.c:898  UCX  DEBUG /sys/class/net/ens2np0: PF sysfs path is '/sys/devices/pci0000:03/0000:03:01.0/0000:04:00.0/0000:05:0c.0/0000:0f:00.0/0000:10:10.0/0000:12:00.0'
[1754457905.668762] [idcgpu01:3394561:0]            topo.c:898  UCX  DEBUG /sys/class/net/ens2np0: PF sysfs path is '/sys/devices/pci0000:03/0000:03:01.0/0000:04:00.0/0000:05:0c.0/0000:0f:00.0/0000:10:10.0/0000:12:00.0'
[1754457905.669397] [idcgpu01:3394561:0]            topo.c:898  UCX  DEBUG /sys/class/net/ens2np0: PF sysfs path is '/sys/devices/pci0000:03/0000:03:01.0/0000:04:00.0/0000:05:0c.0/0000:0f:00.0/0000:10:10.0/0000:12:00.0'
[1754457905.670030] [idcgpu01:3394561:0]            topo.c:898  UCX  DEBUG /sys/class/net/ens2np0: PF sysfs path is '/sys/devices/pci0000:03/0000:03:01.0/0000:04:00.0/0000:05:0c.0/0000:0f:00.0/0000:10:10.0/0000:12:00.0'
[1754457905.670658] [idcgpu01:3394561:0]            topo.c:898  UCX  DEBUG /sys/class/net/ens2np0: PF sysfs path is '/sys/devices/pci0000:03/0000:03:01.0/0000:04:00.0/0000:05:0c.0/0000:0f:00.0/0000:10:10.0/0000:12:00.0'
[1754457905.670742] [idcgpu01:3394561:0]           async.c:247  UCX  DEBUG added async handler 0x55555608cc30 [id=64 ref 1] ???() to hash
[1754457905.670759] [idcgpu01:3394561:0]           async.c:521  UCX  DEBUG listening to async event fd 64 events 0x0 mode thread_spinlock
[1754457905.670903] [idcgpu01:3394561:0]            topo.c:898  UCX  DEBUG /sys/class/net/flannel.1/lower_bond0/lower_ens4f0: PF sysfs path is '/sys/devices/pci0000:95/0000:95:01.0/0000:96:00.0'
[1754457905.671067] [idcgpu01:3394561:0]            topo.c:898  UCX  DEBUG /sys/class/net/flannel.1/lower_bond0/lower_ens4f0: PF sysfs path is '/sys/devices/pci0000:95/0000:95:01.0/0000:96:00.0'
[1754457905.671181] [idcgpu01:3394561:0]            topo.c:898  UCX  DEBUG /sys/class/net/flannel.1/lower_bond0/lower_ens4f0: PF sysfs path is '/sys/devices/pci0000:95/0000:95:01.0/0000:96:00.0'
[1754457905.671297] [idcgpu01:3394561:0]            topo.c:898  UCX  DEBUG /sys/class/net/flannel.1/lower_bond0/lower_ens4f0: PF sysfs path is '/sys/devices/pci0000:95/0000:95:01.0/0000:96:00.0'
[1754457905.671411] [idcgpu01:3394561:0]            topo.c:898  UCX  DEBUG /sys/class/net/flannel.1/lower_bond0/lower_ens4f0: PF sysfs path is '/sys/devices/pci0000:95/0000:95:01.0/0000:96:00.0'
[1754457905.671460] [idcgpu01:3394561:0]           async.c:247  UCX  DEBUG added async handler 0x55555608cc90 [id=66 ref 1] ???() to hash
[1754457905.671467] [idcgpu01:3394561:0]           async.c:521  UCX  DEBUG listening to async event fd 66 events 0x0 mode thread_spinlock
[1754457905.671476] [idcgpu01:3394561:0]            sock.c:90   UCX  DEBUG ioctl(req=35142, ifr_name=lo) failed: Operation not supported
[1754457905.671479] [idcgpu01:3394561:0]         tcp_net.c:61   UCX  DEBUG speed of lo is UNKNOWN, assuming 100 Mbps
[1754457905.671526] [idcgpu01:3394561:0]            topo.c:895  UCX  DEBUG /sys/class/net/lo: sysfs path undetected
[1754457905.671528] [idcgpu01:3394561:0]            topo.c:848  UCX  DEBUG lo: pci bandwidth undetected, using maximal value
[1754457905.671559] [idcgpu01:3394561:0]            sock.c:90   UCX  DEBUG ioctl(req=35142, ifr_name=lo) failed: Operation not supported
[1754457905.671563] [idcgpu01:3394561:0]         tcp_net.c:61   UCX  DEBUG speed of lo is UNKNOWN, assuming 100 Mbps
[1754457905.671596] [idcgpu01:3394561:0]            topo.c:895  UCX  DEBUG /sys/class/net/lo: sysfs path undetected
[1754457905.671598] [idcgpu01:3394561:0]            topo.c:848  UCX  DEBUG lo: pci bandwidth undetected, using maximal value
[1754457905.671623] [idcgpu01:3394561:0]            sock.c:90   UCX  DEBUG ioctl(req=35142, ifr_name=lo) failed: Operation not supported
[1754457905.671627] [idcgpu01:3394561:0]         tcp_net.c:61   UCX  DEBUG speed of lo is UNKNOWN, assuming 100 Mbps
[1754457905.671661] [idcgpu01:3394561:0]            topo.c:895  UCX  DEBUG /sys/class/net/lo: sysfs path undetected
[1754457905.671662] [idcgpu01:3394561:0]            topo.c:848  UCX  DEBUG lo: pci bandwidth undetected, using maximal value
[1754457905.671688] [idcgpu01:3394561:0]            sock.c:90   UCX  DEBUG ioctl(req=35142, ifr_name=lo) failed: Operation not supported
[1754457905.671692] [idcgpu01:3394561:0]         tcp_net.c:61   UCX  DEBUG speed of lo is UNKNOWN, assuming 100 Mbps
[1754457905.671727] [idcgpu01:3394561:0]            topo.c:895  UCX  DEBUG /sys/class/net/lo: sysfs path undetected
[1754457905.671728] [idcgpu01:3394561:0]            topo.c:848  UCX  DEBUG lo: pci bandwidth undetected, using maximal value
[1754457905.671755] [idcgpu01:3394561:0]            sock.c:90   UCX  DEBUG ioctl(req=35142, ifr_name=lo) failed: Operation not supported
[1754457905.671759] [idcgpu01:3394561:0]         tcp_net.c:61   UCX  DEBUG speed of lo is UNKNOWN, assuming 100 Mbps
[1754457905.671794] [idcgpu01:3394561:0]            topo.c:895  UCX  DEBUG /sys/class/net/lo: sysfs path undetected
[1754457905.671795] [idcgpu01:3394561:0]            topo.c:848  UCX  DEBUG lo: pci bandwidth undetected, using maximal value
[1754457905.671820] [idcgpu01:3394561:0]           async.c:247  UCX  DEBUG added async handler 0x55555609b060 [id=68 ref 1] ???() to hash
[1754457905.671831] [idcgpu01:3394561:0]           async.c:521  UCX  DEBUG listening to async event fd 68 events 0x0 mode thread_spinlock
[1754457905.671849] [idcgpu01:3394561:0]           async.c:247  UCX  DEBUG added async handler 0x5555565f6e30 [id=70 ref 1] ???() to hash
[1754457905.671855] [idcgpu01:3394561:0]           async.c:521  UCX  DEBUG listening to async event fd 70 events 0x0 mode thread_spinlock
[1754457905.671881] [idcgpu01:3394561:0]           async.c:247  UCX  DEBUG added async handler 0x5555565f6e70 [id=81 ref 1] ???() to hash
[1754457905.671887] [idcgpu01:3394561:0]           async.c:521  UCX  DEBUG listening to async event fd 81 events 0x0 mode thread_spinlock
[1754457905.671891] [idcgpu01:3394561:0]           async.c:247  UCX  DEBUG added async handler 0x5555565f6eb0 [id=82 ref 1] ???() to hash
[1754457905.671894] [idcgpu01:3394561:0]           async.c:521  UCX  DEBUG listening to async event fd 82 events 0x0 mode thread_spinlock
[1754457905.671896] [idcgpu01:3394561:0]           async.c:247  UCX  DEBUG added async handler 0x5555565f6ef0 [id=72 ref 1] ???() to hash
[1754457905.671903] [idcgpu01:3394561:0]           async.c:521  UCX  DEBUG listening to async event fd 72 events 0x0 mode thread_spinlock
[1754457905.671960] [idcgpu01:3394561:0]           async.c:247  UCX  DEBUG added async handler 0x5555565f6f30 [id=76 ref 1] ???() to hash
[1754457905.671966] [idcgpu01:3394561:0]           async.c:521  UCX  DEBUG listening to async event fd 76 events 0x0 mode thread_spinlock
[1754457905.672278] [idcgpu01:3394561:0]           async.c:247  UCX  DEBUG added async handler 0x5555565f6f70 [id=79 ref 1] ???() to hash
[1754457905.672285] [idcgpu01:3394561:0]           async.c:521  UCX  DEBUG listening to async event fd 79 events 0x0 mode thread_spinlock
[1754457905.672609] [idcgpu01:3394561:0]           async.c:247  UCX  DEBUG added async handler 0x55555676bcf0 [id=83 ref 1] ???() to hash
[1754457905.672616] [idcgpu01:3394561:0]           async.c:521  UCX  DEBUG listening to async event fd 83 events 0x1 mode thread_spinlock
[1754457905.672622] [idcgpu01:3394561:0]       rdmacm_cm.c:981  UCX  DEBUG created rdmacm_cm 0x55555676b5f0 with event_channel 0x55555676bd30 (fd=83)
[1754457905.672644] [idcgpu01:3394561:0]      tcp_sockcm.c:225  UCX  DEBUG created tcp_sockcm 0x5555566d0400
[1754457905.673192] [idcgpu01:3394561:0]          ucp_ep.c:405  UCX  DEBUG created ep 0x7fffe02eb000 to idcgpu01:3394561 mem_type_ep:cuda
[1754457905.673742] [idcgpu01:3394561:0]          wireup.c:1214 UCX  DEBUG   ep 0x7fffe02eb000: am_lane <none> wireup_msg_lane <none> cm_lane <none> keepalive_lane <none> reachable_mds 0x10
[1754457905.673749] [idcgpu01:3394561:0]          wireup.c:1237 UCX  DEBUG   ep 0x7fffe02eb000: lane[0]:  7:cuda_copy/cuda.0 md[4]        -> addr[0].md[4]/cuda_cpy/sysdev[0] seg 4294967295 rma_bw#0
[1754457905.673750] [idcgpu01:3394561:0]          wireup.c:1240 UCX  DEBUG   ep 0x7fffe02eb000: err mode 0, flags 0x1
[1754457905.676240] [idcgpu01:3394561:0]          ucp_ep.c:405  UCX  DEBUG created ep 0x7fffe02eb0a0 to idcgpu01:3394561 mem_type_ep:cuda-managed
[1754457905.676348] [idcgpu01:3394561:0]          wireup.c:1214 UCX  DEBUG   ep 0x7fffe02eb0a0: am_lane <none> wireup_msg_lane <none> cm_lane <none> keepalive_lane <none> reachable_mds 0x10
[1754457905.676351] [idcgpu01:3394561:0]          wireup.c:1237 UCX  DEBUG   ep 0x7fffe02eb0a0: lane[0]:  7:cuda_copy/cuda.0 md[4]        -> addr[0].md[4]/cuda_cpy/sysdev[0] seg 4294967295 rma_bw#0
[1754457905.676352] [idcgpu01:3394561:0]          wireup.c:1240 UCX  DEBUG   ep 0x7fffe02eb0a0: err mode 0, flags 0x1
[1754457905.678542] [idcgpu01:3394561:0]           mpool.c:136  UCX  DEBUG mpool ucp_requests: align 64, maxelems 4294967295, elemsize 288
[1754457905.678545] [idcgpu01:3394561:0]           mpool.c:136  UCX  DEBUG mpool ucp_rkeys: align 64, maxelems 4294967295, elemsize 112
[1754457905.678548] [idcgpu01:3394561:0]           mpool.c:136  UCX  DEBUG mpool ucp_reg_bufs: align 64, maxelems 4294967295, elemsize 8216
[1754457905.678553] [idcgpu01:3394561:0]           mpool.c:136  UCX  DEBUG mpool ucp_am_bufs: align 64, maxelems 4294967295, elemsize 161
[1754457905.678554] [idcgpu01:3394561:0]           mpool.c:136  UCX  DEBUG mpool ucp_am_bufs: align 64, maxelems 4294967295, elemsize 1121
[1754457905.678556] [idcgpu01:3394561:0]           mpool.c:136  UCX  DEBUG mpool ucp_am_bufs: align 64, maxelems 4294967295, elemsize 65633
[1754457905.678559] [idcgpu01:3394561:0]       mpool_set.c:129  UCX  DEBUG mpool_set:ucp_am_bufs, sizes map 0x80000440, largest size 65536, mpools num 3
[1754457905.678620] [idcgpu01:3394561:0]          parser.c:2335 UCX  INFO  UCX_* env variable: UCX_LOG_LEVEL=debug
[1754457905.682429] [idcgpu01:3394561:0]          ucp_ep.c:405  UCX  DEBUG created ep 0x7fffe02eb140 to idcgpu02:2781626 from api call
[1754457905.682760] [idcgpu01:3394561:0]      ucp_worker.c:1903 UCX  INFO    perftest inter-node cfg#1 rma(rc_mlx5/mlx5_0:1)
[1754457905.682764] [idcgpu01:3394561:0]          wireup.c:1214 UCX  DEBUG   ep 0x7fffe02eb140: am_lane 0 wireup_msg_lane 1 cm_lane <none> keepalive_lane <none> reachable_mds 0x42
[1754457905.682769] [idcgpu01:3394561:0]          wireup.c:1237 UCX  DEBUG   ep 0x7fffe02eb140: lane[0]: 12:rc_mlx5/mlx5_0:1.0 md[6]      -> addr[12].md[6]/ib/sysdev[5] seg 4294967295 rma_bw#0 am
[1754457905.682772] [idcgpu01:3394561:0]          wireup.c:1237 UCX  DEBUG   ep 0x7fffe02eb140: lane[1]: 12:rc_mlx5/mlx5_0:1.1 md[6]      -> addr[12].md[6]/ib/sysdev[5] seg 4294967295 rma_bw#1 wireup
[1754457905.682773] [idcgpu01:3394561:0]          wireup.c:1240 UCX  DEBUG   ep 0x7fffe02eb140: err mode 0, flags 0x0
[1754457905.687849] [idcgpu01:3394561:0]           rc_ep.c:165  UCX  DEBUG   created rc ep 0x555555ff6e10
[1754457905.701004] [idcgpu01:3394561:0]           mpool.c:281  UCX  DEBUG   mpool rc_recv_desc: allocated chunk 0x7fffc1c00018 of 39845864 bytes with 4752 elements
[1754457905.701804] [idcgpu01:3394561:0]       wireup_ep.c:508  UCX  DEBUG   ep 0x7fffe02eb140: wireup_ep 0x555556159560 created next_ep 0x555555ff6e10 to idcgpu02:2781626 using rc_mlx5/mlx5_0:1
[1754457905.707423] [idcgpu01:3394561:0]           rc_ep.c:165  UCX  DEBUG   created rc ep 0x555556159e00
[1754457905.707462] [idcgpu01:3394561:0]       wireup_ep.c:508  UCX  DEBUG   ep 0x7fffe02eb140: wireup_ep 0x555556159b10 created next_ep 0x555556159e00 to idcgpu02:2781626 using rc_mlx5/mlx5_0:1
[1754457905.712554] [idcgpu01:3394561:0]        ib_iface.c:936  UCX  DEBUG   iface 0x5555566af020: ah_attr dlid=49152 sl=0 port=1 src_path_bits=0 dgid=::ffff:192.168.1.2 flow_label=0xffffffff sgid_index=3 traffic_class=106
[1754457905.712640] [idcgpu01:3394561:0]        ib_iface.c:936  UCX  DEBUG   iface 0x5555566af020: ah_attr dlid=49152 sl=0 port=1 src_path_bits=0 dgid=::ffff:192.168.1.2 flow_label=0xffffffff sgid_index=3 traffic_class=106
[1754457905.712668] [idcgpu01:3394561:0]           ud_ep.c:405  UCX  DEBUG   created ep ep=0x5555567c9200 iface=0x5555566af020 id=0
[1754457905.712678] [idcgpu01:3394561:0]           ud_ep.c:508  UCX  DEBUG   mlx5_0:1/RoCE lid 0 qpn 0x1b53 epid 0 ep 0x5555567c9200 connected to IFACE ::ffff:192.168.1.2pkey 0xffff  qpn 0x32cd
[1754457905.712682] [idcgpu01:3394561:0]        ib_iface.c:936  UCX  DEBUG   iface 0x5555566af020: ah_attr dlid=49152 sl=0 port=1 src_path_bits=0 dgid=::ffff:192.168.1.2 flow_label=0xffffffff sgid_index=3 traffic_class=106
[1754457905.712689] [idcgpu01:3394561:0]        ib_iface.c:936  UCX  DEBUG   iface 0x5555566af020: ah_attr dlid=49152 sl=0 port=1 src_path_bits=0 dgid=::ffff:192.168.1.2 flow_label=0xffffffff sgid_index=3 traffic_class=106
[1754457905.715280] [idcgpu01:3394561:0]           mpool.c:281  UCX  DEBUG   mpool ud_tx_skb: allocated chunk 0x7fffc1400018 of 6291432 bytes with 1489 elements
[1754457905.715608] [idcgpu01:3394561:0]           async.c:247  UCX  DEBUG   added async handler 0x5555561590d0 [id=1000023 ref 1] ???() to hash
[1754457905.715634] [idcgpu01:3394561:0]       wireup_ep.c:286  UCX  DEBUG   ep 0x7fffe02eb140: wireup_ep 0x555556159b10 created aux_ep 0x5555567c9200 to idcgpu02:2781626 using ud_mlx5/mlx5_0:1
[1754457905.715661] [idcgpu01:3394561:0]          wireup.c:1791 UCX  DEBUG ep 0x7fffe02eb140: send wireup request (flags=0x40)
[1754457905.724574] [idcgpu01:3394561:0]           mpool.c:281  UCX  DEBUG   mpool ucp_rkeys: allocated chunk 0x555556795060 of 16472 bytes with 128 elements
[1754457905.724619] [idcgpu01:3394561:a]        ib_iface.c:936  UCX  DEBUG iface 0x5555566af020: ah_attr dlid=49152 sl=0 port=1 src_path_bits=0 dgid=::ffff:192.168.1.2 flow_label=0xffffffff sgid_index=3 traffic_class=106
[1754457905.724696] [idcgpu01:3394561:a]           ud_ep.c:819  UCX  DEBUG simultaneous CREQ ep=0x5555567c9200(iface=0x5555566af020 conn_sn=0 ep_id=0, dest_ep_id=0 rx_psn=1)
[1754457905.732469] [idcgpu01:3394561:a]           mpool.c:281  UCX  DEBUG mpool ud_recv_skb: allocated chunk 0x7fffbaa00018 of 20971496 bytes with 4964 elements
[1754457905.761082] [idcgpu01:3394561:0]          ucp_ep.c:405  UCX  DEBUG created ep 0x7fffe02eb1e0 to idcgpu01:3394561 from api call
[1754457905.761358] [idcgpu01:3394561:0]      ucp_worker.c:1903 UCX  INFO    perftest self cfg#2 rma(self/memory rc_mlx5/mlx5_0:1)
[1754457905.761361] [idcgpu01:3394561:0]          wireup.c:1214 UCX  DEBUG   ep 0x7fffe02eb1e0: am_lane 0 wireup_msg_lane 2 cm_lane <none> keepalive_lane <none> reachable_mds 0x1df
[1754457905.761365] [idcgpu01:3394561:0]          wireup.c:1237 UCX  DEBUG   ep 0x7fffe02eb1e0: lane[0]:  0:self/memory.0 md[0]           -> addr[0].md[0]/self/sysdev[255] seg 4294967295 am rkey_ptr
[1754457905.761367] [idcgpu01:3394561:0]          wireup.c:1237 UCX  DEBUG   ep 0x7fffe02eb1e0: lane[1]: 12:rc_mlx5/mlx5_0:1.0 md[6]      -> addr[12].md[6]/ib/sysdev[5] seg 4294967295 rma_bw#0
[1754457905.761369] [idcgpu01:3394561:0]          wireup.c:1237 UCX  DEBUG   ep 0x7fffe02eb1e0: lane[2]: 12:rc_mlx5/mlx5_0:1.1 md[6]      -> addr[12].md[6]/ib/sysdev[5] seg 4294967295 rma_bw#1 wireup
[1754457905.761371] [idcgpu01:3394561:0]          wireup.c:1237 UCX  DEBUG   ep 0x7fffe02eb1e0: lane[3]: 15:knem/memory.0 md[8]           -> addr[15].md[8]/knem/sysdev[255] seg 4294967295 rma_bw#2
[1754457905.761372] [idcgpu01:3394561:0]          wireup.c:1240 UCX  DEBUG   ep 0x7fffe02eb1e0: err mode 0, flags 0x1
[1754457905.765888] [idcgpu01:3394561:0]           rc_ep.c:165  UCX  DEBUG   created rc ep 0x555556794770
[1754457905.765893] [idcgpu01:3394561:0]       wireup_ep.c:508  UCX  DEBUG   ep 0x7fffe02eb1e0: wireup_ep 0x555556794480 created next_ep 0x555556794770 to idcgpu01:3394561 using rc_mlx5/mlx5_0:1
[1754457905.768455] [idcgpu01:3394561:0]           rc_ep.c:165  UCX  DEBUG   created rc ep 0x5555567a4d40
[1754457905.768461] [idcgpu01:3394561:0]       wireup_ep.c:508  UCX  DEBUG   ep 0x7fffe02eb1e0: wireup_ep 0x5555567a4a50 created next_ep 0x5555567a4d40 to idcgpu01:3394561 using rc_mlx5/mlx5_0:1
[1754457905.770589] [idcgpu01:3394561:0]        ib_iface.c:936  UCX  DEBUG   iface 0x5555566af020: ah_attr dlid=49152 sl=0 port=1 src_path_bits=0 dgid=::ffff:192.168.1.1 flow_label=0xffffffff sgid_index=3 traffic_class=106
[1754457905.770636] [idcgpu01:3394561:0]        ib_iface.c:936  UCX  DEBUG   iface 0x5555566af020: ah_attr dlid=49152 sl=0 port=1 src_path_bits=0 dgid=::ffff:192.168.1.1 flow_label=0xffffffff sgid_index=3 traffic_class=106
[1754457905.770645] [idcgpu01:3394561:0]           ud_ep.c:405  UCX  DEBUG   created ep ep=0x555556794a90 iface=0x5555566af020 id=1
[1754457905.770649] [idcgpu01:3394561:0]           ud_ep.c:508  UCX  DEBUG   mlx5_0:1/RoCE lid 0 qpn 0x1b53 epid 1 ep 0x555556794a90 connected to IFACE ::ffff:192.168.1.1pkey 0xffff  qpn 0x1b53
[1754457905.770651] [idcgpu01:3394561:0]        ib_iface.c:936  UCX  DEBUG   iface 0x5555566af020: ah_attr dlid=49152 sl=0 port=1 src_path_bits=0 dgid=::ffff:192.168.1.1 flow_label=0xffffffff sgid_index=3 traffic_class=106
[1754457905.770656] [idcgpu01:3394561:0]        ib_iface.c:936  UCX  DEBUG   iface 0x5555566af020: ah_attr dlid=49152 sl=0 port=1 src_path_bits=0 dgid=::ffff:192.168.1.1 flow_label=0xffffffff sgid_index=3 traffic_class=106
[1754457905.770664] [idcgpu01:3394561:0]       wireup_ep.c:286  UCX  DEBUG   ep 0x7fffe02eb1e0: wireup_ep 0x5555567a4a50 created aux_ep 0x555556794a90 to idcgpu01:3394561 using ud_mlx5/mlx5_0:1
[1754457905.772521] [idcgpu01:3394561:0]          wireup.c:1791 UCX  DEBUG ep 0x7fffe02eb1e0: send wireup request (flags=0x200080)
[1754457905.776637] [idcgpu01:3394561:a]        ib_iface.c:936  UCX  DEBUG   iface 0x55555656d020: ah_attr dlid=49152 sl=0 port=1 src_path_bits=0 dgid=::ffff:192.168.1.2 flow_label=0xffffffff sgid_index=3 traffic_class=106
[1754457905.777971] [idcgpu01:3394561:a]    rc_mlx5_devx.c:506  UCX  DEBUG   connected rc devx qp 0x7b9 on mlx5_0:1/RoCE to lid 49152(+0) sl 0 remote_qp 0x1f08 mtu 4096 timer 18x7 rnr 13x7 rd_atom 16
[1754457905.777980] [idcgpu01:3394561:a]        ib_iface.c:936  UCX  DEBUG   iface 0x55555656d020: ah_attr dlid=49153 sl=0 port=1 src_path_bits=0 dgid=::ffff:192.168.1.2 flow_label=0xfffffffe sgid_index=3 traffic_class=106
[1754457905.778377] [idcgpu01:3394561:a]    rc_mlx5_devx.c:506  UCX  DEBUG   connected rc devx qp 0x7ba on mlx5_0:1/RoCE to lid 49153(+0) sl 0 remote_qp 0x1f09 mtu 4096 timer 18x7 rnr 13x7 rd_atom 16
[1754457905.783769] [idcgpu01:3394561:a]        ib_iface.c:936  UCX  DEBUG iface 0x5555566af020: ah_attr dlid=49152 sl=0 port=1 src_path_bits=0 dgid=::ffff:192.168.1.1 flow_label=0xffffffff sgid_index=3 traffic_class=106
[1754457905.783784] [idcgpu01:3394561:a]           ud_ep.c:819  UCX  DEBUG simultaneous CREQ ep=0x555556794a90(iface=0x5555566af020 conn_sn=0 ep_id=1, dest_ep_id=1 rx_psn=1)
[1754457905.788903] [idcgpu01:3394561:0]           mpool.c:281  UCX  DEBUG mpool ucp_requests: allocated chunk 0x555556808ab4 of 41044 bytes with 128 elements
[1754457905.793751] [idcgpu01:3394561:0]        ib_iface.c:936  UCX  DEBUG   iface 0x55555656d020: ah_attr dlid=49152 sl=0 port=1 src_path_bits=0 dgid=::ffff:192.168.1.1 flow_label=0xffffffff sgid_index=3 traffic_class=106
[1754457905.794576] [idcgpu01:3394561:0]    rc_mlx5_devx.c:506  UCX  DEBUG   connected rc devx qp 0x7bb on mlx5_0:1/RoCE to lid 49152(+0) sl 0 remote_qp 0x7bb mtu 4096 timer 18x7 rnr 13x7 rd_atom 16
[1754457905.794579] [idcgpu01:3394561:0]        ib_iface.c:936  UCX  DEBUG   iface 0x55555656d020: ah_attr dlid=49153 sl=0 port=1 src_path_bits=0 dgid=::ffff:192.168.1.1 flow_label=0xfffffffe sgid_index=3 traffic_class=106
[1754457905.794914] [idcgpu01:3394561:0]    rc_mlx5_devx.c:506  UCX  DEBUG   connected rc devx qp 0x7bc on mlx5_0:1/RoCE to lid 49153(+0) sl 0 remote_qp 0x7bc mtu 4096 timer 18x7 rnr 13x7 rd_atom 16
[1754457905.805102] [idcgpu01:3394561:0]           flush.c:386  UCX  DEBUG flush_worker ep 0x7fffe02eb140
[1754457905.805135] [idcgpu01:3394561:0]           flush.c:386  UCX  DEBUG flush_worker ep 0x7fffe02eb1e0
[1754457905.806635] [idcgpu01:3394561:0]       wireup_ep.c:440  UCX  DEBUG ep 0x7fffe02eb1e0: destroy wireup ep 0x555556794480
[1754457905.808070] [idcgpu01:3394561:0]       wireup_ep.c:440  UCX  DEBUG ep 0x7fffe02eb1e0: destroy wireup ep 0x5555567a4a50
[1754457905.810530] [idcgpu01:3394561:0]           ud_ep.c:1783 UCX  DEBUG ep 0x555556794a90: disconnect
[1754457905.812971] [idcgpu01:3394561:0]       wireup_ep.c:440  UCX  DEBUG ep 0x7fffe02eb140: destroy wireup ep 0x555556159560
[1754457905.814341] [idcgpu01:3394561:0]       wireup_ep.c:440  UCX  DEBUG ep 0x7fffe02eb140: destroy wireup ep 0x555556159b10
[1754457905.814348] [idcgpu01:3394561:0]           async.c:172  UCX  DEBUG removed async handler 0x5555561590d0 [id=1000023 ref 1] ???() from hash
[1754457905.814350] [idcgpu01:3394561:0]           async.c:575  UCX  DEBUG removing async handler 0x5555561590d0 [id=1000023 ref 1] ???()
[1754457905.814365] [idcgpu01:3394561:0]           async.c:187  UCX  DEBUG release async handler 0x5555561590d0 [id=1000023 ref 0] ???()
[1754457905.816799] [idcgpu01:3394561:0]           ud_ep.c:1783 UCX  DEBUG ep 0x5555567c9200: disconnect
[1754457905.883784] [idcgpu01:3394561:0]           flush.c:386  UCX  DEBUG flush_nbx ep 0x7fffe02eb1e0
[1754457905.883796] [idcgpu01:3394561:0]           mpool.c:281  UCX  DEBUG mpool send-ops-mpool: allocated chunk 0x555556812bf0 of 16472 bytes with 256 elements
[1754457905.903030] [idcgpu01:3394561:0]           mpool.c:281  UCX  DEBUG mpool rc_send_desc: allocated chunk 0x7fffc0800018 of 10485736 bytes with 1250 elements
[1754457905.907675] [idcgpu01:3394561:0]           flush.c:386  UCX  DEBUG flush_nbx ep 0x7fffe02eb1e0
[1754457905.919089] [idcgpu01:3394561:0]           flush.c:386  UCX  DEBUG flush_nbx ep 0x7fffe02eb1e0
[1754457905.937035] [idcgpu01:3394561:0]           flush.c:386  UCX  DEBUG flush_nbx ep 0x7fffe02eb1e0
[1754457905.948121] [idcgpu01:3394561:0]           flush.c:386  UCX  DEBUG flush_nbx ep 0x7fffe02eb1e0
[1754457906.008490] [idcgpu01:3394561:0]           flush.c:386  UCX  DEBUG flush_nbx ep 0x7fffe02eb1e0
[1754457906.017310] [idcgpu01:3394561:0]           flush.c:386  UCX  DEBUG flush_nbx ep 0x7fffe02eb1e0
[1754457906.026222] [idcgpu01:3394561:0]           flush.c:386  UCX  DEBUG flush_nbx ep 0x7fffe02eb1e0
[1754457906.035044] [idcgpu01:3394561:0]           flush.c:386  UCX  DEBUG flush_nbx ep 0x7fffe02eb1e0
[1754457906.043944] [idcgpu01:3394561:0]           flush.c:386  UCX  DEBUG flush_nbx ep 0x7fffe02eb1e0
[1754457906.052964] [idcgpu01:3394561:0]           flush.c:386  UCX  DEBUG flush_nbx ep 0x7fffe02eb1e0
[1754457906.062109] [idcgpu01:3394561:0]           flush.c:386  UCX  DEBUG flush_nbx ep 0x7fffe02eb1e0
[1754457906.070989] [idcgpu01:3394561:0]           flush.c:386  UCX  DEBUG flush_nbx ep 0x7fffe02eb1e0
[1754457906.080004] [idcgpu01:3394561:0]           flush.c:386  UCX  DEBUG flush_nbx ep 0x7fffe02eb1e0
[1754457906.088930] [idcgpu01:3394561:0]           flush.c:386  UCX  DEBUG flush_nbx ep 0x7fffe02eb1e0
[1754457906.097848] [idcgpu01:3394561:0]           flush.c:386  UCX  DEBUG flush_nbx ep 0x7fffe02eb1e0
[1754457906.106676] [idcgpu01:3394561:0]           flush.c:386  UCX  DEBUG flush_nbx ep 0x7fffe02eb1e0
[1754457906.115590] [idcgpu01:3394561:0]           flush.c:386  UCX  DEBUG flush_nbx ep 0x7fffe02eb1e0
[1754457906.124487] [idcgpu01:3394561:0]           flush.c:386  UCX  DEBUG flush_nbx ep 0x7fffe02eb1e0
[1754457906.133369] [idcgpu01:3394561:0]           flush.c:386  UCX  DEBUG flush_nbx ep 0x7fffe02eb1e0
[1754457906.142193] [idcgpu01:3394561:0]           flush.c:386  UCX  DEBUG flush_nbx ep 0x7fffe02eb1e0
[1754457906.150926] [idcgpu01:3394561:0]           flush.c:386  UCX  DEBUG flush_nbx ep 0x7fffe02eb1e0
[1754457906.160316] [idcgpu01:3394561:0]           flush.c:386  UCX  DEBUG flush_nbx ep 0x7fffe02eb1e0
[1754457906.169193] [idcgpu01:3394561:0]           flush.c:386  UCX  DEBUG flush_nbx ep 0x7fffe02eb1e0
[1754457906.178064] [idcgpu01:3394561:0]           flush.c:386  UCX  DEBUG flush_nbx ep 0x7fffe02eb1e0
[1754457906.186806] [idcgpu01:3394561:0]           flush.c:386  UCX  DEBUG flush_nbx ep 0x7fffe02eb1e0
[1754457906.195635] [idcgpu01:3394561:0]           flush.c:386  UCX  DEBUG flush_nbx ep 0x7fffe02eb1e0
[1754457906.204361] [idcgpu01:3394561:0]           flush.c:386  UCX  DEBUG flush_nbx ep 0x7fffe02eb1e0
[1754457906.213132] [idcgpu01:3394561:0]           flush.c:386  UCX  DEBUG flush_nbx ep 0x7fffe02eb1e0
[1754457906.222195] [idcgpu01:3394561:0]           flush.c:386  UCX  DEBUG flush_nbx ep 0x7fffe02eb1e0
[1754457906.230933] [idcgpu01:3394561:0]           flush.c:386  UCX  DEBUG flush_nbx ep 0x7fffe02eb1e0
[1754457906.239777] [idcgpu01:3394561:0]           flush.c:386  UCX  DEBUG flush_nbx ep 0x7fffe02eb1e0
[1754457906.248581] [idcgpu01:3394561:0]           flush.c:386  UCX  DEBUG flush_nbx ep 0x7fffe02eb1e0
[1754457906.257476] [idcgpu01:3394561:0]           flush.c:386  UCX  DEBUG flush_nbx ep 0x7fffe02eb1e0
[1754457906.266527] [idcgpu01:3394561:0]           flush.c:386  UCX  DEBUG flush_nbx ep 0x7fffe02eb1e0
[1754457906.275336] [idcgpu01:3394561:0]           flush.c:386  UCX  DEBUG flush_nbx ep 0x7fffe02eb1e0
[1754457906.284195] [idcgpu01:3394561:0]           flush.c:386  UCX  DEBUG flush_nbx ep 0x7fffe02eb1e0
[1754457906.293013] [idcgpu01:3394561:0]           flush.c:386  UCX  DEBUG flush_nbx ep 0x7fffe02eb1e0
[1754457906.301843] [idcgpu01:3394561:0]           flush.c:386  UCX  DEBUG flush_nbx ep 0x7fffe02eb1e0
[1754457906.310592] [idcgpu01:3394561:0]           flush.c:386  UCX  DEBUG flush_nbx ep 0x7fffe02eb1e0
[1754457906.319343] [idcgpu01:3394561:0]           flush.c:386  UCX  DEBUG flush_nbx ep 0x7fffe02eb1e0
[1754457906.328162] [idcgpu01:3394561:0]           flush.c:386  UCX  DEBUG flush_nbx ep 0x7fffe02eb1e0
[1754457906.337114] [idcgpu01:3394561:0]           flush.c:386  UCX  DEBUG flush_nbx ep 0x7fffe02eb1e0
[1754457906.345903] [idcgpu01:3394561:0]           flush.c:386  UCX  DEBUG flush_nbx ep 0x7fffe02eb1e0
[1754457906.354714] [idcgpu01:3394561:0]           flush.c:386  UCX  DEBUG flush_nbx ep 0x7fffe02eb1e0
[1754457906.363611] [idcgpu01:3394561:0]           flush.c:386  UCX  DEBUG flush_nbx ep 0x7fffe02eb1e0
[1754457906.372410] [idcgpu01:3394561:0]           flush.c:386  UCX  DEBUG flush_nbx ep 0x7fffe02eb1e0
[1754457906.381241] [idcgpu01:3394561:0]           flush.c:386  UCX  DEBUG flush_nbx ep 0x7fffe02eb1e0
[1754457906.389919] [idcgpu01:3394561:0]           flush.c:386  UCX  DEBUG flush_nbx ep 0x7fffe02eb1e0
[1754457906.398657] [idcgpu01:3394561:0]           flush.c:386  UCX  DEBUG flush_nbx ep 0x7fffe02eb1e0
[1754457906.407405] [idcgpu01:3394561:0]           flush.c:386  UCX  DEBUG flush_nbx ep 0x7fffe02eb1e0
[1754457906.416243] [idcgpu01:3394561:0]           flush.c:386  UCX  DEBUG flush_nbx ep 0x7fffe02eb1e0
[1754457906.425207] [idcgpu01:3394561:0]           flush.c:386  UCX  DEBUG flush_nbx ep 0x7fffe02eb1e0
[1754457906.433903] [idcgpu01:3394561:0]           flush.c:386  UCX  DEBUG flush_nbx ep 0x7fffe02eb1e0
[1754457906.442723] [idcgpu01:3394561:0]           flush.c:386  UCX  DEBUG flush_nbx ep 0x7fffe02eb1e0
[1754457906.451423] [idcgpu01:3394561:0]           flush.c:386  UCX  DEBUG flush_nbx ep 0x7fffe02eb1e0
[1754457906.460262] [idcgpu01:3394561:0]           flush.c:386  UCX  DEBUG flush_nbx ep 0x7fffe02eb1e0
[1754457906.469068] [idcgpu01:3394561:0]           flush.c:386  UCX  DEBUG flush_nbx ep 0x7fffe02eb1e0
[1754457906.477961] [idcgpu01:3394561:0]           flush.c:386  UCX  DEBUG flush_nbx ep 0x7fffe02eb1e0
[1754457906.486695] [idcgpu01:3394561:0]           flush.c:386  UCX  DEBUG flush_nbx ep 0x7fffe02eb1e0
[1754457906.495416] [idcgpu01:3394561:0]           flush.c:386  UCX  DEBUG flush_nbx ep 0x7fffe02eb1e0
[1754457906.504144] [idcgpu01:3394561:0]           flush.c:386  UCX  DEBUG flush_nbx ep 0x7fffe02eb1e0
[1754457906.512889] [idcgpu01:3394561:0]           flush.c:386  UCX  DEBUG flush_nbx ep 0x7fffe02eb1e0
[1754457906.521568] [idcgpu01:3394561:0]           flush.c:386  UCX  DEBUG flush_nbx ep 0x7fffe02eb1e0
[1754457906.530304] [idcgpu01:3394561:0]           flush.c:386  UCX  DEBUG flush_nbx ep 0x7fffe02eb1e0
[1754457906.539089] [idcgpu01:3394561:0]           flush.c:386  UCX  DEBUG flush_nbx ep 0x7fffe02eb1e0
[1754457906.547929] [idcgpu01:3394561:0]           flush.c:386  UCX  DEBUG flush_nbx ep 0x7fffe02eb1e0
[1754457906.556739] [idcgpu01:3394561:0]           flush.c:386  UCX  DEBUG flush_nbx ep 0x7fffe02eb1e0
[1754457906.565515] [idcgpu01:3394561:0]           flush.c:386  UCX  DEBUG flush_nbx ep 0x7fffe02eb1e0
[1754457906.574291] [idcgpu01:3394561:0]           flush.c:386  UCX  DEBUG flush_nbx ep 0x7fffe02eb1e0
[1754457906.583001] [idcgpu01:3394561:0]           flush.c:386  UCX  DEBUG flush_nbx ep 0x7fffe02eb1e0
[1754457906.591698] [idcgpu01:3394561:0]           flush.c:386  UCX  DEBUG flush_nbx ep 0x7fffe02eb1e0
[1754457906.600391] [idcgpu01:3394561:0]           flush.c:386  UCX  DEBUG flush_nbx ep 0x7fffe02eb1e0
[1754457906.609109] [idcgpu01:3394561:0]           flush.c:386  UCX  DEBUG flush_nbx ep 0x7fffe02eb1e0
[1754457906.617853] [idcgpu01:3394561:0]           flush.c:386  UCX  DEBUG flush_nbx ep 0x7fffe02eb1e0
[1754457906.626676] [idcgpu01:3394561:0]           flush.c:386  UCX  DEBUG flush_nbx ep 0x7fffe02eb1e0
[1754457906.635358] [idcgpu01:3394561:0]           flush.c:386  UCX  DEBUG flush_nbx ep 0x7fffe02eb1e0
[1754457906.644247] [idcgpu01:3394561:0]           flush.c:386  UCX  DEBUG flush_nbx ep 0x7fffe02eb1e0
[1754457906.652932] [idcgpu01:3394561:0]           flush.c:386  UCX  DEBUG flush_nbx ep 0x7fffe02eb1e0
[1754457906.661708] [idcgpu01:3394561:0]           flush.c:386  UCX  DEBUG flush_nbx ep 0x7fffe02eb1e0
[1754457906.670700] [idcgpu01:3394561:0]           flush.c:386  UCX  DEBUG flush_nbx ep 0x7fffe02eb1e0
[1754457906.679815] [idcgpu01:3394561:0]           flush.c:386  UCX  DEBUG flush_nbx ep 0x7fffe02eb1e0
[1754457906.688569] [idcgpu01:3394561:0]           flush.c:386  UCX  DEBUG flush_nbx ep 0x7fffe02eb1e0
[1754457906.697500] [idcgpu01:3394561:0]           flush.c:386  UCX  DEBUG flush_nbx ep 0x7fffe02eb1e0
[1754457906.706338] [idcgpu01:3394561:0]           flush.c:386  UCX  DEBUG flush_nbx ep 0x7fffe02eb1e0
[1754457906.715111] [idcgpu01:3394561:0]           flush.c:386  UCX  DEBUG flush_nbx ep 0x7fffe02eb1e0
[1754457906.723873] [idcgpu01:3394561:0]           flush.c:386  UCX  DEBUG flush_nbx ep 0x7fffe02eb1e0
[1754457906.732565] [idcgpu01:3394561:0]           flush.c:386  UCX  DEBUG flush_nbx ep 0x7fffe02eb1e0
[1754457906.741294] [idcgpu01:3394561:0]           flush.c:386  UCX  DEBUG flush_nbx ep 0x7fffe02eb1e0
[1754457906.750129] [idcgpu01:3394561:0]           flush.c:386  UCX  DEBUG flush_nbx ep 0x7fffe02eb1e0
[1754457906.758887] [idcgpu01:3394561:0]           flush.c:386  UCX  DEBUG flush_nbx ep 0x7fffe02eb1e0
[1754457906.767590] [idcgpu01:3394561:0]           flush.c:386  UCX  DEBUG flush_nbx ep 0x7fffe02eb1e0
[1754457906.776322] [idcgpu01:3394561:0]           flush.c:386  UCX  DEBUG flush_nbx ep 0x7fffe02eb1e0
[1754457906.785210] [idcgpu01:3394561:0]           flush.c:386  UCX  DEBUG flush_nbx ep 0x7fffe02eb1e0
[1754457906.794145] [idcgpu01:3394561:0]           flush.c:386  UCX  DEBUG flush_nbx ep 0x7fffe02eb1e0
[1754457906.802951] [idcgpu01:3394561:0]           flush.c:386  UCX  DEBUG flush_nbx ep 0x7fffe02eb1e0
[1754457906.811601] [idcgpu01:3394561:0]           flush.c:386  UCX  DEBUG flush_nbx ep 0x7fffe02eb1e0
[1754457906.820353] [idcgpu01:3394561:0]           flush.c:386  UCX  DEBUG flush_nbx ep 0x7fffe02eb1e0
[1754457906.829148] [idcgpu01:3394561:0]           flush.c:386  UCX  DEBUG flush_nbx ep 0x7fffe02eb1e0
[1754457906.837985] [idcgpu01:3394561:0]           flush.c:386  UCX  DEBUG flush_nbx ep 0x7fffe02eb1e0
[1754457906.846726] [idcgpu01:3394561:0]           flush.c:386  UCX  DEBUG flush_nbx ep 0x7fffe02eb1e0
[1754457906.855455] [idcgpu01:3394561:0]           flush.c:386  UCX  DEBUG flush_nbx ep 0x7fffe02eb1e0
[1754457906.864208] [idcgpu01:3394561:0]           flush.c:386  UCX  DEBUG flush_nbx ep 0x7fffe02eb1e0
[1754457906.873138] [idcgpu01:3394561:0]           flush.c:386  UCX  DEBUG flush_nbx ep 0x7fffe02eb1e0
[1754457906.881975] [idcgpu01:3394561:0]           flush.c:386  UCX  DEBUG flush_nbx ep 0x7fffe02eb1e0
[1754457906.890952] [idcgpu01:3394561:0]           flush.c:386  UCX  DEBUG flush_nbx ep 0x7fffe02eb1e0
[1754457906.899814] [idcgpu01:3394561:0]           flush.c:386  UCX  DEBUG flush_nbx ep 0x7fffe02eb1e0
[1754457906.908674] [idcgpu01:3394561:0]           flush.c:386  UCX  DEBUG flush_nbx ep 0x7fffe02eb1e0
[1754457906.917626] [idcgpu01:3394561:0]           flush.c:386  UCX  DEBUG flush_nbx ep 0x7fffe02eb1e0
[1754457906.926603] [idcgpu01:3394561:0]           flush.c:386  UCX  DEBUG flush_nbx ep 0x7fffe02eb1e0
[1754457906.937484] [idcgpu01:3394561:0]           flush.c:386  UCX  DEBUG flush_nbx ep 0x7fffe02eb1e0
[1754457906.946703] [idcgpu01:3394561:0]           flush.c:386  UCX  DEBUG flush_nbx ep 0x7fffe02eb1e0
[1754457906.955572] [idcgpu01:3394561:0]           flush.c:386  UCX  DEBUG flush_nbx ep 0x7fffe02eb1e0
[1754457906.964394] [idcgpu01:3394561:0]           flush.c:386  UCX  DEBUG flush_nbx ep 0x7fffe02eb1e0
[1754457906.973187] [idcgpu01:3394561:0]           flush.c:386  UCX  DEBUG flush_nbx ep 0x7fffe02eb1e0
[1754457906.981914] [idcgpu01:3394561:0]           flush.c:386  UCX  DEBUG flush_nbx ep 0x7fffe02eb1e0
[1754457906.990677] [idcgpu01:3394561:0]           flush.c:386  UCX  DEBUG flush_nbx ep 0x7fffe02eb1e0
[1754457906.999326] [idcgpu01:3394561:0]           flush.c:386  UCX  DEBUG flush_nbx ep 0x7fffe02eb1e0
[1754457907.008087] [idcgpu01:3394561:0]           flush.c:386  UCX  DEBUG flush_nbx ep 0x7fffe02eb1e0
[1754457907.016750] [idcgpu01:3394561:0]           flush.c:386  UCX  DEBUG flush_nbx ep 0x7fffe02eb1e0
[1754457907.025494] [idcgpu01:3394561:0]           flush.c:386  UCX  DEBUG flush_nbx ep 0x7fffe02eb1e0
[1754457907.034284] [idcgpu01:3394561:0]           flush.c:386  UCX  DEBUG flush_nbx ep 0x7fffe02eb1e0
[1754457907.043044] [idcgpu01:3394561:0]           flush.c:386  UCX  DEBUG flush_nbx ep 0x7fffe02eb1e0
[1754457907.051848] [idcgpu01:3394561:0]           flush.c:386  UCX  DEBUG flush_nbx ep 0x7fffe02eb1e0
[1754457907.060622] [idcgpu01:3394561:0]           flush.c:386  UCX  DEBUG flush_nbx ep 0x7fffe02eb1e0
[1754457907.069556] [idcgpu01:3394561:0]           flush.c:386  UCX  DEBUG flush_nbx ep 0x7fffe02eb1e0
[1754457907.078259] [idcgpu01:3394561:0]           flush.c:386  UCX  DEBUG flush_nbx ep 0x7fffe02eb1e0
[1754457907.087221] [idcgpu01:3394561:0]           flush.c:386  UCX  DEBUG flush_nbx ep 0x7fffe02eb1e0
[1754457907.096218] [idcgpu01:3394561:0]           flush.c:386  UCX  DEBUG flush_nbx ep 0x7fffe02eb1e0
[1754457907.104976] [idcgpu01:3394561:0]           flush.c:386  UCX  DEBUG flush_nbx ep 0x7fffe02eb1e0
[1754457907.113982] [idcgpu01:3394561:0]           flush.c:386  UCX  DEBUG flush_nbx ep 0x7fffe02eb1e0
[1754457907.122874] [idcgpu01:3394561:0]           flush.c:386  UCX  DEBUG flush_nbx ep 0x7fffe02eb1e0
[1754457907.131694] [idcgpu01:3394561:0]           flush.c:386  UCX  DEBUG flush_nbx ep 0x7fffe02eb1e0
[1754457907.140609] [idcgpu01:3394561:0]           flush.c:386  UCX  DEBUG flush_nbx ep 0x7fffe02eb1e0
[1754457907.149370] [idcgpu01:3394561:0]           flush.c:386  UCX  DEBUG flush_nbx ep 0x7fffe02eb1e0
[1754457907.158534] [idcgpu01:3394561:0]           flush.c:386  UCX  DEBUG flush_nbx ep 0x7fffe02eb1e0
[1754457907.167516] [idcgpu01:3394561:0]           flush.c:386  UCX  DEBUG flush_nbx ep 0x7fffe02eb1e0
[1754457907.176385] [idcgpu01:3394561:0]           flush.c:386  UCX  DEBUG flush_nbx ep 0x7fffe02eb1e0
[1754457907.185059] [idcgpu01:3394561:0]           flush.c:386  UCX  DEBUG flush_nbx ep 0x7fffe02eb1e0
[1754457907.193869] [idcgpu01:3394561:0]           flush.c:386  UCX  DEBUG flush_nbx ep 0x7fffe02eb1e0
[1754457907.202752] [idcgpu01:3394561:0]           flush.c:386  UCX  DEBUG flush_nbx ep 0x7fffe02eb1e0
[1754457907.211496] [idcgpu01:3394561:0]           flush.c:386  UCX  DEBUG flush_nbx ep 0x7fffe02eb1e0
[1754457907.220237] [idcgpu01:3394561:0]           flush.c:386  UCX  DEBUG flush_nbx ep 0x7fffe02eb1e0
[1754457907.228974] [idcgpu01:3394561:0]           flush.c:386  UCX  DEBUG flush_nbx ep 0x7fffe02eb1e0
[1754457907.237826] [idcgpu01:3394561:0]           flush.c:386  UCX  DEBUG flush_nbx ep 0x7fffe02eb1e0
[1754457907.246518] [idcgpu01:3394561:0]           flush.c:386  UCX  DEBUG flush_nbx ep 0x7fffe02eb1e0
[1754457907.255329] [idcgpu01:3394561:0]           flush.c:386  UCX  DEBUG flush_nbx ep 0x7fffe02eb1e0
[1754457907.264134] [idcgpu01:3394561:0]           flush.c:386  UCX  DEBUG flush_nbx ep 0x7fffe02eb1e0
[1754457907.272975] [idcgpu01:3394561:0]           flush.c:386  UCX  DEBUG flush_nbx ep 0x7fffe02eb1e0
[1754457907.281818] [idcgpu01:3394561:0]           flush.c:386  UCX  DEBUG flush_nbx ep 0x7fffe02eb1e0
[1754457907.290647] [idcgpu01:3394561:0]           flush.c:386  UCX  DEBUG flush_nbx ep 0x7fffe02eb1e0
[1754457907.299615] [idcgpu01:3394561:0]           flush.c:386  UCX  DEBUG flush_nbx ep 0x7fffe02eb1e0
[1754457907.308636] [idcgpu01:3394561:0]           flush.c:386  UCX  DEBUG flush_nbx ep 0x7fffe02eb1e0
[1754457907.317583] [idcgpu01:3394561:0]           flush.c:386  UCX  DEBUG flush_nbx ep 0x7fffe02eb1e0
[1754457907.326387] [idcgpu01:3394561:0]           flush.c:386  UCX  DEBUG flush_nbx ep 0x7fffe02eb1e0
[1754457907.335262] [idcgpu01:3394561:0]           flush.c:386  UCX  DEBUG flush_nbx ep 0x7fffe02eb1e0
[1754457907.344248] [idcgpu01:3394561:0]           flush.c:386  UCX  DEBUG flush_nbx ep 0x7fffe02eb1e0
[1754457907.353001] [idcgpu01:3394561:0]           flush.c:386  UCX  DEBUG flush_nbx ep 0x7fffe02eb1e0
[1754457907.361780] [idcgpu01:3394561:0]           flush.c:386  UCX  DEBUG flush_nbx ep 0x7fffe02eb1e0
[1754457907.370592] [idcgpu01:3394561:0]           flush.c:386  UCX  DEBUG flush_nbx ep 0x7fffe02eb1e0
[1754457907.379355] [idcgpu01:3394561:0]           flush.c:386  UCX  DEBUG flush_nbx ep 0x7fffe02eb1e0
[1754457907.388009] [idcgpu01:3394561:0]           flush.c:386  UCX  DEBUG flush_nbx ep 0x7fffe02eb1e0
[1754457907.396685] [idcgpu01:3394561:0]           flush.c:386  UCX  DEBUG flush_nbx ep 0x7fffe02eb1e0
[1754457907.405597] [idcgpu01:3394561:0]           flush.c:386  UCX  DEBUG flush_nbx ep 0x7fffe02eb1e0
[1754457907.414344] [idcgpu01:3394561:0]           flush.c:386  UCX  DEBUG flush_nbx ep 0x7fffe02eb1e0
[1754457907.423071] [idcgpu01:3394561:0]           flush.c:386  UCX  DEBUG flush_nbx ep 0x7fffe02eb1e0
[1754457907.431787] [idcgpu01:3394561:0]           flush.c:386  UCX  DEBUG flush_nbx ep 0x7fffe02eb1e0
[1754457907.440673] [idcgpu01:3394561:0]           flush.c:386  UCX  DEBUG flush_nbx ep 0x7fffe02eb1e0
[1754457907.449473] [idcgpu01:3394561:0]           flush.c:386  UCX  DEBUG flush_nbx ep 0x7fffe02eb1e0
[1754457907.458218] [idcgpu01:3394561:0]           flush.c:386  UCX  DEBUG flush_nbx ep 0x7fffe02eb1e0
[1754457907.466962] [idcgpu01:3394561:0]           flush.c:386  UCX  DEBUG flush_nbx ep 0x7fffe02eb1e0
[1754457907.475676] [idcgpu01:3394561:0]           flush.c:386  UCX  DEBUG flush_nbx ep 0x7fffe02eb1e0
[1754457907.484374] [idcgpu01:3394561:0]           flush.c:386  UCX  DEBUG flush_nbx ep 0x7fffe02eb1e0
[1754457907.493141] [idcgpu01:3394561:0]           flush.c:386  UCX  DEBUG flush_nbx ep 0x7fffe02eb1e0
[1754457907.502039] [idcgpu01:3394561:0]           flush.c:386  UCX  DEBUG flush_nbx ep 0x7fffe02eb1e0
[1754457907.511043] [idcgpu01:3394561:0]           flush.c:386  UCX  DEBUG flush_nbx ep 0x7fffe02eb1e0
[1754457907.521160] [idcgpu01:3394561:0]           flush.c:386  UCX  DEBUG flush_nbx ep 0x7fffe02eb1e0
[1754457907.529915] [idcgpu01:3394561:0]           flush.c:386  UCX  DEBUG flush_nbx ep 0x7fffe02eb1e0
[1754457907.538637] [idcgpu01:3394561:0]           flush.c:386  UCX  DEBUG flush_nbx ep 0x7fffe02eb1e0
[1754457907.547331] [idcgpu01:3394561:0]           flush.c:386  UCX  DEBUG flush_nbx ep 0x7fffe02eb1e0
[1754457907.556158] [idcgpu01:3394561:0]           flush.c:386  UCX  DEBUG flush_nbx ep 0x7fffe02eb1e0
[1754457907.565178] [idcgpu01:3394561:0]           flush.c:386  UCX  DEBUG flush_nbx ep 0x7fffe02eb1e0
[1754457907.573907] [idcgpu01:3394561:0]           flush.c:386  UCX  DEBUG flush_nbx ep 0x7fffe02eb1e0
[1754457907.582598] [idcgpu01:3394561:0]           flush.c:386  UCX  DEBUG flush_nbx ep 0x7fffe02eb1e0
[1754457907.591548] [idcgpu01:3394561:0]           flush.c:386  UCX  DEBUG flush_nbx ep 0x7fffe02eb1e0
[1754457907.600325] [idcgpu01:3394561:0]           flush.c:386  UCX  DEBUG flush_nbx ep 0x7fffe02eb1e0
[1754457907.609151] [idcgpu01:3394561:0]           flush.c:386  UCX  DEBUG flush_nbx ep 0x7fffe02eb1e0
[1754457907.617931] [idcgpu01:3394561:0]           flush.c:386  UCX  DEBUG flush_nbx ep 0x7fffe02eb1e0
[1754457907.626848] [idcgpu01:3394561:0]           flush.c:386  UCX  DEBUG flush_nbx ep 0x7fffe02eb1e0
[1754457907.635872] [idcgpu01:3394561:0]           flush.c:386  UCX  DEBUG flush_nbx ep 0x7fffe02eb1e0
[1754457907.644796] [idcgpu01:3394561:0]           flush.c:386  UCX  DEBUG flush_nbx ep 0x7fffe02eb1e0
[1754457907.653549] [idcgpu01:3394561:0]           flush.c:386  UCX  DEBUG flush_nbx ep 0x7fffe02eb1e0
[1754457907.662423] [idcgpu01:3394561:0]           flush.c:386  UCX  DEBUG flush_nbx ep 0x7fffe02eb1e0
[1754457907.671255] [idcgpu01:3394561:0]           flush.c:386  UCX  DEBUG flush_nbx ep 0x7fffe02eb1e0
[1754457907.680062] [idcgpu01:3394561:0]           flush.c:386  UCX  DEBUG flush_nbx ep 0x7fffe02eb1e0
[1754457907.688811] [idcgpu01:3394561:0]           flush.c:386  UCX  DEBUG flush_nbx ep 0x7fffe02eb1e0
[1754457907.697613] [idcgpu01:3394561:0]           flush.c:386  UCX  DEBUG flush_nbx ep 0x7fffe02eb1e0
[1754457907.706366] [idcgpu01:3394561:0]           flush.c:386  UCX  DEBUG flush_nbx ep 0x7fffe02eb1e0
[1754457907.715174] [idcgpu01:3394561:0]           flush.c:386  UCX  DEBUG flush_nbx ep 0x7fffe02eb1e0
[1754457907.724083] [idcgpu01:3394561:0]           flush.c:386  UCX  DEBUG flush_nbx ep 0x7fffe02eb1e0
[1754457907.732794] [idcgpu01:3394561:0]           flush.c:386  UCX  DEBUG flush_nbx ep 0x7fffe02eb1e0
[1754457907.741501] [idcgpu01:3394561:0]           flush.c:386  UCX  DEBUG flush_nbx ep 0x7fffe02eb1e0
[1754457907.750114] [idcgpu01:3394561:0]           flush.c:386  UCX  DEBUG flush_nbx ep 0x7fffe02eb1e0
[1754457907.758882] [idcgpu01:3394561:0]           flush.c:386  UCX  DEBUG flush_nbx ep 0x7fffe02eb1e0
[1754457907.767626] [idcgpu01:3394561:0]           flush.c:386  UCX  DEBUG flush_nbx ep 0x7fffe02eb1e0
[1754457907.776382] [idcgpu01:3394561:0]           flush.c:386  UCX  DEBUG flush_nbx ep 0x7fffe02eb1e0
[1754457907.785116] [idcgpu01:3394561:0]           flush.c:386  UCX  DEBUG flush_nbx ep 0x7fffe02eb1e0
[1754457907.793881] [idcgpu01:3394561:0]           flush.c:386  UCX  DEBUG flush_nbx ep 0x7fffe02eb1e0
[1754457907.802872] [idcgpu01:3394561:0]           flush.c:386  UCX  DEBUG flush_nbx ep 0x7fffe02eb1e0
[1754457907.811610] [idcgpu01:3394561:0]           flush.c:386  UCX  DEBUG flush_nbx ep 0x7fffe02eb1e0
[1754457907.820328] [idcgpu01:3394561:0]           flush.c:386  UCX  DEBUG flush_nbx ep 0x7fffe02eb1e0
[1754457907.829196] [idcgpu01:3394561:0]           flush.c:386  UCX  DEBUG flush_nbx ep 0x7fffe02eb1e0
[1754457907.838029] [idcgpu01:3394561:0]           flush.c:386  UCX  DEBUG flush_nbx ep 0x7fffe02eb1e0
[1754457907.846846] [idcgpu01:3394561:0]           flush.c:386  UCX  DEBUG flush_nbx ep 0x7fffe02eb1e0
[1754457907.855644] [idcgpu01:3394561:0]           flush.c:386  UCX  DEBUG flush_nbx ep 0x7fffe02eb1e0
[1754457907.864524] [idcgpu01:3394561:0]           flush.c:386  UCX  DEBUG flush_nbx ep 0x7fffe02eb1e0
[1754457907.873186] [idcgpu01:3394561:0]           flush.c:386  UCX  DEBUG flush_nbx ep 0x7fffe02eb1e0
[1754457907.881956] [idcgpu01:3394561:0]           flush.c:386  UCX  DEBUG flush_nbx ep 0x7fffe02eb1e0
[1754457907.890597] [idcgpu01:3394561:0]           flush.c:386  UCX  DEBUG flush_nbx ep 0x7fffe02eb1e0
[1754457907.899316] [idcgpu01:3394561:0]           flush.c:386  UCX  DEBUG flush_nbx ep 0x7fffe02eb1e0
[1754457907.908232] [idcgpu01:3394561:0]           flush.c:386  UCX  DEBUG flush_nbx ep 0x7fffe02eb1e0
[1754457907.917332] [idcgpu01:3394561:0]           flush.c:386  UCX  DEBUG flush_nbx ep 0x7fffe02eb1e0
[1754457907.926272] [idcgpu01:3394561:0]           flush.c:386  UCX  DEBUG flush_nbx ep 0x7fffe02eb1e0
[1754457907.935022] [idcgpu01:3394561:0]           flush.c:386  UCX  DEBUG flush_nbx ep 0x7fffe02eb1e0
[1754457907.943895] [idcgpu01:3394561:0]           flush.c:386  UCX  DEBUG flush_nbx ep 0x7fffe02eb1e0
[1754457907.952605] [idcgpu01:3394561:0]           flush.c:386  UCX  DEBUG flush_nbx ep 0x7fffe02eb1e0
[1754457907.961482] [idcgpu01:3394561:0]           flush.c:386  UCX  DEBUG flush_nbx ep 0x7fffe02eb1e0
[1754457907.970253] [idcgpu01:3394561:0]           flush.c:386  UCX  DEBUG flush_nbx ep 0x7fffe02eb1e0
[1754457907.979122] [idcgpu01:3394561:0]           flush.c:386  UCX  DEBUG flush_nbx ep 0x7fffe02eb1e0
[1754457907.987856] [idcgpu01:3394561:0]           flush.c:386  UCX  DEBUG flush_nbx ep 0x7fffe02eb1e0
[1754457907.996595] [idcgpu01:3394561:0]           flush.c:386  UCX  DEBUG flush_nbx ep 0x7fffe02eb1e0
[1754457908.005416] [idcgpu01:3394561:0]           flush.c:386  UCX  DEBUG flush_nbx ep 0x7fffe02eb1e0
[1754457908.014288] [idcgpu01:3394561:0]           flush.c:386  UCX  DEBUG flush_nbx ep 0x7fffe02eb1e0
[1754457908.023026] [idcgpu01:3394561:0]           flush.c:386  UCX  DEBUG flush_nbx ep 0x7fffe02eb1e0
[1754457908.031885] [idcgpu01:3394561:0]           flush.c:386  UCX  DEBUG flush_nbx ep 0x7fffe02eb1e0
[1754457908.040640] [idcgpu01:3394561:0]           flush.c:386  UCX  DEBUG flush_nbx ep 0x7fffe02eb1e0
[1754457908.049380] [idcgpu01:3394561:0]           flush.c:386  UCX  DEBUG flush_nbx ep 0x7fffe02eb1e0
[1754457908.058141] [idcgpu01:3394561:0]           flush.c:386  UCX  DEBUG flush_nbx ep 0x7fffe02eb1e0
[1754457908.066842] [idcgpu01:3394561:0]           flush.c:386  UCX  DEBUG flush_nbx ep 0x7fffe02eb1e0
[1754457908.075739] [idcgpu01:3394561:0]           flush.c:386  UCX  DEBUG flush_nbx ep 0x7fffe02eb1e0
[1754457908.084509] [idcgpu01:3394561:0]           flush.c:386  UCX  DEBUG flush_nbx ep 0x7fffe02eb1e0
[1754457908.093362] [idcgpu01:3394561:0]           flush.c:386  UCX  DEBUG flush_nbx ep 0x7fffe02eb1e0
[1754457908.102196] [idcgpu01:3394561:0]           flush.c:386  UCX  DEBUG flush_nbx ep 0x7fffe02eb1e0
[1754457908.111031] [idcgpu01:3394561:0]           flush.c:386  UCX  DEBUG flush_nbx ep 0x7fffe02eb1e0
[1754457908.120049] [idcgpu01:3394561:0]           flush.c:386  UCX  DEBUG flush_nbx ep 0x7fffe02eb1e0
[1754457908.129031] [idcgpu01:3394561:0]           flush.c:386  UCX  DEBUG flush_nbx ep 0x7fffe02eb1e0
[1754457908.138077] [idcgpu01:3394561:0]           flush.c:386  UCX  DEBUG flush_nbx ep 0x7fffe02eb1e0
[1754457908.147117] [idcgpu01:3394561:0]           flush.c:386  UCX  DEBUG flush_nbx ep 0x7fffe02eb1e0
[1754457908.156372] [idcgpu01:3394561:0]           flush.c:386  UCX  DEBUG flush_nbx ep 0x7fffe02eb1e0
[1754457908.165306] [idcgpu01:3394561:0]           flush.c:386  UCX  DEBUG flush_nbx ep 0x7fffe02eb1e0
[1754457908.174138] [idcgpu01:3394561:0]           flush.c:386  UCX  DEBUG flush_nbx ep 0x7fffe02eb1e0
[1754457908.182959] [idcgpu01:3394561:0]           flush.c:386  UCX  DEBUG flush_nbx ep 0x7fffe02eb1e0
[1754457908.191722] [idcgpu01:3394561:0]           flush.c:386  UCX  DEBUG flush_nbx ep 0x7fffe02eb1e0
[1754457908.200664] [idcgpu01:3394561:0]           flush.c:386  UCX  DEBUG flush_nbx ep 0x7fffe02eb1e0
[1754457908.209551] [idcgpu01:3394561:0]           flush.c:386  UCX  DEBUG flush_nbx ep 0x7fffe02eb1e0
[1754457908.218271] [idcgpu01:3394561:0]           flush.c:386  UCX  DEBUG flush_nbx ep 0x7fffe02eb1e0
[1754457908.227119] [idcgpu01:3394561:0]           flush.c:386  UCX  DEBUG flush_nbx ep 0x7fffe02eb1e0
[1754457908.235919] [idcgpu01:3394561:0]           flush.c:386  UCX  DEBUG flush_nbx ep 0x7fffe02eb1e0
[1754457908.244716] [idcgpu01:3394561:0]           flush.c:386  UCX  DEBUG flush_nbx ep 0x7fffe02eb1e0
[1754457908.253421] [idcgpu01:3394561:0]           flush.c:386  UCX  DEBUG flush_nbx ep 0x7fffe02eb1e0
[1754457908.262355] [idcgpu01:3394561:0]           flush.c:386  UCX  DEBUG flush_nbx ep 0x7fffe02eb1e0
[1754457908.271010] [idcgpu01:3394561:0]           flush.c:386  UCX  DEBUG flush_nbx ep 0x7fffe02eb1e0
[1754457908.279840] [idcgpu01:3394561:0]           flush.c:386  UCX  DEBUG flush_nbx ep 0x7fffe02eb1e0
[1754457908.288652] [idcgpu01:3394561:0]           flush.c:386  UCX  DEBUG flush_nbx ep 0x7fffe02eb1e0
[1754457908.297495] [idcgpu01:3394561:0]           flush.c:386  UCX  DEBUG flush_nbx ep 0x7fffe02eb1e0
[1754457908.306292] [idcgpu01:3394561:0]           flush.c:386  UCX  DEBUG flush_nbx ep 0x7fffe02eb1e0
[1754457908.315152] [idcgpu01:3394561:0]           flush.c:386  UCX  DEBUG flush_nbx ep 0x7fffe02eb1e0
[1754457908.323953] [idcgpu01:3394561:0]           flush.c:386  UCX  DEBUG flush_nbx ep 0x7fffe02eb1e0
[1754457908.332908] [idcgpu01:3394561:0]           flush.c:386  UCX  DEBUG flush_nbx ep 0x7fffe02eb1e0
[1754457908.342020] [idcgpu01:3394561:0]           flush.c:386  UCX  DEBUG flush_nbx ep 0x7fffe02eb1e0
[1754457908.350818] [idcgpu01:3394561:0]           flush.c:386  UCX  DEBUG flush_nbx ep 0x7fffe02eb1e0
[1754457908.359473] [idcgpu01:3394561:0]           flush.c:386  UCX  DEBUG flush_nbx ep 0x7fffe02eb1e0
[1754457908.368298] [idcgpu01:3394561:0]           flush.c:386  UCX  DEBUG flush_nbx ep 0x7fffe02eb1e0
[1754457908.377133] [idcgpu01:3394561:0]           flush.c:386  UCX  DEBUG flush_nbx ep 0x7fffe02eb1e0
[1754457908.385848] [idcgpu01:3394561:0]           flush.c:386  UCX  DEBUG flush_nbx ep 0x7fffe02eb1e0
[1754457908.394633] [idcgpu01:3394561:0]           flush.c:386  UCX  DEBUG flush_nbx ep 0x7fffe02eb1e0
[1754457908.403400] [idcgpu01:3394561:0]           flush.c:386  UCX  DEBUG flush_nbx ep 0x7fffe02eb1e0
[1754457908.412053] [idcgpu01:3394561:0]           flush.c:386  UCX  DEBUG flush_nbx ep 0x7fffe02eb1e0
[1754457908.420804] [idcgpu01:3394561:0]           flush.c:386  UCX  DEBUG flush_nbx ep 0x7fffe02eb1e0
[1754457908.429618] [idcgpu01:3394561:0]           flush.c:386  UCX  DEBUG flush_nbx ep 0x7fffe02eb1e0
[1754457908.438426] [idcgpu01:3394561:0]           flush.c:386  UCX  DEBUG flush_nbx ep 0x7fffe02eb1e0
[1754457908.447236] [idcgpu01:3394561:0]           flush.c:386  UCX  DEBUG flush_nbx ep 0x7fffe02eb1e0
[1754457908.456215] [idcgpu01:3394561:0]           flush.c:386  UCX  DEBUG flush_nbx ep 0x7fffe02eb1e0
[1754457908.465058] [idcgpu01:3394561:0]           flush.c:386  UCX  DEBUG flush_nbx ep 0x7fffe02eb1e0
[1754457908.473681] [idcgpu01:3394561:0]           flush.c:386  UCX  DEBUG flush_nbx ep 0x7fffe02eb1e0
[1754457908.482376] [idcgpu01:3394561:0]           flush.c:386  UCX  DEBUG flush_nbx ep 0x7fffe02eb1e0
[1754457908.491119] [idcgpu01:3394561:0]           flush.c:386  UCX  DEBUG flush_nbx ep 0x7fffe02eb1e0
[1754457908.499889] [idcgpu01:3394561:0]           flush.c:386  UCX  DEBUG flush_nbx ep 0x7fffe02eb1e0
[1754457908.508552] [idcgpu01:3394561:0]           flush.c:386  UCX  DEBUG flush_nbx ep 0x7fffe02eb1e0
[1754457908.517328] [idcgpu01:3394561:0]           flush.c:386  UCX  DEBUG flush_nbx ep 0x7fffe02eb1e0
[1754457908.526036] [idcgpu01:3394561:0]           flush.c:386  UCX  DEBUG flush_nbx ep 0x7fffe02eb1e0
[1754457908.534750] [idcgpu01:3394561:0]           flush.c:386  UCX  DEBUG flush_nbx ep 0x7fffe02eb1e0
[1754457908.543636] [idcgpu01:3394561:0]           flush.c:386  UCX  DEBUG flush_nbx ep 0x7fffe02eb1e0
[1754457908.552662] [idcgpu01:3394561:0]           flush.c:386  UCX  DEBUG flush_nbx ep 0x7fffe02eb1e0
[1754457908.561407] [idcgpu01:3394561:0]           flush.c:386  UCX  DEBUG flush_nbx ep 0x7fffe02eb1e0
[1754457908.570235] [idcgpu01:3394561:0]           flush.c:386  UCX  DEBUG flush_nbx ep 0x7fffe02eb1e0
[1754457908.578884] [idcgpu01:3394561:0]           flush.c:386  UCX  DEBUG flush_nbx ep 0x7fffe02eb1e0
[1754457908.587703] [idcgpu01:3394561:0]           flush.c:386  UCX  DEBUG flush_nbx ep 0x7fffe02eb1e0
[1754457908.596370] [idcgpu01:3394561:0]           flush.c:386  UCX  DEBUG flush_nbx ep 0x7fffe02eb1e0
[1754457908.605123] [idcgpu01:3394561:0]           flush.c:386  UCX  DEBUG flush_nbx ep 0x7fffe02eb1e0
[1754457908.613854] [idcgpu01:3394561:0]           flush.c:386  UCX  DEBUG flush_nbx ep 0x7fffe02eb1e0
[1754457908.622633] [idcgpu01:3394561:0]           flush.c:386  UCX  DEBUG flush_nbx ep 0x7fffe02eb1e0
[1754457908.631347] [idcgpu01:3394561:0]           flush.c:386  UCX  DEBUG flush_nbx ep 0x7fffe02eb1e0
[1754457908.640100] [idcgpu01:3394561:0]           flush.c:386  UCX  DEBUG flush_nbx ep 0x7fffe02eb1e0
[1754457908.648887] [idcgpu01:3394561:0]           flush.c:386  UCX  DEBUG flush_nbx ep 0x7fffe02eb1e0
[1754457908.657540] [idcgpu01:3394561:0]           flush.c:386  UCX  DEBUG flush_nbx ep 0x7fffe02eb1e0
[1754457908.666165] [idcgpu01:3394561:0]           flush.c:386  UCX  DEBUG flush_nbx ep 0x7fffe02eb1e0
[1754457908.674832] [idcgpu01:3394561:0]           flush.c:386  UCX  DEBUG flush_nbx ep 0x7fffe02eb1e0
[1754457908.683570] [idcgpu01:3394561:0]           flush.c:386  UCX  DEBUG flush_nbx ep 0x7fffe02eb1e0
[1754457908.692260] [idcgpu01:3394561:0]           flush.c:386  UCX  DEBUG flush_nbx ep 0x7fffe02eb1e0
[1754457908.701071] [idcgpu01:3394561:0]           flush.c:386  UCX  DEBUG flush_nbx ep 0x7fffe02eb1e0
[1754457908.710007] [idcgpu01:3394561:0]           flush.c:386  UCX  DEBUG flush_nbx ep 0x7fffe02eb1e0
[1754457908.719087] [idcgpu01:3394561:0]           flush.c:386  UCX  DEBUG flush_nbx ep 0x7fffe02eb1e0
[1754457908.727836] [idcgpu01:3394561:0]           flush.c:386  UCX  DEBUG flush_nbx ep 0x7fffe02eb1e0
[1754457908.736637] [idcgpu01:3394561:0]           flush.c:386  UCX  DEBUG flush_nbx ep 0x7fffe02eb1e0
[1754457908.745382] [idcgpu01:3394561:0]           flush.c:386  UCX  DEBUG flush_nbx ep 0x7fffe02eb1e0
[1754457908.754294] [idcgpu01:3394561:0]           flush.c:386  UCX  DEBUG flush_nbx ep 0x7fffe02eb1e0
[1754457908.763141] [idcgpu01:3394561:0]           flush.c:386  UCX  DEBUG flush_nbx ep 0x7fffe02eb1e0
[1754457908.771870] [idcgpu01:3394561:0]           flush.c:386  UCX  DEBUG flush_nbx ep 0x7fffe02eb1e0
[1754457908.780615] [idcgpu01:3394561:0]           flush.c:386  UCX  DEBUG flush_nbx ep 0x7fffe02eb1e0
[1754457908.789252] [idcgpu01:3394561:0]           flush.c:386  UCX  DEBUG flush_nbx ep 0x7fffe02eb1e0
[1754457908.798029] [idcgpu01:3394561:0]           flush.c:386  UCX  DEBUG flush_nbx ep 0x7fffe02eb1e0
[1754457908.806840] [idcgpu01:3394561:0]           flush.c:386  UCX  DEBUG flush_nbx ep 0x7fffe02eb1e0
[1754457908.815743] [idcgpu01:3394561:0]           flush.c:386  UCX  DEBUG flush_nbx ep 0x7fffe02eb1e0
[1754457908.824516] [idcgpu01:3394561:0]           flush.c:386  UCX  DEBUG flush_nbx ep 0x7fffe02eb1e0
[1754457908.833234] [idcgpu01:3394561:0]           flush.c:386  UCX  DEBUG flush_nbx ep 0x7fffe02eb1e0
[1754457908.842247] [idcgpu01:3394561:0]           flush.c:386  UCX  DEBUG flush_nbx ep 0x7fffe02eb1e0
[1754457908.850953] [idcgpu01:3394561:0]           flush.c:386  UCX  DEBUG flush_nbx ep 0x7fffe02eb1e0
[1754457908.859639] [idcgpu01:3394561:0]           flush.c:386  UCX  DEBUG flush_nbx ep 0x7fffe02eb1e0
[1754457908.868353] [idcgpu01:3394561:0]           flush.c:386  UCX  DEBUG flush_nbx ep 0x7fffe02eb1e0
[1754457908.877037] [idcgpu01:3394561:0]           flush.c:386  UCX  DEBUG flush_nbx ep 0x7fffe02eb1e0
[1754457908.885773] [idcgpu01:3394561:0]           flush.c:386  UCX  DEBUG flush_nbx ep 0x7fffe02eb1e0
[1754457908.894426] [idcgpu01:3394561:0]           flush.c:386  UCX  DEBUG flush_nbx ep 0x7fffe02eb1e0
[1754457908.903306] [idcgpu01:3394561:0]           flush.c:386  UCX  DEBUG flush_nbx ep 0x7fffe02eb1e0
[1754457908.912097] [idcgpu01:3394561:0]           flush.c:386  UCX  DEBUG flush_nbx ep 0x7fffe02eb1e0
[1754457908.920961] [idcgpu01:3394561:0]           flush.c:386  UCX  DEBUG flush_nbx ep 0x7fffe02eb1e0
[1754457908.929901] [idcgpu01:3394561:0]           flush.c:386  UCX  DEBUG flush_nbx ep 0x7fffe02eb1e0
[1754457908.938701] [idcgpu01:3394561:0]           flush.c:386  UCX  DEBUG flush_nbx ep 0x7fffe02eb1e0
[1754457908.947184] [idcgpu01:3394561:0]           flush.c:386  UCX  DEBUG flush_nbx ep 0x7fffe02eb1e0
[1754457908.955837] [idcgpu01:3394561:0]           flush.c:386  UCX  DEBUG flush_nbx ep 0x7fffe02eb1e0
[1754457908.964369] [idcgpu01:3394561:0]           flush.c:386  UCX  DEBUG flush_nbx ep 0x7fffe02eb1e0
[1754457908.972767] [idcgpu01:3394561:0]           flush.c:386  UCX  DEBUG flush_nbx ep 0x7fffe02eb1e0
[1754457908.981069] [idcgpu01:3394561:0]           flush.c:386  UCX  DEBUG flush_nbx ep 0x7fffe02eb1e0
[1754457908.989123] [idcgpu01:3394561:0]           flush.c:386  UCX  DEBUG flush_nbx ep 0x7fffe02eb1e0
[1754457908.997127] [idcgpu01:3394561:0]           flush.c:386  UCX  DEBUG flush_nbx ep 0x7fffe02eb1e0
[1754457909.005097] [idcgpu01:3394561:0]           flush.c:386  UCX  DEBUG flush_nbx ep 0x7fffe02eb1e0
[1754457909.012974] [idcgpu01:3394561:0]           flush.c:386  UCX  DEBUG flush_nbx ep 0x7fffe02eb1e0
[1754457909.020827] [idcgpu01:3394561:0]           flush.c:386  UCX  DEBUG flush_nbx ep 0x7fffe02eb1e0
[1754457909.028527] [idcgpu01:3394561:0]           flush.c:386  UCX  DEBUG flush_nbx ep 0x7fffe02eb1e0
[1754457909.036218] [idcgpu01:3394561:0]           flush.c:386  UCX  DEBUG flush_nbx ep 0x7fffe02eb1e0
[1754457909.043963] [idcgpu01:3394561:0]           flush.c:386  UCX  DEBUG flush_nbx ep 0x7fffe02eb1e0
[1754457909.051519] [idcgpu01:3394561:0]           flush.c:386  UCX  DEBUG flush_nbx ep 0x7fffe02eb1e0
[1754457909.059080] [idcgpu01:3394561:0]           flush.c:386  UCX  DEBUG flush_nbx ep 0x7fffe02eb1e0
[1754457909.066710] [idcgpu01:3394561:0]           flush.c:386  UCX  DEBUG flush_nbx ep 0x7fffe02eb1e0
[1754457909.074234] [idcgpu01:3394561:0]           flush.c:386  UCX  DEBUG flush_nbx ep 0x7fffe02eb1e0
[1754457909.081782] [idcgpu01:3394561:0]           flush.c:386  UCX  DEBUG flush_nbx ep 0x7fffe02eb1e0
[1754457909.089245] [idcgpu01:3394561:0]           flush.c:386  UCX  DEBUG flush_nbx ep 0x7fffe02eb1e0
[1754457909.096656] [idcgpu01:3394561:0]           flush.c:386  UCX  DEBUG flush_nbx ep 0x7fffe02eb1e0
[1754457909.104062] [idcgpu01:3394561:0]           flush.c:386  UCX  DEBUG flush_nbx ep 0x7fffe02eb1e0
[1754457909.111482] [idcgpu01:3394561:0]           flush.c:386  UCX  DEBUG flush_nbx ep 0x7fffe02eb1e0
[1754457909.119110] [idcgpu01:3394561:0]           flush.c:386  UCX  DEBUG flush_nbx ep 0x7fffe02eb1e0
[1754457909.126460] [idcgpu01:3394561:0]           flush.c:386  UCX  DEBUG flush_nbx ep 0x7fffe02eb1e0
[1754457909.133766] [idcgpu01:3394561:0]           flush.c:386  UCX  DEBUG flush_nbx ep 0x7fffe02eb1e0
[1754457909.141066] [idcgpu01:3394561:0]           flush.c:386  UCX  DEBUG flush_nbx ep 0x7fffe02eb1e0
[1754457909.148472] [idcgpu01:3394561:0]           flush.c:386  UCX  DEBUG flush_nbx ep 0x7fffe02eb1e0
[1754457909.155862] [idcgpu01:3394561:0]           flush.c:386  UCX  DEBUG flush_nbx ep 0x7fffe02eb1e0
[1754457909.163369] [idcgpu01:3394561:0]           flush.c:386  UCX  DEBUG flush_nbx ep 0x7fffe02eb1e0
[1754457909.170839] [idcgpu01:3394561:0]           flush.c:386  UCX  DEBUG flush_nbx ep 0x7fffe02eb1e0
[1754457909.178277] [idcgpu01:3394561:0]           flush.c:386  UCX  DEBUG flush_nbx ep 0x7fffe02eb1e0
[1754457909.185628] [idcgpu01:3394561:0]           flush.c:386  UCX  DEBUG flush_nbx ep 0x7fffe02eb1e0
[1754457909.192907] [idcgpu01:3394561:0]           flush.c:386  UCX  DEBUG flush_nbx ep 0x7fffe02eb1e0
[1754457909.200294] [idcgpu01:3394561:0]           flush.c:386  UCX  DEBUG flush_nbx ep 0x7fffe02eb1e0
[1754457909.207584] [idcgpu01:3394561:0]           flush.c:386  UCX  DEBUG flush_nbx ep 0x7fffe02eb1e0
[1754457909.214856] [idcgpu01:3394561:0]           flush.c:386  UCX  DEBUG flush_nbx ep 0x7fffe02eb1e0
[1754457909.222147] [idcgpu01:3394561:0]           flush.c:386  UCX  DEBUG flush_nbx ep 0x7fffe02eb1e0
[1754457909.229414] [idcgpu01:3394561:0]           flush.c:386  UCX  DEBUG flush_nbx ep 0x7fffe02eb1e0
[1754457909.236732] [idcgpu01:3394561:0]           flush.c:386  UCX  DEBUG flush_nbx ep 0x7fffe02eb1e0
[1754457909.244009] [idcgpu01:3394561:0]           flush.c:386  UCX  DEBUG flush_nbx ep 0x7fffe02eb1e0
[1754457909.251300] [idcgpu01:3394561:0]           flush.c:386  UCX  DEBUG flush_nbx ep 0x7fffe02eb1e0
[1754457909.258622] [idcgpu01:3394561:0]           flush.c:386  UCX  DEBUG flush_nbx ep 0x7fffe02eb1e0
[1754457909.265898] [idcgpu01:3394561:0]           flush.c:386  UCX  DEBUG flush_nbx ep 0x7fffe02eb1e0
[1754457909.273219] [idcgpu01:3394561:0]           flush.c:386  UCX  DEBUG flush_nbx ep 0x7fffe02eb1e0
[1754457909.280624] [idcgpu01:3394561:0]           flush.c:386  UCX  DEBUG flush_nbx ep 0x7fffe02eb1e0
[1754457909.287917] [idcgpu01:3394561:0]           flush.c:386  UCX  DEBUG flush_nbx ep 0x7fffe02eb1e0
[1754457909.295147] [idcgpu01:3394561:0]           flush.c:386  UCX  DEBUG flush_nbx ep 0x7fffe02eb1e0
[1754457909.302416] [idcgpu01:3394561:0]           flush.c:386  UCX  DEBUG flush_nbx ep 0x7fffe02eb1e0
[1754457909.309680] [idcgpu01:3394561:0]           flush.c:386  UCX  DEBUG flush_nbx ep 0x7fffe02eb1e0
[1754457909.316903] [idcgpu01:3394561:0]           flush.c:386  UCX  DEBUG flush_nbx ep 0x7fffe02eb1e0
[1754457909.324213] [idcgpu01:3394561:0]           flush.c:386  UCX  DEBUG flush_nbx ep 0x7fffe02eb1e0
[1754457909.331577] [idcgpu01:3394561:0]           flush.c:386  UCX  DEBUG flush_nbx ep 0x7fffe02eb1e0
[1754457909.338948] [idcgpu01:3394561:0]           flush.c:386  UCX  DEBUG flush_nbx ep 0x7fffe02eb1e0
[1754457909.346230] [idcgpu01:3394561:0]           flush.c:386  UCX  DEBUG flush_nbx ep 0x7fffe02eb1e0
[1754457909.353531] [idcgpu01:3394561:0]           flush.c:386  UCX  DEBUG flush_nbx ep 0x7fffe02eb1e0
[1754457909.360824] [idcgpu01:3394561:0]           flush.c:386  UCX  DEBUG flush_nbx ep 0x7fffe02eb1e0
[1754457909.368151] [idcgpu01:3394561:0]           flush.c:386  UCX  DEBUG flush_nbx ep 0x7fffe02eb1e0
[1754457909.375454] [idcgpu01:3394561:0]           flush.c:386  UCX  DEBUG flush_nbx ep 0x7fffe02eb1e0
[1754457909.382864] [idcgpu01:3394561:0]           flush.c:386  UCX  DEBUG flush_nbx ep 0x7fffe02eb1e0
[1754457909.390152] [idcgpu01:3394561:0]           flush.c:386  UCX  DEBUG flush_nbx ep 0x7fffe02eb1e0
[1754457909.397497] [idcgpu01:3394561:0]           flush.c:386  UCX  DEBUG flush_nbx ep 0x7fffe02eb1e0
[1754457909.404790] [idcgpu01:3394561:0]           flush.c:386  UCX  DEBUG flush_nbx ep 0x7fffe02eb1e0
[1754457909.412061] [idcgpu01:3394561:0]           flush.c:386  UCX  DEBUG flush_nbx ep 0x7fffe02eb1e0
[1754457909.419379] [idcgpu01:3394561:0]           flush.c:386  UCX  DEBUG flush_nbx ep 0x7fffe02eb1e0
[1754457909.426659] [idcgpu01:3394561:0]           flush.c:386  UCX  DEBUG flush_nbx ep 0x7fffe02eb1e0
[1754457909.433905] [idcgpu01:3394561:0]           flush.c:386  UCX  DEBUG flush_nbx ep 0x7fffe02eb1e0
[1754457909.441224] [idcgpu01:3394561:0]           flush.c:386  UCX  DEBUG flush_nbx ep 0x7fffe02eb1e0
[1754457909.448486] [idcgpu01:3394561:0]           flush.c:386  UCX  DEBUG flush_nbx ep 0x7fffe02eb1e0
[1754457909.455740] [idcgpu01:3394561:0]           flush.c:386  UCX  DEBUG flush_nbx ep 0x7fffe02eb1e0
[1754457909.463046] [idcgpu01:3394561:0]           flush.c:386  UCX  DEBUG flush_nbx ep 0x7fffe02eb1e0
[1754457909.470330] [idcgpu01:3394561:0]           flush.c:386  UCX  DEBUG flush_nbx ep 0x7fffe02eb1e0
[1754457909.477607] [idcgpu01:3394561:0]           flush.c:386  UCX  DEBUG flush_nbx ep 0x7fffe02eb1e0
[1754457909.485033] [idcgpu01:3394561:0]           flush.c:386  UCX  DEBUG flush_nbx ep 0x7fffe02eb1e0
[1754457909.492339] [idcgpu01:3394561:0]           flush.c:386  UCX  DEBUG flush_nbx ep 0x7fffe02eb1e0
[1754457909.499661] [idcgpu01:3394561:0]           flush.c:386  UCX  DEBUG flush_nbx ep 0x7fffe02eb1e0
[1754457909.507003] [idcgpu01:3394561:0]           flush.c:386  UCX  DEBUG flush_nbx ep 0x7fffe02eb1e0
[1754457909.514244] [idcgpu01:3394561:0]           flush.c:386  UCX  DEBUG flush_nbx ep 0x7fffe02eb1e0
[1754457909.521606] [idcgpu01:3394561:0]           flush.c:386  UCX  DEBUG flush_nbx ep 0x7fffe02eb1e0
[1754457909.528949] [idcgpu01:3394561:0]           flush.c:386  UCX  DEBUG flush_nbx ep 0x7fffe02eb1e0
[1754457909.536283] [idcgpu01:3394561:0]           flush.c:386  UCX  DEBUG flush_nbx ep 0x7fffe02eb1e0
[1754457909.543630] [idcgpu01:3394561:0]           flush.c:386  UCX  DEBUG flush_nbx ep 0x7fffe02eb1e0
[1754457909.550904] [idcgpu01:3394561:0]           flush.c:386  UCX  DEBUG flush_nbx ep 0x7fffe02eb1e0
[1754457909.558161] [idcgpu01:3394561:0]           flush.c:386  UCX  DEBUG flush_nbx ep 0x7fffe02eb1e0
[1754457909.565520] [idcgpu01:3394561:0]           flush.c:386  UCX  DEBUG flush_nbx ep 0x7fffe02eb1e0
[1754457909.572878] [idcgpu01:3394561:0]           flush.c:386  UCX  DEBUG flush_nbx ep 0x7fffe02eb1e0
[1754457909.580180] [idcgpu01:3394561:0]           flush.c:386  UCX  DEBUG flush_nbx ep 0x7fffe02eb1e0
[1754457909.587556] [idcgpu01:3394561:0]           flush.c:386  UCX  DEBUG flush_nbx ep 0x7fffe02eb1e0
[1754457909.594914] [idcgpu01:3394561:0]           flush.c:386  UCX  DEBUG flush_nbx ep 0x7fffe02eb1e0
[1754457909.602229] [idcgpu01:3394561:0]           flush.c:386  UCX  DEBUG flush_nbx ep 0x7fffe02eb1e0
[1754457909.609518] [idcgpu01:3394561:0]           flush.c:386  UCX  DEBUG flush_nbx ep 0x7fffe02eb1e0
[1754457909.616899] [idcgpu01:3394561:0]           flush.c:386  UCX  DEBUG flush_nbx ep 0x7fffe02eb1e0
[1754457909.624158] [idcgpu01:3394561:0]           flush.c:386  UCX  DEBUG flush_nbx ep 0x7fffe02eb1e0
[1754457909.631443] [idcgpu01:3394561:0]           flush.c:386  UCX  DEBUG flush_nbx ep 0x7fffe02eb1e0
[1754457909.638770] [idcgpu01:3394561:0]           flush.c:386  UCX  DEBUG flush_nbx ep 0x7fffe02eb1e0
[1754457909.646099] [idcgpu01:3394561:0]           flush.c:386  UCX  DEBUG flush_nbx ep 0x7fffe02eb1e0
[1754457909.653415] [idcgpu01:3394561:0]           flush.c:386  UCX  DEBUG flush_nbx ep 0x7fffe02eb1e0
[1754457909.660724] [idcgpu01:3394561:0]           flush.c:386  UCX  DEBUG flush_nbx ep 0x7fffe02eb1e0
[1754457909.668098] [idcgpu01:3394561:0]           flush.c:386  UCX  DEBUG flush_nbx ep 0x7fffe02eb1e0
[1754457909.675484] [idcgpu01:3394561:0]           flush.c:386  UCX  DEBUG flush_nbx ep 0x7fffe02eb1e0
[1754457909.682739] [idcgpu01:3394561:0]           flush.c:386  UCX  DEBUG flush_nbx ep 0x7fffe02eb1e0
[1754457909.690083] [idcgpu01:3394561:0]           flush.c:386  UCX  DEBUG flush_nbx ep 0x7fffe02eb1e0
[1754457909.697439] [idcgpu01:3394561:0]           flush.c:386  UCX  DEBUG flush_nbx ep 0x7fffe02eb1e0
[1754457909.704848] [idcgpu01:3394561:0]           flush.c:386  UCX  DEBUG flush_nbx ep 0x7fffe02eb1e0
[1754457909.712149] [idcgpu01:3394561:0]           flush.c:386  UCX  DEBUG flush_nbx ep 0x7fffe02eb1e0
[1754457909.719377] [idcgpu01:3394561:0]           flush.c:386  UCX  DEBUG flush_nbx ep 0x7fffe02eb1e0
[1754457909.726680] [idcgpu01:3394561:0]           flush.c:386  UCX  DEBUG flush_nbx ep 0x7fffe02eb1e0
[1754457909.734033] [idcgpu01:3394561:0]           flush.c:386  UCX  DEBUG flush_nbx ep 0x7fffe02eb1e0
[1754457909.741335] [idcgpu01:3394561:0]           flush.c:386  UCX  DEBUG flush_nbx ep 0x7fffe02eb1e0
[1754457909.748667] [idcgpu01:3394561:0]           flush.c:386  UCX  DEBUG flush_nbx ep 0x7fffe02eb1e0
[1754457909.755919] [idcgpu01:3394561:0]           flush.c:386  UCX  DEBUG flush_nbx ep 0x7fffe02eb1e0
[1754457909.763276] [idcgpu01:3394561:0]           flush.c:386  UCX  DEBUG flush_nbx ep 0x7fffe02eb1e0
[1754457909.770586] [idcgpu01:3394561:0]           flush.c:386  UCX  DEBUG flush_nbx ep 0x7fffe02eb1e0
[1754457909.777872] [idcgpu01:3394561:0]           flush.c:386  UCX  DEBUG flush_nbx ep 0x7fffe02eb1e0
[1754457909.785110] [idcgpu01:3394561:0]           flush.c:386  UCX  DEBUG flush_nbx ep 0x7fffe02eb1e0
[1754457909.792497] [idcgpu01:3394561:0]           flush.c:386  UCX  DEBUG flush_nbx ep 0x7fffe02eb1e0
[1754457909.799860] [idcgpu01:3394561:0]           flush.c:386  UCX  DEBUG flush_nbx ep 0x7fffe02eb1e0
[1754457909.807141] [idcgpu01:3394561:0]           flush.c:386  UCX  DEBUG flush_nbx ep 0x7fffe02eb1e0
[1754457909.814505] [idcgpu01:3394561:0]           flush.c:386  UCX  DEBUG flush_nbx ep 0x7fffe02eb1e0
[1754457909.821889] [idcgpu01:3394561:0]           flush.c:386  UCX  DEBUG flush_nbx ep 0x7fffe02eb1e0
[1754457909.829264] [idcgpu01:3394561:0]           flush.c:386  UCX  DEBUG flush_nbx ep 0x7fffe02eb1e0
[1754457909.836580] [idcgpu01:3394561:0]           flush.c:386  UCX  DEBUG flush_nbx ep 0x7fffe02eb1e0
[1754457909.843928] [idcgpu01:3394561:0]           flush.c:386  UCX  DEBUG flush_nbx ep 0x7fffe02eb1e0
[1754457909.851219] [idcgpu01:3394561:0]           flush.c:386  UCX  DEBUG flush_nbx ep 0x7fffe02eb1e0
[1754457909.858595] [idcgpu01:3394561:0]           flush.c:386  UCX  DEBUG flush_nbx ep 0x7fffe02eb1e0
[1754457909.865995] [idcgpu01:3394561:0]           flush.c:386  UCX  DEBUG flush_nbx ep 0x7fffe02eb1e0
[1754457909.873237] [idcgpu01:3394561:0]           flush.c:386  UCX  DEBUG flush_nbx ep 0x7fffe02eb1e0
[1754457909.880496] [idcgpu01:3394561:0]           flush.c:386  UCX  DEBUG flush_nbx ep 0x7fffe02eb1e0
[1754457909.887791] [idcgpu01:3394561:0]           flush.c:386  UCX  DEBUG flush_nbx ep 0x7fffe02eb1e0
[1754457909.895238] [idcgpu01:3394561:0]           flush.c:386  UCX  DEBUG flush_nbx ep 0x7fffe02eb1e0
[1754457909.902545] [idcgpu01:3394561:0]           flush.c:386  UCX  DEBUG flush_nbx ep 0x7fffe02eb1e0
[1754457909.909895] [idcgpu01:3394561:0]           flush.c:386  UCX  DEBUG flush_nbx ep 0x7fffe02eb1e0
[1754457909.917243] [idcgpu01:3394561:0]           flush.c:386  UCX  DEBUG flush_nbx ep 0x7fffe02eb1e0
[1754457909.924504] [idcgpu01:3394561:0]           flush.c:386  UCX  DEBUG flush_nbx ep 0x7fffe02eb1e0
[1754457909.931754] [idcgpu01:3394561:0]           flush.c:386  UCX  DEBUG flush_nbx ep 0x7fffe02eb1e0
[1754457909.939028] [idcgpu01:3394561:0]           flush.c:386  UCX  DEBUG flush_nbx ep 0x7fffe02eb1e0
[1754457909.946302] [idcgpu01:3394561:0]           flush.c:386  UCX  DEBUG flush_nbx ep 0x7fffe02eb1e0
[1754457909.953640] [idcgpu01:3394561:0]           flush.c:386  UCX  DEBUG flush_nbx ep 0x7fffe02eb1e0
[1754457909.960915] [idcgpu01:3394561:0]           flush.c:386  UCX  DEBUG flush_nbx ep 0x7fffe02eb1e0
[1754457909.968192] [idcgpu01:3394561:0]           flush.c:386  UCX  DEBUG flush_nbx ep 0x7fffe02eb1e0
[1754457909.975528] [idcgpu01:3394561:0]           flush.c:386  UCX  DEBUG flush_nbx ep 0x7fffe02eb1e0
[1754457909.982858] [idcgpu01:3394561:0]           flush.c:386  UCX  DEBUG flush_nbx ep 0x7fffe02eb1e0
[1754457909.990211] [idcgpu01:3394561:0]           flush.c:386  UCX  DEBUG flush_nbx ep 0x7fffe02eb1e0
[1754457909.997697] [idcgpu01:3394561:0]           flush.c:386  UCX  DEBUG flush_nbx ep 0x7fffe02eb1e0
[1754457910.005114] [idcgpu01:3394561:0]           flush.c:386  UCX  DEBUG flush_nbx ep 0x7fffe02eb1e0
[1754457910.012612] [idcgpu01:3394561:0]           flush.c:386  UCX  DEBUG flush_nbx ep 0x7fffe02eb1e0
[1754457910.019864] [idcgpu01:3394561:0]           flush.c:386  UCX  DEBUG flush_nbx ep 0x7fffe02eb1e0
[1754457910.027112] [idcgpu01:3394561:0]           flush.c:386  UCX  DEBUG flush_nbx ep 0x7fffe02eb1e0
[1754457910.034390] [idcgpu01:3394561:0]           flush.c:386  UCX  DEBUG flush_nbx ep 0x7fffe02eb1e0
[1754457910.041689] [idcgpu01:3394561:0]           flush.c:386  UCX  DEBUG flush_nbx ep 0x7fffe02eb1e0
[1754457910.048925] [idcgpu01:3394561:0]           flush.c:386  UCX  DEBUG flush_nbx ep 0x7fffe02eb1e0
[1754457910.056202] [idcgpu01:3394561:0]           flush.c:386  UCX  DEBUG flush_nbx ep 0x7fffe02eb1e0
[1754457910.063465] [idcgpu01:3394561:0]           flush.c:386  UCX  DEBUG flush_nbx ep 0x7fffe02eb1e0
[1754457910.070793] [idcgpu01:3394561:0]           flush.c:386  UCX  DEBUG flush_nbx ep 0x7fffe02eb1e0
[1754457910.078116] [idcgpu01:3394561:0]           flush.c:386  UCX  DEBUG flush_nbx ep 0x7fffe02eb1e0
[1754457910.085376] [idcgpu01:3394561:0]           flush.c:386  UCX  DEBUG flush_nbx ep 0x7fffe02eb1e0
[1754457910.092644] [idcgpu01:3394561:0]           flush.c:386  UCX  DEBUG flush_nbx ep 0x7fffe02eb1e0
[1754457910.099957] [idcgpu01:3394561:0]           flush.c:386  UCX  DEBUG flush_nbx ep 0x7fffe02eb1e0
[1754457910.107331] [idcgpu01:3394561:0]           flush.c:386  UCX  DEBUG flush_nbx ep 0x7fffe02eb1e0
[1754457910.114684] [idcgpu01:3394561:0]           flush.c:386  UCX  DEBUG flush_nbx ep 0x7fffe02eb1e0
[1754457910.122179] [idcgpu01:3394561:0]           flush.c:386  UCX  DEBUG flush_nbx ep 0x7fffe02eb1e0
[1754457910.129463] [idcgpu01:3394561:0]           flush.c:386  UCX  DEBUG flush_nbx ep 0x7fffe02eb1e0
[1754457910.136749] [idcgpu01:3394561:0]           flush.c:386  UCX  DEBUG flush_nbx ep 0x7fffe02eb1e0
[1754457910.143998] [idcgpu01:3394561:0]           flush.c:386  UCX  DEBUG flush_nbx ep 0x7fffe02eb1e0
[1754457910.151222] [idcgpu01:3394561:0]           flush.c:386  UCX  DEBUG flush_nbx ep 0x7fffe02eb1e0
[1754457910.158800] [idcgpu01:3394561:0]           flush.c:386  UCX  DEBUG flush_nbx ep 0x7fffe02eb1e0
[1754457910.166179] [idcgpu01:3394561:0]           flush.c:386  UCX  DEBUG flush_nbx ep 0x7fffe02eb1e0
[1754457910.173466] [idcgpu01:3394561:0]           flush.c:386  UCX  DEBUG flush_nbx ep 0x7fffe02eb1e0
[1754457910.180802] [idcgpu01:3394561:0]           flush.c:386  UCX  DEBUG flush_nbx ep 0x7fffe02eb1e0
[1754457910.188078] [idcgpu01:3394561:0]           flush.c:386  UCX  DEBUG flush_nbx ep 0x7fffe02eb1e0
[1754457910.195368] [idcgpu01:3394561:0]           flush.c:386  UCX  DEBUG flush_nbx ep 0x7fffe02eb1e0
[1754457910.202714] [idcgpu01:3394561:0]           flush.c:386  UCX  DEBUG flush_nbx ep 0x7fffe02eb1e0
[1754457910.210069] [idcgpu01:3394561:0]           flush.c:386  UCX  DEBUG flush_nbx ep 0x7fffe02eb1e0
[1754457910.217481] [idcgpu01:3394561:0]           flush.c:386  UCX  DEBUG flush_nbx ep 0x7fffe02eb1e0
[1754457910.224885] [idcgpu01:3394561:0]           flush.c:386  UCX  DEBUG flush_nbx ep 0x7fffe02eb1e0
[1754457910.232279] [idcgpu01:3394561:0]           flush.c:386  UCX  DEBUG flush_nbx ep 0x7fffe02eb1e0
[1754457910.239645] [idcgpu01:3394561:0]           flush.c:386  UCX  DEBUG flush_nbx ep 0x7fffe02eb1e0
[1754457910.246962] [idcgpu01:3394561:0]           flush.c:386  UCX  DEBUG flush_nbx ep 0x7fffe02eb1e0
[1754457910.254293] [idcgpu01:3394561:0]           flush.c:386  UCX  DEBUG flush_nbx ep 0x7fffe02eb1e0
[1754457910.261587] [idcgpu01:3394561:0]           flush.c:386  UCX  DEBUG flush_nbx ep 0x7fffe02eb1e0
[1754457910.269588] [idcgpu01:3394561:0]          ucp_ep.c:1752 UCX  DEBUG ep 0x7fffe02eb1e0 flags 0x230097 cfg_index 2: close_nbx(flags=0x0)
[1754457910.269597] [idcgpu01:3394561:0]           flush.c:386  UCX  DEBUG close ep 0x7fffe02eb1e0
[1754457910.269655] [idcgpu01:3394561:0]          ucp_ep.c:1752 UCX  DEBUG ep 0x7fffe02eb140 flags 0x230097 cfg_index 1: close_nbx(flags=0x0)
[1754457910.269696] [idcgpu01:3394561:0]           flush.c:386  UCX  DEBUG close ep 0x7fffe02eb140
[1754457910.278134] [idcgpu01:3394561:0]      ucp_worker.c:2880 UCX  DEBUG destroy worker 0x555556060ff0
[1754457910.278145] [idcgpu01:3394561:0]      ucp_worker.c:2866 UCX  DEBUG worker 0x555556060ff0: destroy all endpoints
[1754457910.278153] [idcgpu01:3394561:0]          ucp_ep.c:1279 UCX  DEBUG ep 0x7fffe02eb140: purge uct_ep[0]=0x555555ff6e10
[1754457910.278158] [idcgpu01:3394561:0]          ucp_ep.c:1279 UCX  DEBUG ep 0x7fffe02eb140: purge uct_ep[1]=0x555556159e00
[1754457910.278166] [idcgpu01:3394561:0]          ucp_ep.c:1286 UCX  DEBUG ep 0x7fffe02eb140: destroy
[1754457910.278170] [idcgpu01:3394561:0]          ucp_ep.c:1604 UCX  DEBUG ep 0x7fffe02eb140: cleanup lanes
[1754457910.278177] [idcgpu01:3394561:0]          ucp_ep.c:1615 UCX  DEBUG ep 0x7fffe02eb140: pending & destroy uct_ep[0]=0x555555ff6e10
[1754457910.279422] [idcgpu01:3394561:0]         ib_mlx5.c:973  UCX  DEBUG device uverbs0: modify QP 0x555555ff6e88 num 0x7b9 to state 6
[1754457910.280300] [idcgpu01:3394561:0]           rc_ep.c:185  UCX  DEBUG destroy rc ep 0x555555ff6e10
[1754457910.280323] [idcgpu01:3394561:0]          ucp_ep.c:1615 UCX  DEBUG ep 0x7fffe02eb140: pending & destroy uct_ep[1]=0x555556159e00
[1754457910.281460] [idcgpu01:3394561:0]         ib_mlx5.c:973  UCX  DEBUG device uverbs0: modify QP 0x555556159e78 num 0x7ba to state 6
[1754457910.281802] [idcgpu01:3394561:0]           rc_ep.c:185  UCX  DEBUG destroy rc ep 0x555556159e00
[1754457910.281829] [idcgpu01:3394561:0]          ucp_ep.c:1279 UCX  DEBUG ep 0x7fffe02eb1e0: purge uct_ep[0]=0x5555567a4910
[1754457910.281832] [idcgpu01:3394561:0]          ucp_ep.c:1279 UCX  DEBUG ep 0x7fffe02eb1e0: purge uct_ep[1]=0x555556794770
[1754457910.281835] [idcgpu01:3394561:0]          ucp_ep.c:1279 UCX  DEBUG ep 0x7fffe02eb1e0: purge uct_ep[2]=0x5555567a4d40
[1754457910.281837] [idcgpu01:3394561:0]          ucp_ep.c:1279 UCX  DEBUG ep 0x7fffe02eb1e0: purge uct_ep[3]=0x555556794390
[1754457910.281840] [idcgpu01:3394561:0]          ucp_ep.c:1286 UCX  DEBUG ep 0x7fffe02eb1e0: destroy
[1754457910.281843] [idcgpu01:3394561:0]          ucp_ep.c:1604 UCX  DEBUG ep 0x7fffe02eb1e0: cleanup lanes
[1754457910.281846] [idcgpu01:3394561:0]          ucp_ep.c:1615 UCX  DEBUG ep 0x7fffe02eb1e0: pending & destroy uct_ep[0]=0x5555567a4910
[1754457910.283015] [idcgpu01:3394561:0]          ucp_ep.c:1615 UCX  DEBUG ep 0x7fffe02eb1e0: pending & destroy uct_ep[1]=0x555556794770
[1754457910.284132] [idcgpu01:3394561:0]         ib_mlx5.c:973  UCX  DEBUG device uverbs0: modify QP 0x5555567947e8 num 0x7bb to state 6
[1754457910.284502] [idcgpu01:3394561:0]           rc_ep.c:185  UCX  DEBUG destroy rc ep 0x555556794770
[1754457910.284506] [idcgpu01:3394561:0]          ucp_ep.c:1615 UCX  DEBUG ep 0x7fffe02eb1e0: pending & destroy uct_ep[2]=0x5555567a4d40
[1754457910.285648] [idcgpu01:3394561:0]         ib_mlx5.c:973  UCX  DEBUG device uverbs0: modify QP 0x5555567a4db8 num 0x7bc to state 6
[1754457910.286008] [idcgpu01:3394561:0]           rc_ep.c:185  UCX  DEBUG destroy rc ep 0x5555567a4d40
[1754457910.286012] [idcgpu01:3394561:0]          ucp_ep.c:1615 UCX  DEBUG ep 0x7fffe02eb1e0: pending & destroy uct_ep[3]=0x555556794390
[1754457910.287231] [idcgpu01:3394561:0]      ucp_worker.c:2866 UCX  DEBUG worker 0x555556060ff0: destroy internal endpoints
[1754457910.287242] [idcgpu01:3394561:0]          ucp_ep.c:1279 UCX  DEBUG ep 0x7fffe02eb000: purge uct_ep[0]=0x5555566d0d80
[1754457910.287246] [idcgpu01:3394561:0]          ucp_ep.c:1286 UCX  DEBUG ep 0x7fffe02eb000: destroy
[1754457910.287248] [idcgpu01:3394561:0]          ucp_ep.c:1604 UCX  DEBUG ep 0x7fffe02eb000: cleanup lanes
[1754457910.287251] [idcgpu01:3394561:0]          ucp_ep.c:1615 UCX  DEBUG ep 0x7fffe02eb000: pending & destroy uct_ep[0]=0x5555566d0d80
[1754457910.288372] [idcgpu01:3394561:0]          ucp_ep.c:1279 UCX  DEBUG ep 0x7fffe02eb0a0: purge uct_ep[0]=0x5555566d0dc0
[1754457910.288376] [idcgpu01:3394561:0]          ucp_ep.c:1286 UCX  DEBUG ep 0x7fffe02eb0a0: destroy
[1754457910.288409] [idcgpu01:3394561:0]          ucp_ep.c:1604 UCX  DEBUG ep 0x7fffe02eb0a0: cleanup lanes
[1754457910.288412] [idcgpu01:3394561:0]          ucp_ep.c:1615 UCX  DEBUG ep 0x7fffe02eb0a0: pending & destroy uct_ep[0]=0x5555566d0dc0
[1754457910.289574] [idcgpu01:3394561:0]      ucp_worker.c:244  UCX  DEBUG worker 0x555556060ff0: remove active message handlers
[1754457910.289871] [idcgpu01:3394561:0]            topo.c:898  UCX  DEBUG /sys/class/net/bond0/lower_ens4f0: PF sysfs path is '/sys/devices/pci0000:95/0000:95:01.0/0000:96:00.0'
[1754457910.290160] [idcgpu01:3394561:0]            topo.c:898  UCX  DEBUG /sys/class/net/bond0/lower_ens4f0: PF sysfs path is '/sys/devices/pci0000:95/0000:95:01.0/0000:96:00.0'
[1754457910.290356] [idcgpu01:3394561:0]            topo.c:898  UCX  DEBUG /sys/class/net/bond0/lower_ens4f0: PF sysfs path is '/sys/devices/pci0000:95/0000:95:01.0/0000:96:00.0'
[1754457910.290545] [idcgpu01:3394561:0]            topo.c:898  UCX  DEBUG /sys/class/net/bond0/lower_ens4f0: PF sysfs path is '/sys/devices/pci0000:95/0000:95:01.0/0000:96:00.0'
[1754457910.290727] [idcgpu01:3394561:0]            topo.c:898  UCX  DEBUG /sys/class/net/bond0/lower_ens4f0: PF sysfs path is '/sys/devices/pci0000:95/0000:95:01.0/0000:96:00.0'
[1754457910.291603] [idcgpu01:3394561:0]            topo.c:898  UCX  DEBUG /sys/class/net/ens2np0: PF sysfs path is '/sys/devices/pci0000:03/0000:03:01.0/0000:04:00.0/0000:05:0c.0/0000:0f:00.0/0000:10:10.0/0000:12:00.0'
[1754457910.292379] [idcgpu01:3394561:0]            topo.c:898  UCX  DEBUG /sys/class/net/ens2np0: PF sysfs path is '/sys/devices/pci0000:03/0000:03:01.0/0000:04:00.0/0000:05:0c.0/0000:0f:00.0/0000:10:10.0/0000:12:00.0'
[1754457910.293148] [idcgpu01:3394561:0]            topo.c:898  UCX  DEBUG /sys/class/net/ens2np0: PF sysfs path is '/sys/devices/pci0000:03/0000:03:01.0/0000:04:00.0/0000:05:0c.0/0000:0f:00.0/0000:10:10.0/0000:12:00.0'
[1754457910.293892] [idcgpu01:3394561:0]            topo.c:898  UCX  DEBUG /sys/class/net/ens2np0: PF sysfs path is '/sys/devices/pci0000:03/0000:03:01.0/0000:04:00.0/0000:05:0c.0/0000:0f:00.0/0000:10:10.0/0000:12:00.0'
[1754457910.294634] [idcgpu01:3394561:0]            topo.c:898  UCX  DEBUG /sys/class/net/ens2np0: PF sysfs path is '/sys/devices/pci0000:03/0000:03:01.0/0000:04:00.0/0000:05:0c.0/0000:0f:00.0/0000:10:10.0/0000:12:00.0'
[1754457910.294895] [idcgpu01:3394561:0]            topo.c:898  UCX  DEBUG /sys/class/net/flannel.1/lower_bond0/lower_ens4f0: PF sysfs path is '/sys/devices/pci0000:95/0000:95:01.0/0000:96:00.0'
[1754457910.295125] [idcgpu01:3394561:0]            topo.c:898  UCX  DEBUG /sys/class/net/flannel.1/lower_bond0/lower_ens4f0: PF sysfs path is '/sys/devices/pci0000:95/0000:95:01.0/0000:96:00.0'
[1754457910.295352] [idcgpu01:3394561:0]            topo.c:898  UCX  DEBUG /sys/class/net/flannel.1/lower_bond0/lower_ens4f0: PF sysfs path is '/sys/devices/pci0000:95/0000:95:01.0/0000:96:00.0'
[1754457910.295581] [idcgpu01:3394561:0]            topo.c:898  UCX  DEBUG /sys/class/net/flannel.1/lower_bond0/lower_ens4f0: PF sysfs path is '/sys/devices/pci0000:95/0000:95:01.0/0000:96:00.0'
[1754457910.295807] [idcgpu01:3394561:0]            topo.c:898  UCX  DEBUG /sys/class/net/flannel.1/lower_bond0/lower_ens4f0: PF sysfs path is '/sys/devices/pci0000:95/0000:95:01.0/0000:96:00.0'
[1754457910.295887] [idcgpu01:3394561:0]            sock.c:90   UCX  DEBUG ioctl(req=35142, ifr_name=lo) failed: Operation not supported
[1754457910.295895] [idcgpu01:3394561:0]         tcp_net.c:61   UCX  DEBUG speed of lo is UNKNOWN, assuming 100 Mbps
[1754457910.295974] [idcgpu01:3394561:0]            topo.c:895  UCX  DEBUG /sys/class/net/lo: sysfs path undetected
[1754457910.295978] [idcgpu01:3394561:0]            topo.c:848  UCX  DEBUG lo: pci bandwidth undetected, using maximal value
[1754457910.296030] [idcgpu01:3394561:0]            sock.c:90   UCX  DEBUG ioctl(req=35142, ifr_name=lo) failed: Operation not supported
[1754457910.296037] [idcgpu01:3394561:0]         tcp_net.c:61   UCX  DEBUG speed of lo is UNKNOWN, assuming 100 Mbps
[1754457910.296131] [idcgpu01:3394561:0]            topo.c:895  UCX  DEBUG /sys/class/net/lo: sysfs path undetected
[1754457910.296134] [idcgpu01:3394561:0]            topo.c:848  UCX  DEBUG lo: pci bandwidth undetected, using maximal value
[1754457910.296185] [idcgpu01:3394561:0]            sock.c:90   UCX  DEBUG ioctl(req=35142, ifr_name=lo) failed: Operation not supported
[1754457910.296191] [idcgpu01:3394561:0]         tcp_net.c:61   UCX  DEBUG speed of lo is UNKNOWN, assuming 100 Mbps
[1754457910.296259] [idcgpu01:3394561:0]            topo.c:895  UCX  DEBUG /sys/class/net/lo: sysfs path undetected
[1754457910.296262] [idcgpu01:3394561:0]            topo.c:848  UCX  DEBUG lo: pci bandwidth undetected, using maximal value
[1754457910.296311] [idcgpu01:3394561:0]            sock.c:90   UCX  DEBUG ioctl(req=35142, ifr_name=lo) failed: Operation not supported
[1754457910.296317] [idcgpu01:3394561:0]         tcp_net.c:61   UCX  DEBUG speed of lo is UNKNOWN, assuming 100 Mbps
[1754457910.296385] [idcgpu01:3394561:0]            topo.c:895  UCX  DEBUG /sys/class/net/lo: sysfs path undetected
[1754457910.296387] [idcgpu01:3394561:0]            topo.c:848  UCX  DEBUG lo: pci bandwidth undetected, using maximal value
[1754457910.296446] [idcgpu01:3394561:0]            sock.c:90   UCX  DEBUG ioctl(req=35142, ifr_name=lo) failed: Operation not supported
[1754457910.296453] [idcgpu01:3394561:0]         tcp_net.c:61   UCX  DEBUG speed of lo is UNKNOWN, assuming 100 Mbps
[1754457910.296520] [idcgpu01:3394561:0]            topo.c:895  UCX  DEBUG /sys/class/net/lo: sysfs path undetected
[1754457910.296523] [idcgpu01:3394561:0]            topo.c:848  UCX  DEBUG lo: pci bandwidth undetected, using maximal value
[1754457910.296672] [idcgpu01:3394561:a]       ib_device.c:484  UCX  DEBUG IB Async event on mlx5_0: SRQ-attached QP 0x7b9 was flushed
[1754457910.296689] [idcgpu01:3394561:a]       ib_device.c:484  UCX  DEBUG IB Async event on mlx5_0: SRQ-attached QP 0x7ba was flushed
[1754457910.296696] [idcgpu01:3394561:a]       ib_device.c:484  UCX  DEBUG IB Async event on mlx5_0: SRQ-attached QP 0x7bb was flushed
[1754457910.296702] [idcgpu01:3394561:a]       ib_device.c:484  UCX  DEBUG IB Async event on mlx5_0: SRQ-attached QP 0x7bc was flushed
[1754457910.296722] [idcgpu01:3394561:0]           mpool.c:194  UCX  DEBUG mpool ucp_reg_bufs destroyed
[1754457910.296730] [idcgpu01:3394561:0]           mpool.c:194  UCX  DEBUG mpool ucp_am_bufs destroyed
[1754457910.296733] [idcgpu01:3394561:0]           mpool.c:194  UCX  DEBUG mpool ucp_am_bufs destroyed
[1754457910.296735] [idcgpu01:3394561:0]           mpool.c:194  UCX  DEBUG mpool ucp_am_bufs destroyed
[1754457910.296754] [idcgpu01:3394561:0]           mpool.c:194  UCX  DEBUG mpool ucp_rkeys destroyed
[1754457910.296794] [idcgpu01:3394561:0]           mpool.c:194  UCX  DEBUG mpool ucp_requests destroyed
[1754457910.296840] [idcgpu01:3394561:0]           async.c:172  UCX  DEBUG removed async handler 0x55555676bcf0 [id=83 ref 1] ???() from hash
[1754457910.296845] [idcgpu01:3394561:0]           async.c:575  UCX  DEBUG removing async handler 0x55555676bcf0 [id=83 ref 1] ???()
[1754457910.296858] [idcgpu01:3394561:0]           async.c:187  UCX  DEBUG release async handler 0x55555676bcf0 [id=83 ref 0] ???()
[1754457910.296904] [idcgpu01:3394561:0]           mpool.c:194  UCX  DEBUG mpool self_msg_desc destroyed
[1754457910.296911] [idcgpu01:3394561:0]           async.c:172  UCX  DEBUG removed async handler 0x55555608cad0 [id=60 ref 1] ???() from hash
[1754457910.296914] [idcgpu01:3394561:0]           async.c:575  UCX  DEBUG removing async handler 0x55555608cad0 [id=60 ref 1] ???()
[1754457910.296921] [idcgpu01:3394561:0]           async.c:187  UCX  DEBUG release async handler 0x55555608cad0 [id=60 ref 0] ???()
[1754457910.296928] [idcgpu01:3394561:0]       tcp_iface.c:857  UCX  DEBUG tcp_iface 0x5555560850d0: destroying
[1754457910.296935] [idcgpu01:3394561:0]           async.c:172  UCX  DEBUG removed async handler 0x55555609bd60 [id=61 ref 1] ???() from hash
[1754457910.296949] [idcgpu01:3394561:0]           async.c:575  UCX  DEBUG removing async handler 0x55555609bd60 [id=61 ref 1] ???()
[1754457910.296956] [idcgpu01:3394561:0]           async.c:187  UCX  DEBUG release async handler 0x55555609bd60 [id=61 ref 0] ???()
[1754457910.296965] [idcgpu01:3394561:0]           mpool.c:194  UCX  DEBUG mpool uct_tcp_iface_rx_buf_mp destroyed
[1754457910.296970] [idcgpu01:3394561:0]           mpool.c:194  UCX  DEBUG mpool uct_tcp_iface_tx_buf_mp destroyed
[1754457910.296994] [idcgpu01:3394561:0]           async.c:172  UCX  DEBUG removed async handler 0x555556086530 [id=62 ref 1] ???() from hash
[1754457910.296997] [idcgpu01:3394561:0]           async.c:575  UCX  DEBUG removing async handler 0x555556086530 [id=62 ref 1] ???()
[1754457910.297002] [idcgpu01:3394561:0]           async.c:187  UCX  DEBUG release async handler 0x555556086530 [id=62 ref 0] ???()
[1754457910.297007] [idcgpu01:3394561:0]       tcp_iface.c:857  UCX  DEBUG tcp_iface 0x555556085d50: destroying
[1754457910.297011] [idcgpu01:3394561:0]           async.c:172  UCX  DEBUG removed async handler 0x555556053bc0 [id=63 ref 1] ???() from hash
[1754457910.297013] [idcgpu01:3394561:0]           async.c:575  UCX  DEBUG removing async handler 0x555556053bc0 [id=63 ref 1] ???()
[1754457910.297019] [idcgpu01:3394561:0]           async.c:187  UCX  DEBUG release async handler 0x555556053bc0 [id=63 ref 0] ???()
[1754457910.297022] [idcgpu01:3394561:0]           mpool.c:194  UCX  DEBUG mpool uct_tcp_iface_rx_buf_mp destroyed
[1754457910.297027] [idcgpu01:3394561:0]           mpool.c:194  UCX  DEBUG mpool uct_tcp_iface_tx_buf_mp destroyed
[1754457910.297043] [idcgpu01:3394561:0]           async.c:172  UCX  DEBUG removed async handler 0x55555608cc30 [id=64 ref 1] ???() from hash
[1754457910.297046] [idcgpu01:3394561:0]           async.c:575  UCX  DEBUG removing async handler 0x55555608cc30 [id=64 ref 1] ???()
[1754457910.297051] [idcgpu01:3394561:0]           async.c:187  UCX  DEBUG release async handler 0x55555608cc30 [id=64 ref 0] ???()
[1754457910.297057] [idcgpu01:3394561:0]       tcp_iface.c:857  UCX  DEBUG tcp_iface 0x555556086c80: destroying
[1754457910.297060] [idcgpu01:3394561:0]           async.c:172  UCX  DEBUG removed async handler 0x555555ff9240 [id=65 ref 1] ???() from hash
[1754457910.297063] [idcgpu01:3394561:0]           async.c:575  UCX  DEBUG removing async handler 0x555555ff9240 [id=65 ref 1] ???()
[1754457910.297068] [idcgpu01:3394561:0]           async.c:187  UCX  DEBUG release async handler 0x555555ff9240 [id=65 ref 0] ???()
[1754457910.297071] [idcgpu01:3394561:0]           mpool.c:194  UCX  DEBUG mpool uct_tcp_iface_rx_buf_mp destroyed
[1754457910.297073] [idcgpu01:3394561:0]           mpool.c:194  UCX  DEBUG mpool uct_tcp_iface_tx_buf_mp destroyed
[1754457910.297086] [idcgpu01:3394561:0]           async.c:172  UCX  DEBUG removed async handler 0x55555608cc90 [id=66 ref 1] ???() from hash
[1754457910.297089] [idcgpu01:3394561:0]           async.c:575  UCX  DEBUG removing async handler 0x55555608cc90 [id=66 ref 1] ???()
[1754457910.297094] [idcgpu01:3394561:0]           async.c:187  UCX  DEBUG release async handler 0x55555608cc90 [id=66 ref 0] ???()
[1754457910.297099] [idcgpu01:3394561:0]       tcp_iface.c:857  UCX  DEBUG tcp_iface 0x555556087a50: destroying
[1754457910.297103] [idcgpu01:3394561:0]           async.c:172  UCX  DEBUG removed async handler 0x555555ff8230 [id=67 ref 1] ???() from hash
[1754457910.297105] [idcgpu01:3394561:0]           async.c:575  UCX  DEBUG removing async handler 0x555555ff8230 [id=67 ref 1] ???()
[1754457910.297110] [idcgpu01:3394561:0]           async.c:187  UCX  DEBUG release async handler 0x555555ff8230 [id=67 ref 0] ???()
[1754457910.297113] [idcgpu01:3394561:0]           mpool.c:194  UCX  DEBUG mpool uct_tcp_iface_rx_buf_mp destroyed
[1754457910.297115] [idcgpu01:3394561:0]           mpool.c:194  UCX  DEBUG mpool uct_tcp_iface_tx_buf_mp destroyed
[1754457910.297128] [idcgpu01:3394561:0]           async.c:172  UCX  DEBUG removed async handler 0x55555609b060 [id=68 ref 1] ???() from hash
[1754457910.297138] [idcgpu01:3394561:0]           async.c:575  UCX  DEBUG removing async handler 0x55555609b060 [id=68 ref 1] ???()
[1754457910.297143] [idcgpu01:3394561:0]           async.c:187  UCX  DEBUG release async handler 0x55555609b060 [id=68 ref 0] ???()
[1754457910.297924] [idcgpu01:3394561:0]           mpool.c:194  UCX  DEBUG mpool mm_recv_desc destroyed
[1754457910.297983] [idcgpu01:3394561:0]           async.c:172  UCX  DEBUG removed async handler 0x5555565f6e30 [id=70 ref 1] ???() from hash
[1754457910.297987] [idcgpu01:3394561:0]           async.c:575  UCX  DEBUG removing async handler 0x5555565f6e30 [id=70 ref 1] ???()
[1754457910.297993] [idcgpu01:3394561:0]           async.c:187  UCX  DEBUG release async handler 0x5555565f6e30 [id=70 ref 0] ???()
[1754457910.299230] [idcgpu01:3394561:0]           mpool.c:194  UCX  DEBUG mpool mm_recv_desc destroyed
[1754457910.299279] [idcgpu01:3394561:0]           async.c:172  UCX  DEBUG removed async handler 0x5555565f6e70 [id=81 ref 1] ???() from hash
[1754457910.299282] [idcgpu01:3394561:0]           async.c:575  UCX  DEBUG removing async handler 0x5555565f6e70 [id=81 ref 1] ???()
[1754457910.299288] [idcgpu01:3394561:0]           async.c:187  UCX  DEBUG release async handler 0x5555565f6e70 [id=81 ref 0] ???()
[1754457910.299308] [idcgpu01:3394561:0]           mpool.c:194  UCX  DEBUG mpool CUDA EVENT objects destroyed
[1754457910.299320] [idcgpu01:3394561:0]           async.c:172  UCX  DEBUG removed async handler 0x5555565f6eb0 [id=82 ref 1] ???() from hash
[1754457910.299322] [idcgpu01:3394561:0]           async.c:575  UCX  DEBUG removing async handler 0x5555565f6eb0 [id=82 ref 1] ???()
[1754457910.299329] [idcgpu01:3394561:0]           async.c:187  UCX  DEBUG release async handler 0x5555565f6eb0 [id=82 ref 0] ???()
[1754457910.299346] [idcgpu01:3394561:0]           mpool.c:194  UCX  DEBUG mpool CUDA_IPC EVENT objects destroyed
[1754457910.299353] [idcgpu01:3394561:0]           async.c:172  UCX  DEBUG removed async handler 0x5555565f6ef0 [id=72 ref 1] ???() from hash
[1754457910.299356] [idcgpu01:3394561:0]           async.c:575  UCX  DEBUG removing async handler 0x5555565f6ef0 [id=72 ref 1] ???()
[1754457910.299362] [idcgpu01:3394561:0]           async.c:187  UCX  DEBUG release async handler 0x5555565f6ef0 [id=72 ref 0] ???()
[1754457910.299400] [idcgpu01:3394561:0]           mpool.c:194  UCX  DEBUG mpool rc_verbs_short_desc destroyed
[1754457910.300171] [idcgpu01:3394561:0]           mpool.c:194  UCX  DEBUG mpool send-ops-mpool destroyed
[1754457910.300181] [idcgpu01:3394561:0]           mpool.c:194  UCX  DEBUG mpool rc_send_desc destroyed
[1754457910.300193] [idcgpu01:3394561:0]           mpool.c:194  UCX  DEBUG mpool rc_recv_desc destroyed
[1754457910.300198] [idcgpu01:3394561:0]           mpool.c:194  UCX  DEBUG mpool pending-ops destroyed
[1754457910.300728] [idcgpu01:3394561:0]           async.c:172  UCX  DEBUG removed async handler 0x5555560882b0 [id=73 ref 1] ???() from hash
[1754457910.300732] [idcgpu01:3394561:0]           async.c:575  UCX  DEBUG removing async handler 0x5555560882b0 [id=73 ref 1] ???()
[1754457910.300739] [idcgpu01:3394561:0]           async.c:187  UCX  DEBUG release async handler 0x5555560882b0 [id=73 ref 0] ???()
[1754457910.300750] [idcgpu01:3394561:0]        ud_iface.c:602  UCX  DEBUG iface(0x5555561d2430): cep cleanup
[1754457910.300762] [idcgpu01:3394561:0]           mpool.c:194  UCX  DEBUG mpool ud_tx_skb destroyed
[1754457910.301284] [idcgpu01:3394561:0]           mpool.c:194  UCX  DEBUG mpool ud_recv_skb destroyed
[1754457910.302289] [idcgpu01:3394561:0]        ud_iface.c:609  UCX  DEBUG iface(0x5555561d2430): ptr_array cleanup
[1754457910.302703] [idcgpu01:3394561:0]           async.c:172  UCX  DEBUG removed async handler 0x5555565f6f30 [id=76 ref 1] ???() from hash
[1754457910.302706] [idcgpu01:3394561:0]           async.c:575  UCX  DEBUG removing async handler 0x5555565f6f30 [id=76 ref 1] ???()
[1754457910.302713] [idcgpu01:3394561:0]           async.c:187  UCX  DEBUG release async handler 0x5555565f6f30 [id=76 ref 0] ???()
[1754457910.303605] [idcgpu01:3394561:0]           async.c:172  UCX  DEBUG removed async handler 0x555555feea50 [id=75 ref 1] ???() from hash
[1754457910.303608] [idcgpu01:3394561:0]           async.c:575  UCX  DEBUG removing async handler 0x555555feea50 [id=75 ref 1] ???()
[1754457910.303617] [idcgpu01:3394561:0]           async.c:187  UCX  DEBUG release async handler 0x555555feea50 [id=75 ref 0] ???()
[1754457910.303632] [idcgpu01:3394561:0]           mpool.c:194  UCX  DEBUG mpool rc_mlx5_atomic_desc destroyed
[1754457910.305796] [idcgpu01:3394561:0]           mpool.c:194  UCX  DEBUG mpool send-ops-mpool destroyed
[1754457910.305800] [idcgpu01:3394561:0]           mpool.c:194  UCX  DEBUG mpool rc_send_desc destroyed
[1754457910.306375] [idcgpu01:3394561:0]           mpool.c:194  UCX  DEBUG mpool rc_recv_desc destroyed
[1754457910.306379] [idcgpu01:3394561:0]           mpool.c:194  UCX  DEBUG mpool pending-ops destroyed
[1754457910.307764] [idcgpu01:3394561:0]           async.c:172  UCX  DEBUG removed async handler 0x5555565f6f70 [id=79 ref 1] ???() from hash
[1754457910.307768] [idcgpu01:3394561:0]           async.c:575  UCX  DEBUG removing async handler 0x5555565f6f70 [id=79 ref 1] ???()
[1754457910.307776] [idcgpu01:3394561:0]           async.c:187  UCX  DEBUG release async handler 0x5555565f6f70 [id=79 ref 0] ???()
[1754457910.311728] [idcgpu01:3394561:0]           async.c:172  UCX  DEBUG removed async handler 0x555555ff54e0 [id=78 ref 1] ???() from hash
[1754457910.311731] [idcgpu01:3394561:0]           async.c:575  UCX  DEBUG removing async handler 0x555555ff54e0 [id=78 ref 1] ???()
[1754457910.311737] [idcgpu01:3394561:0]           async.c:187  UCX  DEBUG release async handler 0x555555ff54e0 [id=78 ref 0] ???()
[1754457910.311751] [idcgpu01:3394561:0]           mpool.c:194  UCX  DEBUG mpool rc_mlx5_atomic_desc destroyed
[1754457910.311754] [idcgpu01:3394561:0]           mpool.c:194  UCX  DEBUG mpool mlx5_dm_desc destroyed
[1754457910.313132] [idcgpu01:3394561:0]           mpool.c:194  UCX  DEBUG mpool send-ops-mpool destroyed
[1754457910.313445] [idcgpu01:3394561:0]           mpool.c:194  UCX  DEBUG mpool rc_send_desc destroyed
[1754457910.314541] [idcgpu01:3394561:0]           mpool.c:194  UCX  DEBUG mpool rc_recv_desc destroyed
[1754457910.314545] [idcgpu01:3394561:0]           mpool.c:194  UCX  DEBUG mpool pending-ops destroyed
[1754457910.315146] [idcgpu01:3394561:0]           async.c:172  UCX  DEBUG removed async handler 0x5555562bdd20 [id=80 ref 1] ???() from hash
[1754457910.315149] [idcgpu01:3394561:0]           async.c:575  UCX  DEBUG removing async handler 0x5555562bdd20 [id=80 ref 1] ???()
[1754457910.315157] [idcgpu01:3394561:0]           async.c:187  UCX  DEBUG release async handler 0x5555562bdd20 [id=80 ref 0] ???()
[1754457910.315202] [idcgpu01:3394561:0]        ud_iface.c:602  UCX  DEBUG iface(0x5555566af020): cep cleanup
[1754457910.315541] [idcgpu01:3394561:0]           mpool.c:194  UCX  DEBUG mpool ud_tx_skb destroyed
[1754457910.316244] [idcgpu01:3394561:0]           mpool.c:194  UCX  DEBUG mpool ud_recv_skb destroyed
[1754457910.316905] [idcgpu01:3394561:0]        ud_iface.c:609  UCX  DEBUG iface(0x5555566af020): ptr_array cleanup
[1754457910.317320] [idcgpu01:3394561:0]           mpool.c:194  UCX  DEBUG mpool uct_scopy_iface_tx_mp destroyed
[1754457910.317332] [idcgpu01:3394561:0]           mpool.c:194  UCX  DEBUG mpool uct_scopy_iface_tx_mp destroyed
[1754457910.318838] [idcgpu01:3394561:0]           async.c:172  UCX  DEBUG removed async handler 0x55555609b4c0 [id=58 ref 1] ???() from hash
[1754457910.318842] [idcgpu01:3394561:0]           async.c:575  UCX  DEBUG removing async handler 0x55555609b4c0 [id=58 ref 1] ???()
[1754457910.318851] [idcgpu01:3394561:0]           async.c:187  UCX  DEBUG release async handler 0x55555609b4c0 [id=58 ref 0] ???()
[1754457910.319363] [idcgpu01:3394561:0]         pgtable.c:618  UCX  DEBUG purge empty page table
[1754457910.319763] [idcgpu01:3394561:0]           mpool.c:194  UCX  DEBUG mpool rcache_mp destroyed
[1754457910.326226] [idcgpu01:3394561:0]    ib_mlx5dv_md.c:2512 UCX  DEBUG mlx5_0: md=0x555556053000 md->flags=0x3f33f3b flush_rkey=0x1ffe00
[1754457910.326762] [idcgpu01:3394561:0]           mpool.c:194  UCX  DEBUG mpool devx dbrec destroyed
[1754457910.326769] [idcgpu01:3394561:0]       ib_device.c:621  UCX  DEBUG destroying ib device mlx5_0
[1754457910.326797] [idcgpu01:3394561:0]           async.c:172  UCX  DEBUG removed async handler 0x555555ffe300 [id=53 ref 1] ???() from hash
[1754457910.326800] [idcgpu01:3394561:0]           async.c:575  UCX  DEBUG removing async handler 0x555555ffe300 [id=53 ref 1] ???()
[1754457910.326941] [idcgpu01:3394561:0]           async.c:187  UCX  DEBUG release async handler 0x555555ffe300 [id=53 ref 0] ???()
