[1754990881.186644] [idcgpu01:2716044:0]           debug.c:1157 UCX  DEBUG using signal stack 0x7ffff77d3000 size 181440
[1754990881.189926] [idcgpu01:2716044:0]             cpu.c:338  UCX  DEBUG measured tsc frequency 2100.596 MHz after 0.95 ms
[1754990881.189942] [idcgpu01:2716044:0]            init.c:120  UCX  DEBUG /data/johnny/ucx-1.18.1/src/ucs/.libs/libucs.so.0 loaded at 0x7ffff7b61000
[1754990881.189952] [idcgpu01:2716044:0]            init.c:122  UCX  DEBUG cmd line: /data/johnny/ucx-1.18.1/src/tools/perf/.libs/ucx_perftest -t ucp_put_bw -m cuda,cuda 
[1754990881.189961] [idcgpu01:2716044:0]          module.c:72   UCX  DEBUG ucs library path: /data/johnny/ucx-1.18.1/src/ucs/.libs/libucs.so.0
[1754990881.189963] [idcgpu01:2716044:0]          module.c:280  UCX  DEBUG loading modules for ucs
[1754990881.190337] [idcgpu01:2716044:0]          module.c:280  UCX  DEBUG loading modules for ucx_perftest
[1754990881.876120] [idcgpu01:2716044:0]        perftest.c:800  UCX  WARN  CPU affinity is not set (bound to 192 cpus). Performance may be impacted.
Waiting for connection...
Accepted connection from 192.168.1.2:47862
+----------------------------------------------------------------------------------------------------------+
| API:          protocol layer                                                                             |
| Test:         put bandwidth                                                                              |
| Data layout:  (automatic)                                                                                |
| Send memory:  cuda                                                                                       |
| Recv memory:  cuda                                                                                       |
| Message size: 64000                                                                                      |
| Window size:  32                                                                                         |
+----------------------------------------------------------------------------------------------------------+
[1754990886.310670] [idcgpu01:2716044:0]         libperf.c:2082 UCX  DEBUG set send allocator by send mem type cuda
[1754990886.310679] [idcgpu01:2716044:0]         libperf.c:2086 UCX  DEBUG set recv allocator by recv mem type cuda
[1754990886.310683] [idcgpu01:2716044:0]         libperf.c:2098 UCX  DIAG  UCT tests also copy one-byte value from host memory to cuda send memory, which may impact performance results
[1754990886.310687] [idcgpu01:2716044:0]         libperf.c:2105 UCX  DIAG  UCT tests also copy one-byte value from cuda recv memory to host memory, which may impact performance results
[1754990887.084359] [idcgpu01:2716044:0]            time.c:22   UCX  DEBUG arch clock frequency: 2100596012.59 Hz
[1754990887.128810] [idcgpu01:2716044:0]     ucp_context.c:2257 UCX  INFO  Version 1.18.1 (loaded from /data/johnny/ucx-1.18.1/src/ucp/.libs/libucp.so.0)
[1754990887.129002] [idcgpu01:2716044:0]     ucp_context.c:2015 UCX  DEBUG estimated number of endpoints is 1
[1754990887.129006] [idcgpu01:2716044:0]     ucp_context.c:2022 UCX  DEBUG estimated number of endpoints per node is 1
[1754990887.129070] [idcgpu01:2716044:0]     ucp_context.c:2033 UCX  DEBUG estimated bcopy bandwidth is 7340032000.000000
[1754990887.130559] [idcgpu01:2716044:0]     ucp_context.c:2092 UCX  DEBUG allocation method[0] is md 'sysv'
[1754990887.130594] [idcgpu01:2716044:0]     ucp_context.c:2092 UCX  DEBUG allocation method[1] is md 'posix'
[1754990887.130646] [idcgpu01:2716044:0]     ucp_context.c:2104 UCX  DEBUG allocation method[2] is 'thp'
[1754990887.130661] [idcgpu01:2716044:0]     ucp_context.c:2092 UCX  DEBUG allocation method[3] is md '*'
[1754990887.130663] [idcgpu01:2716044:0]     ucp_context.c:2104 UCX  DEBUG allocation method[4] is 'mmap'
[1754990887.130665] [idcgpu01:2716044:0]     ucp_context.c:2104 UCX  DEBUG allocation method[5] is 'heap'
[1754990887.130774] [idcgpu01:2716044:0]          module.c:280  UCX  DEBUG loading modules for uct
[1754990887.500381] [idcgpu01:2716044:0]          module.c:280  UCX  DEBUG loading modules for uct_cuda
[1754990887.922732] [idcgpu01:2716044:0]          module.c:280  UCX  DEBUG loading modules for uct_ib
[1754990889.826242] [idcgpu01:2716044:0]            topo.c:298  UCX  DEBUG added sys_dev 0 for bus id 08:00.0
[1754990889.826322] [idcgpu01:2716044:0]            topo.c:298  UCX  DEBUG added sys_dev 1 for bus id 09:00.0
[1754990889.826382] [idcgpu01:2716044:0]            topo.c:298  UCX  DEBUG added sys_dev 2 for bus id 0e:00.0
[1754990889.826444] [idcgpu01:2716044:0]            topo.c:298  UCX  DEBUG added sys_dev 3 for bus id 11:00.0
[1754990889.827025] [idcgpu01:2716044:0]        mm_xpmem.c:86   UCX  DEBUG xpmem_version() returned -1 (No such file or directory), xpmem is unavailable
[1754990889.837877] [idcgpu01:2716044:0]            topo.c:898  UCX  DEBUG /sys/class/net/bond0/lower_ens4f0: PF sysfs path is '/sys/devices/pci0000:95/0000:95:01.0/0000:96:00.0'
[1754990889.837984] [idcgpu01:2716044:0]            topo.c:298  UCX  DEBUG added sys_dev 4 for bus id 96:00.0
[1754990889.837991] [idcgpu01:2716044:0]            topo.c:552  UCX  DEBUG bond0: bdf_name 0000:96:00.0 sys_dev 4
[1754990889.841086] [idcgpu01:2716044:0]       tcp_iface.c:945  UCX  DEBUG filtered out bridge device cni0
[1754990889.850220] [idcgpu01:2716044:0]            topo.c:898  UCX  DEBUG /sys/class/net/ens2np0: PF sysfs path is '/sys/devices/pci0000:03/0000:03:01.0/0000:04:00.0/0000:05:0c.0/0000:0f:00.0/0000:10:10.0/0000:12:00.0'
[1754990889.850293] [idcgpu01:2716044:0]            topo.c:298  UCX  DEBUG added sys_dev 5 for bus id 12:00.0
[1754990889.850298] [idcgpu01:2716044:0]            topo.c:552  UCX  DEBUG ens2np0: bdf_name 0000:12:00.0 sys_dev 5
[1754990889.876188] [idcgpu01:2716044:0]            topo.c:898  UCX  DEBUG /sys/class/net/flannel.1/lower_bond0/lower_ens4f0: PF sysfs path is '/sys/devices/pci0000:95/0000:95:01.0/0000:96:00.0'
[1754990889.876199] [idcgpu01:2716044:0]            topo.c:552  UCX  DEBUG flannel.1: bdf_name 0000:96:00.0 sys_dev 4
[1754990889.878592] [idcgpu01:2716044:0]            topo.c:895  UCX  DEBUG /sys/class/net/lo: sysfs path undetected
[1754990889.878595] [idcgpu01:2716044:0]            topo.c:556  UCX  DEBUG lo: system device unknown
[1754990889.976632] [idcgpu01:2716044:0]    cuda_copy_md.c:103  UCX  DEBUG dmabuf is not supported on cuda device 0
[1754990889.991865] [idcgpu01:2716044:0]     cuda_ipc_md.c:446  UCX  DEBUG fabric_info: state=0 status=0 uuid=00000000:00000000:00000000:00000000
[1754990890.004098] [idcgpu01:2716044:0]            topo.c:898  UCX  DEBUG /sys/class/infiniband/mlx5_0: PF sysfs path is '/sys/devices/pci0000:03/0000:03:01.0/0000:04:00.0/0000:05:0c.0/0000:0f:00.0/0000:10:10.0/0000:12:00.0'
[1754990890.004105] [idcgpu01:2716044:0]            topo.c:552  UCX  DEBUG mlx5_0: bdf_name 0000:12:00.0 sys_dev 5
[1754990890.004125] [idcgpu01:2716044:0]       ib_device.c:502  UCX  DEBUG mlx5_0: vendor_id 0x15b3 device_id 4129
[1754990890.004914] [idcgpu01:2716044:0]    ib_mlx5dv_md.c:1892 UCX  DEBUG mlx5_0: cross gvmi alias mkey is supported
[1754990890.004915] [idcgpu01:2716044:0]    ib_mlx5dv_md.c:1942 UCX  DEBUG mlx5_0: mkey_by_name_reserve is not supported
[1754990890.004916] [idcgpu01:2716044:0]    ib_mlx5dv_md.c:1925 UCX  DEBUG mlx5_0: dp_ordering support: force=0 ooo_rw_rc=0 ooo_rw_dc=0
[1754990890.005061] [idcgpu01:2716044:0]    ib_mlx5dv_md.c:1700 UCX  DEBUG mlx5_0: ODP is supported, version 2: memory=host
[1754990890.005219] [idcgpu01:2716044:0]           async.c:247  UCX  DEBUG added async handler 0x555555fe6720 [id=52 ref 1] ???() to hash
[1754990890.005609] [idcgpu01:2716044:0]           async.c:521  UCX  DEBUG listening to async event fd 52 events 0x1 mode thread_spinlock
[1754990890.005613] [idcgpu01:2716044:0]       ib_device.c:600  UCX  DEBUG initialized device 'mlx5_0' (InfiniBand channel adapter) with 1 ports
[1754990890.005620] [idcgpu01:2716044:0]           ib_md.c:1182 UCX  DEBUG mlx5_0: cuda GPUDirect RDMA is not detected by checking /sys/kernel/mm/memory_peers/nv_mem/version
[1754990890.005629] [idcgpu01:2716044:0]           ib_md.c:1182 UCX  DEBUG mlx5_0: cuda GPUDirect RDMA is detected by checking /sys/module/nvidia_peermem/version
[1754990890.005646] [idcgpu01:2716044:0]           ib_md.c:1182 UCX  DEBUG mlx5_0: rocm GPUDirect RDMA is not detected by checking /dev/kfd
[1754990890.005658] [idcgpu01:2716044:0]           ib_md.c:1209 UCX  DEBUG mlx5_0: dmabuf is supported
[1754990890.005665] [idcgpu01:2716044:0]           mpool.c:136  UCX  DEBUG mpool devx dbrec: align 64, maxelems 4294967295, elemsize 40
[1754990890.005955] [idcgpu01:2716044:0]    ib_mlx5dv_md.c:2440 UCX  DEBUG mlx5_0: opened DEVX md log_max_qp=17
[1754990890.006911] [idcgpu01:2716044:0]    ib_mlx5dv_md.c:139  UCX  DEBUG mlx5_0: KSM dm memory registration status "Success" range 0x7ffff7a14000..0x7ffff7a14020 iova 0x0 mkey_index 0x0
[1754990890.007302] [idcgpu01:2716044:0]    ib_mlx5dv_md.c:139  UCX  DEBUG mlx5_0: KSM atomic-key memory registration status "Success" range (nil)..0x20 iova 0x7ffff7a14000 atomic mkey_index 0x0
[1754990890.008104] [idcgpu01:2716044:0]           ib_md.c:1167 UCX  DEBUG mlx5_0: relaxed order memory access is disabled
[1754990890.008495] [idcgpu01:2716044:0]    ib_mlx5dv_md.c:139  UCX  DEBUG mlx5_0: KSM flush-mr memory registration status "Success" range 0x555556054000..0x555556054008 iova 0x0 mkey_index 0x0
[1754990890.008497] [idcgpu01:2716044:0]           ib_md.c:1037 UCX  DEBUG mlx5_0: md open by 'uct_ib_mlx5_devx_md_ops' is successful
[1754990890.021057] [idcgpu01:2716044:0]            topo.c:898  UCX  DEBUG /sys/class/infiniband/mlx5_0: PF sysfs path is '/sys/devices/pci0000:03/0000:03:01.0/0000:04:00.0/0000:05:0c.0/0000:0f:00.0/0000:10:10.0/0000:12:00.0'
[1754990890.021061] [idcgpu01:2716044:0]            topo.c:552  UCX  DEBUG mlx5_0: bdf_name 0000:12:00.0 sys_dev 5
[1754990890.021073] [idcgpu01:2716044:0]       ib_device.c:502  UCX  DEBUG mlx5_0: vendor_id 0x15b3 device_id 4129
[1754990890.021568] [idcgpu01:2716044:0]    ib_mlx5dv_md.c:1892 UCX  DEBUG mlx5_0: cross gvmi alias mkey is supported
[1754990890.021569] [idcgpu01:2716044:0]    ib_mlx5dv_md.c:1942 UCX  DEBUG mlx5_0: mkey_by_name_reserve is not supported
[1754990890.021570] [idcgpu01:2716044:0]    ib_mlx5dv_md.c:1925 UCX  DEBUG mlx5_0: dp_ordering support: force=0 ooo_rw_rc=0 ooo_rw_dc=0
[1754990890.021694] [idcgpu01:2716044:0]    ib_mlx5dv_md.c:1700 UCX  DEBUG mlx5_0: ODP is supported, version 2: memory=host
[1754990890.021832] [idcgpu01:2716044:0]           async.c:247  UCX  DEBUG added async handler 0x555556053c30 [id=57 ref 1] ???() to hash
[1754990890.021839] [idcgpu01:2716044:0]           async.c:521  UCX  DEBUG listening to async event fd 57 events 0x1 mode thread_spinlock
[1754990890.021841] [idcgpu01:2716044:0]       ib_device.c:600  UCX  DEBUG initialized device 'mlx5_0' (InfiniBand channel adapter) with 1 ports
[1754990890.021845] [idcgpu01:2716044:0]           ib_md.c:1182 UCX  DEBUG mlx5_0: cuda GPUDirect RDMA is not detected by checking /sys/kernel/mm/memory_peers/nv_mem/version
[1754990890.021848] [idcgpu01:2716044:0]           ib_md.c:1182 UCX  DEBUG mlx5_0: cuda GPUDirect RDMA is detected by checking /sys/module/nvidia_peermem/version
[1754990890.021851] [idcgpu01:2716044:0]           ib_md.c:1182 UCX  DEBUG mlx5_0: rocm GPUDirect RDMA is not detected by checking /dev/kfd
[1754990890.021855] [idcgpu01:2716044:0]           ib_md.c:1209 UCX  DEBUG mlx5_0: dmabuf is supported
[1754990890.021858] [idcgpu01:2716044:0]           mpool.c:136  UCX  DEBUG mpool devx dbrec: align 64, maxelems 4294967295, elemsize 40
[1754990890.022096] [idcgpu01:2716044:0]    ib_mlx5dv_md.c:2440 UCX  DEBUG mlx5_0: opened DEVX md log_max_qp=17
[1754990890.022771] [idcgpu01:2716044:0]    ib_mlx5dv_md.c:139  UCX  DEBUG mlx5_0: KSM dm memory registration status "Success" range 0x7ffff6ed7000..0x7ffff6ed7020 iova 0x0 mkey_index 0x0
[1754990890.023023] [idcgpu01:2716044:0]    ib_mlx5dv_md.c:139  UCX  DEBUG mlx5_0: KSM atomic-key memory registration status "Success" range (nil)..0x20 iova 0x7ffff6ed7000 atomic mkey_index 0x0
[1754990890.023730] [idcgpu01:2716044:0]           ib_md.c:1167 UCX  DEBUG mlx5_0: relaxed order memory access is disabled
[1754990890.024011] [idcgpu01:2716044:0]    ib_mlx5dv_md.c:139  UCX  DEBUG mlx5_0: KSM flush-mr memory registration status "Success" range 0x55555609c000..0x55555609c008 iova 0x0 mkey_index 0x0
[1754990890.024047] [idcgpu01:2716044:0]          uct_md.c:96   UCX  DEBUG failed to query gga_mlx5 resources: No such device
[1754990890.024049] [idcgpu01:2716044:0]     ucp_context.c:1188 UCX  DEBUG No tl resources found for md mlx5_0
[1754990890.024050] [idcgpu01:2716044:0]     ucp_context.c:1647 UCX  DEBUG closing md mlx5_0 because it has no selected transport resources
[1754990890.027639] [idcgpu01:2716044:0]    ib_mlx5dv_md.c:2512 UCX  DEBUG mlx5_0: md=0x555556057b90 md->flags=0x3f33f3b flush_rkey=0x1fff00
[1754990890.027946] [idcgpu01:2716044:0]           mpool.c:194  UCX  DEBUG mpool devx dbrec destroyed
[1754990890.027952] [idcgpu01:2716044:0]       ib_device.c:621  UCX  DEBUG destroying ib device mlx5_0
[1754990890.027964] [idcgpu01:2716044:0]           async.c:172  UCX  DEBUG removed async handler 0x555556053c30 [id=57 ref 1] ???() from hash
[1754990890.027965] [idcgpu01:2716044:0]           async.c:575  UCX  DEBUG removing async handler 0x555556053c30 [id=57 ref 1] ???()
[1754990890.027968] [idcgpu01:2716044:0]           async.c:187  UCX  DEBUG release async handler 0x555556053c30 [id=57 ref 0] ???()
[1754990890.038827] [idcgpu01:2716044:0]        mm_xpmem.c:86   UCX  DEBUG xpmem_version() returned -1 (No such file or directory), xpmem is unavailable
[1754990890.038831] [idcgpu01:2716044:0]     ucp_context.c:1712 UCX  DEBUG register host memory on: self, tcp, cuda_cpy, mlx5_0, cma, knem
[1754990890.038832] [idcgpu01:2716044:0]     ucp_context.c:1712 UCX  DEBUG register cuda memory on: cuda_cpy, cuda_ipc, mlx5_0
[1754990890.038833] [idcgpu01:2716044:0]     ucp_context.c:1712 UCX  DEBUG register cuda-managed memory on: cuda_cpy
[1754990890.038834] [idcgpu01:2716044:0]     ucp_context.c:1700 UCX  DEBUG no memory domain supports registering rocm memory
[1754990890.038834] [idcgpu01:2716044:0]     ucp_context.c:1700 UCX  DEBUG no memory domain supports registering rocm-managed memory
[1754990890.038835] [idcgpu01:2716044:0]     ucp_context.c:1700 UCX  DEBUG no memory domain supports registering rdma memory
[1754990890.038836] [idcgpu01:2716044:0]     ucp_context.c:1700 UCX  DEBUG no memory domain supports registering ze-host memory
[1754990890.038836] [idcgpu01:2716044:0]     ucp_context.c:1700 UCX  DEBUG no memory domain supports registering ze-device memory
[1754990890.038837] [idcgpu01:2716044:0]     ucp_context.c:1700 UCX  DEBUG no memory domain supports registering ze-managed memory
[1754990890.038865] [idcgpu01:2716044:0]           mpool.c:136  UCX  DEBUG mpool rcache_mp: align 8, maxelems 4294967295, elemsize 144
[1754990890.038886] [idcgpu01:2716044:0]           async.c:247  UCX  DEBUG added async handler 0x55555609b4c0 [id=57 ref 1] ???() to hash
[1754990890.038892] [idcgpu01:2716044:0]           async.c:521  UCX  DEBUG listening to async event fd 57 events 0x1 mode thread_spinlock
[1754990890.047627] [idcgpu01:2716044:0]          module.c:280  UCX  DEBUG loading modules for ucm
[1754990890.518006] [idcgpu01:2716044:0]     ucp_context.c:2329 UCX  DEBUG created ucp context perftest 0x555555fe9960 [9 mds 16 tls] features 0x2 tl bitmap 0xffff 0x0
[1754990890.520581] [idcgpu01:2716044:0]         uct_mem.c:296  UCX  DEBUG   could not allocate memory with any of the provided methods
[1754990890.520804] [idcgpu01:2716044:0]    cuda_copy_md.c:258  UCX  DEBUG   cuMemCreate(&alloc_handle->generic_handle, alloc_handle->length, &prop, 0) failed: operation not permitted
[1754990890.524171] [idcgpu01:2716044:0]    cuda_copy_md.c:497  UCX  DEBUG cuMemRetainAllocationHandle(&alloc_handle, (void*)address) failed: invalid argument
[1754990890.526233] [idcgpu01:2716044:0]         uct_mem.c:296  UCX  DEBUG   could not allocate memory with any of the provided methods
[1754990890.526356] [idcgpu01:2716044:0]    cuda_copy_md.c:258  UCX  DEBUG   cuMemCreate(&alloc_handle->generic_handle, alloc_handle->length, &prop, 0) failed: operation not permitted
[1754990890.526427] [idcgpu01:2716044:0]    cuda_copy_md.c:497  UCX  DEBUG cuMemRetainAllocationHandle(&alloc_handle, (void*)address) failed: invalid argument
[1754990890.528545] [idcgpu01:2716044:0]           mpool.c:136  UCX  DEBUG mpool self_msg_desc: align 64, maxelems 4294967295, elemsize 8200
[1754990890.528549] [idcgpu01:2716044:0]            self.c:245  UCX  DEBUG created self iface id 0xe76ff6a66f6f37a2 send_size 8192
[1754990890.528572] [idcgpu01:2716044:0]      ucp_worker.c:1434 UCX  DEBUG created interface[0]=0x5555560839a0 using self/memory on worker 0x5555560608a0
[1754990890.528603] [idcgpu01:2716044:0]           mpool.c:136  UCX  DEBUG mpool uct_tcp_iface_tx_buf_mp: align 64, maxelems 4294967295, elemsize 8205
[1754990890.528605] [idcgpu01:2716044:0]           mpool.c:136  UCX  DEBUG mpool uct_tcp_iface_rx_buf_mp: align 64, maxelems 4294967295, elemsize 131090
[1754990890.530570] [idcgpu01:2716044:0]           async.c:247  UCX  DEBUG added async handler 0x555555ff2810 [id=60 ref 1] ???() to hash
[1754990890.530581] [idcgpu01:2716044:0]           async.c:521  UCX  DEBUG listening to async event fd 60 events 0x5 mode thread_spinlock
[1754990890.530586] [idcgpu01:2716044:0]       tcp_iface.c:596  UCX  DEBUG tcp_iface 0x555556084890: listening for connections (fd=60) on 172.16.14.30:59189 netif bond0
[1754990890.530703] [idcgpu01:2716044:0]            topo.c:898  UCX  DEBUG /sys/class/net/bond0/lower_ens4f0: PF sysfs path is '/sys/devices/pci0000:95/0000:95:01.0/0000:96:00.0'
[1754990890.533425] [idcgpu01:2716044:0]      ucp_worker.c:1434 UCX  DEBUG created interface[1]=0x555556084890 using tcp/bond0 on worker 0x5555560608a0
[1754990890.533454] [idcgpu01:2716044:0]           mpool.c:136  UCX  DEBUG mpool uct_tcp_iface_tx_buf_mp: align 64, maxelems 4294967295, elemsize 8205
[1754990890.533457] [idcgpu01:2716044:0]           mpool.c:136  UCX  DEBUG mpool uct_tcp_iface_rx_buf_mp: align 64, maxelems 4294967295, elemsize 131090
[1754990890.535183] [idcgpu01:2716044:0]           async.c:247  UCX  DEBUG added async handler 0x555555ffa1c0 [id=62 ref 1] ???() to hash
[1754990890.535193] [idcgpu01:2716044:0]           async.c:521  UCX  DEBUG listening to async event fd 62 events 0x5 mode thread_spinlock
[1754990890.535197] [idcgpu01:2716044:0]       tcp_iface.c:596  UCX  DEBUG tcp_iface 0x555556085510: listening for connections (fd=62) on 192.168.1.1:37529 netif ens2np0
[1754990890.535969] [idcgpu01:2716044:0]            topo.c:898  UCX  DEBUG /sys/class/net/ens2np0: PF sysfs path is '/sys/devices/pci0000:03/0000:03:01.0/0000:04:00.0/0000:05:0c.0/0000:0f:00.0/0000:10:10.0/0000:12:00.0'
[1754990890.536117] [idcgpu01:2716044:0]      ucp_worker.c:1434 UCX  DEBUG created interface[2]=0x555556085510 using tcp/ens2np0 on worker 0x5555560608a0
[1754990890.536141] [idcgpu01:2716044:0]           mpool.c:136  UCX  DEBUG mpool uct_tcp_iface_tx_buf_mp: align 64, maxelems 4294967295, elemsize 8205
[1754990890.536143] [idcgpu01:2716044:0]           mpool.c:136  UCX  DEBUG mpool uct_tcp_iface_rx_buf_mp: align 64, maxelems 4294967295, elemsize 131090
[1754990890.537834] [idcgpu01:2716044:0]           async.c:247  UCX  DEBUG added async handler 0x555555ff93b0 [id=64 ref 1] ???() to hash
[1754990890.537847] [idcgpu01:2716044:0]           async.c:521  UCX  DEBUG listening to async event fd 64 events 0x5 mode thread_spinlock
[1754990890.537850] [idcgpu01:2716044:0]       tcp_iface.c:596  UCX  DEBUG tcp_iface 0x5555560864a0: listening for connections (fd=64) on 10.42.0.0:58919 netif flannel.1
[1754990890.537977] [idcgpu01:2716044:0]            topo.c:898  UCX  DEBUG /sys/class/net/flannel.1/lower_bond0/lower_ens4f0: PF sysfs path is '/sys/devices/pci0000:95/0000:95:01.0/0000:96:00.0'
[1754990890.538073] [idcgpu01:2716044:0]      ucp_worker.c:1434 UCX  DEBUG created interface[3]=0x5555560864a0 using tcp/flannel.1 on worker 0x5555560608a0
[1754990890.538092] [idcgpu01:2716044:0]           mpool.c:136  UCX  DEBUG mpool uct_tcp_iface_tx_buf_mp: align 64, maxelems 4294967295, elemsize 8205
[1754990890.538112] [idcgpu01:2716044:0]           mpool.c:136  UCX  DEBUG mpool uct_tcp_iface_rx_buf_mp: align 64, maxelems 4294967295, elemsize 131090
[1754990890.539814] [idcgpu01:2716044:0]           async.c:247  UCX  DEBUG added async handler 0x555555ff83f0 [id=66 ref 1] ???() to hash
[1754990890.539822] [idcgpu01:2716044:0]           async.c:521  UCX  DEBUG listening to async event fd 66 events 0x5 mode thread_spinlock
[1754990890.539825] [idcgpu01:2716044:0]       tcp_iface.c:596  UCX  DEBUG tcp_iface 0x555556087270: listening for connections (fd=66) on 127.0.0.1:33853 netif lo
[1754990890.539845] [idcgpu01:2716044:0]            sock.c:90   UCX  DEBUG ioctl(req=35142, ifr_name=lo) failed: Operation not supported
[1754990890.539853] [idcgpu01:2716044:0]         tcp_net.c:61   UCX  DEBUG speed of lo is UNKNOWN, assuming 100 Mbps
[1754990890.539926] [idcgpu01:2716044:0]            topo.c:895  UCX  DEBUG /sys/class/net/lo: sysfs path undetected
[1754990890.539928] [idcgpu01:2716044:0]            topo.c:848  UCX  DEBUG lo: pci bandwidth undetected, using maximal value
[1754990890.539978] [idcgpu01:2716044:0]      ucp_worker.c:1434 UCX  DEBUG created interface[4]=0x555556087270 using tcp/lo on worker 0x5555560608a0
[1754990890.540061] [idcgpu01:2716044:0]         mm_sysv.c:97   UCX  DEBUG   mm failed to allocate 33023 bytes with hugetlb
[1754990890.540127] [idcgpu01:2716044:0]           mpool.c:136  UCX  DEBUG mpool mm_recv_desc: align 64, maxelems 4294967295, elemsize 8376
[1754990890.540148] [idcgpu01:2716044:0]         mm_sysv.c:97   UCX  DEBUG   mm failed to allocate 4292720 bytes with hugetlb
[1754990890.540165] [idcgpu01:2716044:0]           mpool.c:281  UCX  DEBUG mpool mm_recv_desc: allocated chunk 0x7fffc73e6018 of 4296680 bytes with 512 elements
[1754990890.541795] [idcgpu01:2716044:0]        mm_iface.c:730  UCX  DEBUG created mm iface 0x555556087c10 FIFO id 0xb va 0x7ffff0030000 size 36864 (128 x 256 elems)
[1754990890.541828] [idcgpu01:2716044:0]      ucp_worker.c:1434 UCX  DEBUG created interface[5]=0x555556087c10 using sysv/memory on worker 0x5555560608a0
[1754990890.541947] [idcgpu01:2716044:0]        mm_posix.c:572  UCX  DEBUG   allocated posix shared memory at 0x7ffff0027000 length 36864
[1754990890.541963] [idcgpu01:2716044:0]           mpool.c:136  UCX  DEBUG mpool mm_recv_desc: align 64, maxelems 4294967295, elemsize 8376
[1754990890.543720] [idcgpu01:2716044:0]        mm_posix.c:338  UCX  DEBUG   shared memory mmap(addr=(nil), length=6291456, flags= HUGETLB, fd=70) failed: Invalid argument
[1754990890.543727] [idcgpu01:2716044:0]        mm_posix.c:572  UCX  DEBUG   allocated posix shared memory at 0x7fffc6fcd000 length 4296704
[1754990890.543734] [idcgpu01:2716044:0]           mpool.c:281  UCX  DEBUG mpool mm_recv_desc: allocated chunk 0x7fffc6fcd018 of 4296680 bytes with 512 elements
[1754990890.544466] [idcgpu01:2716044:0]        mm_iface.c:730  UCX  DEBUG created mm iface 0x555556088910 FIFO id 0xc00000110029718c va 0x7ffff0027000 size 36864 (128 x 256 elems)
[1754990890.544477] [idcgpu01:2716044:0]      ucp_worker.c:1434 UCX  DEBUG created interface[6]=0x555556088910 using posix/memory on worker 0x5555560608a0
[1754990890.544503] [idcgpu01:2716044:0]           mpool.c:136  UCX  DEBUG mpool CUDA EVENT objects: align 64, maxelems 4294967295, elemsize 32
[1754990890.544527] [idcgpu01:2716044:0]      ucp_worker.c:1434 UCX  DEBUG created interface[7]=0x5555560893c0 using cuda_copy/cuda on worker 0x5555560608a0
[1754990890.544539] [idcgpu01:2716044:0]           mpool.c:136  UCX  DEBUG mpool CUDA_IPC EVENT objects: align 64, maxelems 4294967295, elemsize 72
[1754990890.554447] [idcgpu01:2716044:0]  cuda_ipc_iface.c:249  UCX  DEBUG cuda-ipc get zcopy disabled as no nvlinks detected
[1754990890.554460] [idcgpu01:2716044:0]      ucp_worker.c:1434 UCX  DEBUG created interface[8]=0x55555608a860 using cuda_ipc/cuda on worker 0x5555560608a0
[1754990890.554650] [idcgpu01:2716044:0]        ib_iface.c:1077 UCX  DEBUG using pkey[0] 0xffff on mlx5_0:1/RoCE
[1754990890.554802] [idcgpu01:2716044:0]       ib_device.c:1089 UCX  DEBUG mlx5_0:1 using gid_index 3
[1754990890.556196] [idcgpu01:2716044:0]        ib_iface.c:1664 UCX  DEBUG created uct_ib_iface_t headroom_ofs 12 payload_ofs 100 hdr_ofs 99 data_sz 8256
[1754990890.556239] [idcgpu01:2716044:0]           mpool.c:136  UCX  DEBUG mpool rc_recv_desc: align 64, maxelems 4294967295, elemsize 8363
[1754990890.556243] [idcgpu01:2716044:0]           mpool.c:136  UCX  DEBUG mpool rc_send_desc: align 64, maxelems 4294967295, elemsize 8336
[1754990890.556440] [idcgpu01:2716044:0]           mpool.c:136  UCX  DEBUG mpool send-ops-mpool: align 64, maxelems 4294967295, elemsize 64
[1754990890.557210] [idcgpu01:2716044:0]           mpool.c:136  UCX  DEBUG mpool pending-ops: align 1, maxelems 4294967295, elemsize 64
[1754990890.557219] [idcgpu01:2716044:0]           mpool.c:136  UCX  DEBUG mpool rc_verbs_short_desc: align 64, maxelems 4294967295, elemsize 208
[1754990890.557731] [idcgpu01:2716044:0]        ib_iface.c:1196 UCX  DEBUG mlx5_0: iface 0x55555608c690 created RC QP 0xc37 on mlx5_0:1 TX wr:409 sge:5 inl:124 resp:64 RX wr:0 sge:0 resp:64
[1754990890.558359] [idcgpu01:2716044:0]      ucp_worker.c:1434 UCX  DEBUG created interface[9]=0x55555608c690 using rc_verbs/mlx5_0:1 on worker 0x5555560608a0
[1754990890.558478] [idcgpu01:2716044:0]        ib_iface.c:1077 UCX  DEBUG using pkey[0] 0xffff on mlx5_0:1/RoCE
[1754990890.558597] [idcgpu01:2716044:0]       ib_device.c:1089 UCX  DEBUG mlx5_0:1 using gid_index 3
[1754990890.559504] [idcgpu01:2716044:0]        ib_iface.c:1664 UCX  DEBUG created uct_ib_iface_t headroom_ofs 12 payload_ofs 100 hdr_ofs 52 data_sz 4136
[1754990890.560009] [idcgpu01:2716044:0]        ib_iface.c:1196 UCX  DEBUG mlx5_0: iface 0x555556159010 created UD QP 0x1fe5 on mlx5_0:1 TX wr:341 sge:6 inl:124 resp:0 RX wr:4096 sge:1 resp:0
[1754990890.561282] [idcgpu01:2716044:0]           mpool.c:136  UCX  DEBUG mpool ud_recv_skb: align 64, maxelems 4294967295, elemsize 4196
[1754990890.561617] [idcgpu01:2716044:0]           mpool.c:281  UCX  DEBUG mpool ud_recv_skb: allocated chunk 0x7fffe0390018 of 544744 bytes with 128 elements
[1754990890.561626] [idcgpu01:2716044:0]           mpool.c:136  UCX  DEBUG mpool ud_tx_skb: align 64, maxelems 4294967295, elemsize 4208
[1754990890.561657] [idcgpu01:2716044:0]        ud_iface.c:380  UCX  DEBUG iface 0x555556159010: adding gid fe80::bae9:24ff:fe62:7a38 to hash on device mlx5_0 port 1 index 0)
[1754990890.561679] [idcgpu01:2716044:0]        ud_iface.c:380  UCX  DEBUG iface 0x555556159010: adding gid fe80::bae9:24ff:fe62:7a38 to hash on device mlx5_0 port 1 index 1)
[1754990890.561695] [idcgpu01:2716044:0]        ud_iface.c:380  UCX  DEBUG iface 0x555556159010: adding gid ::ffff:192.168.1.1 to hash on device mlx5_0 port 1 index 2)
[1754990890.561709] [idcgpu01:2716044:0]        ud_iface.c:380  UCX  DEBUG iface 0x555556159010: adding gid ::ffff:192.168.1.1 to hash on device mlx5_0 port 1 index 3)
[1754990890.561730] [idcgpu01:2716044:0]             sys.c:440  UCX  DEBUG failed to read from /sys/class/infiniband/mlx5_0/ports/1/gid_attrs/types/4: Invalid argument
[1754990890.561736] [idcgpu01:2716044:0]        ud_iface.c:380  UCX  DEBUG iface 0x555556159010: adding gid ::ffff:192.168.100.22 to hash on device mlx5_0 port 1 index 4)
[1754990890.561751] [idcgpu01:2716044:0]             sys.c:440  UCX  DEBUG failed to read from /sys/class/infiniband/mlx5_0/ports/1/gid_attrs/types/5: Invalid argument
[1754990890.561756] [idcgpu01:2716044:0]        ud_iface.c:380  UCX  DEBUG iface 0x555556159010: adding gid ::ffff:192.168.100.22 to hash on device mlx5_0 port 1 index 5)
[1754990890.561772] [idcgpu01:2716044:0]             sys.c:440  UCX  DEBUG failed to read from /sys/class/infiniband/mlx5_0/ports/1/gid_attrs/types/6: Invalid argument
[1754990890.561776] [idcgpu01:2716044:0]        ud_iface.c:380  UCX  DEBUG iface 0x555556159010: adding gid fe80::ccb4:5aff:fefa:ce78 to hash on device mlx5_0 port 1 index 6)
[1754990890.561793] [idcgpu01:2716044:0]             sys.c:440  UCX  DEBUG failed to read from /sys/class/infiniband/mlx5_0/ports/1/gid_attrs/types/7: Invalid argument
[1754990890.561821] [idcgpu01:2716044:0]        ud_iface.c:380  UCX  DEBUG iface 0x555556159010: adding gid fe80::ccb4:5aff:fefa:ce78 to hash on device mlx5_0 port 1 index 7)
[1754990890.561836] [idcgpu01:2716044:0]             sys.c:440  UCX  DEBUG failed to read from /sys/class/infiniband/mlx5_0/ports/1/gid_attrs/types/8: Invalid argument
[1754990890.561840] [idcgpu01:2716044:0]        ud_iface.c:380  UCX  DEBUG iface 0x555556159010: adding gid ::ffff:192.168.100.93 to hash on device mlx5_0 port 1 index 8)
[1754990890.561856] [idcgpu01:2716044:0]             sys.c:440  UCX  DEBUG failed to read from /sys/class/infiniband/mlx5_0/ports/1/gid_attrs/types/9: Invalid argument
[1754990890.561861] [idcgpu01:2716044:0]        ud_iface.c:380  UCX  DEBUG iface 0x555556159010: adding gid ::ffff:192.168.100.93 to hash on device mlx5_0 port 1 index 9)
[1754990890.561876] [idcgpu01:2716044:0]             sys.c:440  UCX  DEBUG failed to read from /sys/class/infiniband/mlx5_0/ports/1/gid_attrs/types/10: Invalid argument
[1754990890.561880] [idcgpu01:2716044:0]        ud_iface.c:380  UCX  DEBUG iface 0x555556159010: adding gid fe80::acf6:ecff:fedd:2c54 to hash on device mlx5_0 port 1 index 10)
[1754990890.561906] [idcgpu01:2716044:0]             sys.c:440  UCX  DEBUG failed to read from /sys/class/infiniband/mlx5_0/ports/1/gid_attrs/types/11: Invalid argument
[1754990890.561910] [idcgpu01:2716044:0]        ud_iface.c:380  UCX  DEBUG iface 0x555556159010: adding gid fe80::acf6:ecff:fedd:2c54 to hash on device mlx5_0 port 1 index 11)
[1754990890.561926] [idcgpu01:2716044:0]             sys.c:440  UCX  DEBUG failed to read from /sys/class/infiniband/mlx5_0/ports/1/gid_attrs/types/12: Invalid argument
[1754990890.561930] [idcgpu01:2716044:0]        ud_iface.c:380  UCX  DEBUG iface 0x555556159010: adding gid ::ffff:192.168.100.65 to hash on device mlx5_0 port 1 index 12)
[1754990890.561946] [idcgpu01:2716044:0]             sys.c:440  UCX  DEBUG failed to read from /sys/class/infiniband/mlx5_0/ports/1/gid_attrs/types/13: Invalid argument
[1754990890.561950] [idcgpu01:2716044:0]        ud_iface.c:380  UCX  DEBUG iface 0x555556159010: adding gid ::ffff:192.168.100.65 to hash on device mlx5_0 port 1 index 13)
[1754990890.561964] [idcgpu01:2716044:0]             sys.c:440  UCX  DEBUG failed to read from /sys/class/infiniband/mlx5_0/ports/1/gid_attrs/types/14: Invalid argument
[1754990890.561968] [idcgpu01:2716044:0]        ud_iface.c:380  UCX  DEBUG iface 0x555556159010: adding gid fe80::f43d:deff:fed3:2ace to hash on device mlx5_0 port 1 index 14)
[1754990890.561982] [idcgpu01:2716044:0]             sys.c:440  UCX  DEBUG failed to read from /sys/class/infiniband/mlx5_0/ports/1/gid_attrs/types/15: Invalid argument
[1754990890.561986] [idcgpu01:2716044:0]        ud_iface.c:380  UCX  DEBUG iface 0x555556159010: adding gid fe80::f43d:deff:fed3:2ace to hash on device mlx5_0 port 1 index 15)
[1754990890.562002] [idcgpu01:2716044:0]             sys.c:440  UCX  DEBUG failed to read from /sys/class/infiniband/mlx5_0/ports/1/gid_attrs/types/16: Invalid argument
[1754990890.562006] [idcgpu01:2716044:0]        ud_iface.c:380  UCX  DEBUG iface 0x555556159010: adding gid ::ffff:192.168.100.91 to hash on device mlx5_0 port 1 index 16)
[1754990890.562021] [idcgpu01:2716044:0]             sys.c:440  UCX  DEBUG failed to read from /sys/class/infiniband/mlx5_0/ports/1/gid_attrs/types/17: Invalid argument
[1754990890.562025] [idcgpu01:2716044:0]        ud_iface.c:380  UCX  DEBUG iface 0x555556159010: adding gid ::ffff:192.168.100.91 to hash on device mlx5_0 port 1 index 17)
[1754990890.562040] [idcgpu01:2716044:0]             sys.c:440  UCX  DEBUG failed to read from /sys/class/infiniband/mlx5_0/ports/1/gid_attrs/types/18: Invalid argument
[1754990890.562044] [idcgpu01:2716044:0]        ud_iface.c:380  UCX  DEBUG iface 0x555556159010: adding gid fe80::dc41:6dff:fe1b:4b3b to hash on device mlx5_0 port 1 index 18)
[1754990890.562058] [idcgpu01:2716044:0]             sys.c:440  UCX  DEBUG failed to read from /sys/class/infiniband/mlx5_0/ports/1/gid_attrs/types/19: Invalid argument
[1754990890.562069] [idcgpu01:2716044:0]        ud_iface.c:380  UCX  DEBUG iface 0x555556159010: adding gid fe80::dc41:6dff:fe1b:4b3b to hash on device mlx5_0 port 1 index 19)
[1754990890.562086] [idcgpu01:2716044:0]             sys.c:440  UCX  DEBUG failed to read from /sys/class/infiniband/mlx5_0/ports/1/gid_attrs/types/20: Invalid argument
[1754990890.562090] [idcgpu01:2716044:0]        ud_iface.c:380  UCX  DEBUG iface 0x555556159010: adding gid ::ffff:192.168.100.120 to hash on device mlx5_0 port 1 index 20)
[1754990890.562105] [idcgpu01:2716044:0]             sys.c:440  UCX  DEBUG failed to read from /sys/class/infiniband/mlx5_0/ports/1/gid_attrs/types/21: Invalid argument
[1754990890.562109] [idcgpu01:2716044:0]        ud_iface.c:380  UCX  DEBUG iface 0x555556159010: adding gid ::ffff:192.168.100.120 to hash on device mlx5_0 port 1 index 21)
[1754990890.562123] [idcgpu01:2716044:0]             sys.c:440  UCX  DEBUG failed to read from /sys/class/infiniband/mlx5_0/ports/1/gid_attrs/types/22: Invalid argument
[1754990890.562127] [idcgpu01:2716044:0]        ud_iface.c:380  UCX  DEBUG iface 0x555556159010: adding gid fe80::dcc1:f4ff:fe48:29a8 to hash on device mlx5_0 port 1 index 22)
[1754990890.562142] [idcgpu01:2716044:0]             sys.c:440  UCX  DEBUG failed to read from /sys/class/infiniband/mlx5_0/ports/1/gid_attrs/types/23: Invalid argument
[1754990890.562146] [idcgpu01:2716044:0]        ud_iface.c:380  UCX  DEBUG iface 0x555556159010: adding gid fe80::dcc1:f4ff:fe48:29a8 to hash on device mlx5_0 port 1 index 23)
[1754990890.562164] [idcgpu01:2716044:0]             sys.c:440  UCX  DEBUG failed to read from /sys/class/infiniband/mlx5_0/ports/1/gid_attrs/types/24: Invalid argument
[1754990890.562168] [idcgpu01:2716044:0]        ud_iface.c:380  UCX  DEBUG iface 0x555556159010: adding gid ::ffff:192.168.100.121 to hash on device mlx5_0 port 1 index 24)
[1754990890.562183] [idcgpu01:2716044:0]             sys.c:440  UCX  DEBUG failed to read from /sys/class/infiniband/mlx5_0/ports/1/gid_attrs/types/25: Invalid argument
[1754990890.562188] [idcgpu01:2716044:0]        ud_iface.c:380  UCX  DEBUG iface 0x555556159010: adding gid ::ffff:192.168.100.121 to hash on device mlx5_0 port 1 index 25)
[1754990890.562202] [idcgpu01:2716044:0]             sys.c:440  UCX  DEBUG failed to read from /sys/class/infiniband/mlx5_0/ports/1/gid_attrs/types/26: Invalid argument
[1754990890.562206] [idcgpu01:2716044:0]        ud_iface.c:380  UCX  DEBUG iface 0x555556159010: adding gid fe80::ccfc:fdff:fe18:5371 to hash on device mlx5_0 port 1 index 26)
[1754990890.562220] [idcgpu01:2716044:0]             sys.c:440  UCX  DEBUG failed to read from /sys/class/infiniband/mlx5_0/ports/1/gid_attrs/types/27: Invalid argument
[1754990890.562225] [idcgpu01:2716044:0]        ud_iface.c:380  UCX  DEBUG iface 0x555556159010: adding gid fe80::ccfc:fdff:fe18:5371 to hash on device mlx5_0 port 1 index 27)
[1754990890.562239] [idcgpu01:2716044:0]             sys.c:440  UCX  DEBUG failed to read from /sys/class/infiniband/mlx5_0/ports/1/gid_attrs/types/28: Invalid argument
[1754990890.562243] [idcgpu01:2716044:0]        ud_iface.c:380  UCX  DEBUG iface 0x555556159010: adding gid ::ffff:192.168.100.89 to hash on device mlx5_0 port 1 index 28)
[1754990890.562259] [idcgpu01:2716044:0]             sys.c:440  UCX  DEBUG failed to read from /sys/class/infiniband/mlx5_0/ports/1/gid_attrs/types/29: Invalid argument
[1754990890.562263] [idcgpu01:2716044:0]        ud_iface.c:380  UCX  DEBUG iface 0x555556159010: adding gid ::ffff:192.168.100.89 to hash on device mlx5_0 port 1 index 29)
[1754990890.562278] [idcgpu01:2716044:0]             sys.c:440  UCX  DEBUG failed to read from /sys/class/infiniband/mlx5_0/ports/1/gid_attrs/types/30: Invalid argument
[1754990890.562282] [idcgpu01:2716044:0]        ud_iface.c:380  UCX  DEBUG iface 0x555556159010: adding gid fe80::7011:aaff:fe6f:a275 to hash on device mlx5_0 port 1 index 30)
[1754990890.562297] [idcgpu01:2716044:0]             sys.c:440  UCX  DEBUG failed to read from /sys/class/infiniband/mlx5_0/ports/1/gid_attrs/types/31: Invalid argument
[1754990890.562306] [idcgpu01:2716044:0]        ud_iface.c:380  UCX  DEBUG iface 0x555556159010: adding gid fe80::7011:aaff:fe6f:a275 to hash on device mlx5_0 port 1 index 31)
[1754990890.562321] [idcgpu01:2716044:0]             sys.c:440  UCX  DEBUG failed to read from /sys/class/infiniband/mlx5_0/ports/1/gid_attrs/types/32: Invalid argument
[1754990890.562325] [idcgpu01:2716044:0]        ud_iface.c:380  UCX  DEBUG iface 0x555556159010: adding gid ::ffff:192.168.100.123 to hash on device mlx5_0 port 1 index 32)
[1754990890.562339] [idcgpu01:2716044:0]             sys.c:440  UCX  DEBUG failed to read from /sys/class/infiniband/mlx5_0/ports/1/gid_attrs/types/33: Invalid argument
[1754990890.562343] [idcgpu01:2716044:0]        ud_iface.c:380  UCX  DEBUG iface 0x555556159010: adding gid ::ffff:192.168.100.123 to hash on device mlx5_0 port 1 index 33)
[1754990890.562358] [idcgpu01:2716044:0]             sys.c:440  UCX  DEBUG failed to read from /sys/class/infiniband/mlx5_0/ports/1/gid_attrs/types/34: Invalid argument
[1754990890.562362] [idcgpu01:2716044:0]        ud_iface.c:380  UCX  DEBUG iface 0x555556159010: adding gid fe80::2c71:6cff:fe7d:a34 to hash on device mlx5_0 port 1 index 34)
[1754990890.562376] [idcgpu01:2716044:0]             sys.c:440  UCX  DEBUG failed to read from /sys/class/infiniband/mlx5_0/ports/1/gid_attrs/types/35: Invalid argument
[1754990890.562380] [idcgpu01:2716044:0]        ud_iface.c:380  UCX  DEBUG iface 0x555556159010: adding gid fe80::2c71:6cff:fe7d:a34 to hash on device mlx5_0 port 1 index 35)
[1754990890.562396] [idcgpu01:2716044:0]             sys.c:440  UCX  DEBUG failed to read from /sys/class/infiniband/mlx5_0/ports/1/gid_attrs/types/36: Invalid argument
[1754990890.562400] [idcgpu01:2716044:0]        ud_iface.c:380  UCX  DEBUG iface 0x555556159010: adding gid ::ffff:192.168.100.124 to hash on device mlx5_0 port 1 index 36)
[1754990890.562414] [idcgpu01:2716044:0]             sys.c:440  UCX  DEBUG failed to read from /sys/class/infiniband/mlx5_0/ports/1/gid_attrs/types/37: Invalid argument
[1754990890.562418] [idcgpu01:2716044:0]        ud_iface.c:380  UCX  DEBUG iface 0x555556159010: adding gid ::ffff:192.168.100.124 to hash on device mlx5_0 port 1 index 37)
[1754990890.562433] [idcgpu01:2716044:0]             sys.c:440  UCX  DEBUG failed to read from /sys/class/infiniband/mlx5_0/ports/1/gid_attrs/types/38: Invalid argument
[1754990890.562437] [idcgpu01:2716044:0]        ud_iface.c:380  UCX  DEBUG iface 0x555556159010: adding gid fe80::6415:d5ff:fe8f:6ac4 to hash on device mlx5_0 port 1 index 38)
[1754990890.562451] [idcgpu01:2716044:0]             sys.c:440  UCX  DEBUG failed to read from /sys/class/infiniband/mlx5_0/ports/1/gid_attrs/types/39: Invalid argument
[1754990890.562455] [idcgpu01:2716044:0]        ud_iface.c:380  UCX  DEBUG iface 0x555556159010: adding gid fe80::6415:d5ff:fe8f:6ac4 to hash on device mlx5_0 port 1 index 39)
[1754990890.562470] [idcgpu01:2716044:0]             sys.c:440  UCX  DEBUG failed to read from /sys/class/infiniband/mlx5_0/ports/1/gid_attrs/types/40: Invalid argument
[1754990890.562474] [idcgpu01:2716044:0]        ud_iface.c:380  UCX  DEBUG iface 0x555556159010: adding gid ::ffff:192.168.100.87 to hash on device mlx5_0 port 1 index 40)
[1754990890.562488] [idcgpu01:2716044:0]             sys.c:440  UCX  DEBUG failed to read from /sys/class/infiniband/mlx5_0/ports/1/gid_attrs/types/41: Invalid argument
[1754990890.562492] [idcgpu01:2716044:0]        ud_iface.c:380  UCX  DEBUG iface 0x555556159010: adding gid ::ffff:192.168.100.87 to hash on device mlx5_0 port 1 index 41)
[1754990890.562507] [idcgpu01:2716044:0]             sys.c:440  UCX  DEBUG failed to read from /sys/class/infiniband/mlx5_0/ports/1/gid_attrs/types/42: Invalid argument
[1754990890.562511] [idcgpu01:2716044:0]        ud_iface.c:380  UCX  DEBUG iface 0x555556159010: adding gid fe80::9041:e4ff:fef0:4a73 to hash on device mlx5_0 port 1 index 42)
[1754990890.562524] [idcgpu01:2716044:0]             sys.c:440  UCX  DEBUG failed to read from /sys/class/infiniband/mlx5_0/ports/1/gid_attrs/types/43: Invalid argument
[1754990890.562533] [idcgpu01:2716044:0]        ud_iface.c:380  UCX  DEBUG iface 0x555556159010: adding gid fe80::9041:e4ff:fef0:4a73 to hash on device mlx5_0 port 1 index 43)
[1754990890.562547] [idcgpu01:2716044:0]             sys.c:440  UCX  DEBUG failed to read from /sys/class/infiniband/mlx5_0/ports/1/gid_attrs/types/44: Invalid argument
[1754990890.562551] [idcgpu01:2716044:0]        ud_iface.c:380  UCX  DEBUG iface 0x555556159010: adding gid ::ffff:192.168.100.125 to hash on device mlx5_0 port 1 index 44)
[1754990890.562565] [idcgpu01:2716044:0]             sys.c:440  UCX  DEBUG failed to read from /sys/class/infiniband/mlx5_0/ports/1/gid_attrs/types/45: Invalid argument
[1754990890.562569] [idcgpu01:2716044:0]        ud_iface.c:380  UCX  DEBUG iface 0x555556159010: adding gid ::ffff:192.168.100.125 to hash on device mlx5_0 port 1 index 45)
[1754990890.562583] [idcgpu01:2716044:0]             sys.c:440  UCX  DEBUG failed to read from /sys/class/infiniband/mlx5_0/ports/1/gid_attrs/types/46: Invalid argument
[1754990890.562587] [idcgpu01:2716044:0]        ud_iface.c:380  UCX  DEBUG iface 0x555556159010: adding gid fe80::70f9:a7ff:fe1c:3bfe to hash on device mlx5_0 port 1 index 46)
[1754990890.562601] [idcgpu01:2716044:0]             sys.c:440  UCX  DEBUG failed to read from /sys/class/infiniband/mlx5_0/ports/1/gid_attrs/types/47: Invalid argument
[1754990890.562605] [idcgpu01:2716044:0]        ud_iface.c:380  UCX  DEBUG iface 0x555556159010: adding gid fe80::70f9:a7ff:fe1c:3bfe to hash on device mlx5_0 port 1 index 47)
[1754990890.562618] [idcgpu01:2716044:0]             sys.c:440  UCX  DEBUG failed to read from /sys/class/infiniband/mlx5_0/ports/1/gid_attrs/types/48: Invalid argument
[1754990890.562622] [idcgpu01:2716044:0]        ud_iface.c:380  UCX  DEBUG iface 0x555556159010: adding gid ::ffff:192.168.100.126 to hash on device mlx5_0 port 1 index 48)
[1754990890.562637] [idcgpu01:2716044:0]             sys.c:440  UCX  DEBUG failed to read from /sys/class/infiniband/mlx5_0/ports/1/gid_attrs/types/49: Invalid argument
[1754990890.562641] [idcgpu01:2716044:0]        ud_iface.c:380  UCX  DEBUG iface 0x555556159010: adding gid ::ffff:192.168.100.126 to hash on device mlx5_0 port 1 index 49)
[1754990890.562660] [idcgpu01:2716044:0]             sys.c:440  UCX  DEBUG failed to read from /sys/class/infiniband/mlx5_0/ports/1/gid_attrs/types/50: Invalid argument
[1754990890.562664] [idcgpu01:2716044:0]        ud_iface.c:380  UCX  DEBUG iface 0x555556159010: adding gid fe80::6cac:c7ff:fefc:fee6 to hash on device mlx5_0 port 1 index 50)
[1754990890.562678] [idcgpu01:2716044:0]             sys.c:440  UCX  DEBUG failed to read from /sys/class/infiniband/mlx5_0/ports/1/gid_attrs/types/51: Invalid argument
[1754990890.562682] [idcgpu01:2716044:0]        ud_iface.c:380  UCX  DEBUG iface 0x555556159010: adding gid fe80::6cac:c7ff:fefc:fee6 to hash on device mlx5_0 port 1 index 51)
[1754990890.562695] [idcgpu01:2716044:0]             sys.c:440  UCX  DEBUG failed to read from /sys/class/infiniband/mlx5_0/ports/1/gid_attrs/types/52: Invalid argument
[1754990890.562700] [idcgpu01:2716044:0]        ud_iface.c:380  UCX  DEBUG iface 0x555556159010: adding gid ::ffff:192.168.100.127 to hash on device mlx5_0 port 1 index 52)
[1754990890.562715] [idcgpu01:2716044:0]             sys.c:440  UCX  DEBUG failed to read from /sys/class/infiniband/mlx5_0/ports/1/gid_attrs/types/53: Invalid argument
[1754990890.562719] [idcgpu01:2716044:0]        ud_iface.c:380  UCX  DEBUG iface 0x555556159010: adding gid ::ffff:192.168.100.127 to hash on device mlx5_0 port 1 index 53)
[1754990890.562733] [idcgpu01:2716044:0]             sys.c:440  UCX  DEBUG failed to read from /sys/class/infiniband/mlx5_0/ports/1/gid_attrs/types/54: Invalid argument
[1754990890.562737] [idcgpu01:2716044:0]        ud_iface.c:380  UCX  DEBUG iface 0x555556159010: adding gid fe80::e0b0:26ff:fefd:d72d to hash on device mlx5_0 port 1 index 54)
[1754990890.562752] [idcgpu01:2716044:0]             sys.c:440  UCX  DEBUG failed to read from /sys/class/infiniband/mlx5_0/ports/1/gid_attrs/types/55: Invalid argument
[1754990890.562761] [idcgpu01:2716044:0]        ud_iface.c:380  UCX  DEBUG iface 0x555556159010: adding gid fe80::e0b0:26ff:fefd:d72d to hash on device mlx5_0 port 1 index 55)
[1754990890.562775] [idcgpu01:2716044:0]             sys.c:440  UCX  DEBUG failed to read from /sys/class/infiniband/mlx5_0/ports/1/gid_attrs/types/56: Invalid argument
[1754990890.562780] [idcgpu01:2716044:0]        ud_iface.c:380  UCX  DEBUG iface 0x555556159010: adding gid ::ffff:192.168.100.128 to hash on device mlx5_0 port 1 index 56)
[1754990890.562795] [idcgpu01:2716044:0]             sys.c:440  UCX  DEBUG failed to read from /sys/class/infiniband/mlx5_0/ports/1/gid_attrs/types/57: Invalid argument
[1754990890.562799] [idcgpu01:2716044:0]        ud_iface.c:380  UCX  DEBUG iface 0x555556159010: adding gid ::ffff:192.168.100.128 to hash on device mlx5_0 port 1 index 57)
[1754990890.562813] [idcgpu01:2716044:0]             sys.c:440  UCX  DEBUG failed to read from /sys/class/infiniband/mlx5_0/ports/1/gid_attrs/types/58: Invalid argument
[1754990890.562818] [idcgpu01:2716044:0]        ud_iface.c:380  UCX  DEBUG iface 0x555556159010: adding gid ::ffff:192.168.100.52 to hash on device mlx5_0 port 1 index 58)
[1754990890.562833] [idcgpu01:2716044:0]             sys.c:440  UCX  DEBUG failed to read from /sys/class/infiniband/mlx5_0/ports/1/gid_attrs/types/59: Invalid argument
[1754990890.562837] [idcgpu01:2716044:0]        ud_iface.c:380  UCX  DEBUG iface 0x555556159010: adding gid ::ffff:192.168.100.52 to hash on device mlx5_0 port 1 index 59)
[1754990890.562852] [idcgpu01:2716044:0]             sys.c:440  UCX  DEBUG failed to read from /sys/class/infiniband/mlx5_0/ports/1/gid_attrs/types/60: Invalid argument
[1754990890.562856] [idcgpu01:2716044:0]        ud_iface.c:380  UCX  DEBUG iface 0x555556159010: adding gid fe80::d0bb:34ff:feea:7cdd to hash on device mlx5_0 port 1 index 60)
[1754990890.562871] [idcgpu01:2716044:0]             sys.c:440  UCX  DEBUG failed to read from /sys/class/infiniband/mlx5_0/ports/1/gid_attrs/types/61: Invalid argument
[1754990890.562875] [idcgpu01:2716044:0]        ud_iface.c:380  UCX  DEBUG iface 0x555556159010: adding gid fe80::d0bb:34ff:feea:7cdd to hash on device mlx5_0 port 1 index 61)
[1754990890.562891] [idcgpu01:2716044:0]             sys.c:440  UCX  DEBUG failed to read from /sys/class/infiniband/mlx5_0/ports/1/gid_attrs/types/62: Invalid argument
[1754990890.562901] [idcgpu01:2716044:0]        ud_iface.c:380  UCX  DEBUG iface 0x555556159010: adding gid ::ffff:192.168.100.129 to hash on device mlx5_0 port 1 index 62)
[1754990890.562915] [idcgpu01:2716044:0]             sys.c:440  UCX  DEBUG failed to read from /sys/class/infiniband/mlx5_0/ports/1/gid_attrs/types/63: Invalid argument
[1754990890.562919] [idcgpu01:2716044:0]        ud_iface.c:380  UCX  DEBUG iface 0x555556159010: adding gid ::ffff:192.168.100.129 to hash on device mlx5_0 port 1 index 63)
[1754990890.562934] [idcgpu01:2716044:0]             sys.c:440  UCX  DEBUG failed to read from /sys/class/infiniband/mlx5_0/ports/1/gid_attrs/types/64: Invalid argument
[1754990890.562938] [idcgpu01:2716044:0]        ud_iface.c:380  UCX  DEBUG iface 0x555556159010: adding gid ::ffff:192.168.100.81 to hash on device mlx5_0 port 1 index 64)
[1754990890.562952] [idcgpu01:2716044:0]             sys.c:440  UCX  DEBUG failed to read from /sys/class/infiniband/mlx5_0/ports/1/gid_attrs/types/65: Invalid argument
[1754990890.562956] [idcgpu01:2716044:0]        ud_iface.c:380  UCX  DEBUG iface 0x555556159010: adding gid ::ffff:192.168.100.81 to hash on device mlx5_0 port 1 index 65)
[1754990890.562972] [idcgpu01:2716044:0]             sys.c:440  UCX  DEBUG failed to read from /sys/class/infiniband/mlx5_0/ports/1/gid_attrs/types/66: Invalid argument
[1754990890.562976] [idcgpu01:2716044:0]        ud_iface.c:380  UCX  DEBUG iface 0x555556159010: adding gid fe80::842e:79ff:febd:6dbc to hash on device mlx5_0 port 1 index 66)
[1754990890.562992] [idcgpu01:2716044:0]             sys.c:440  UCX  DEBUG failed to read from /sys/class/infiniband/mlx5_0/ports/1/gid_attrs/types/67: Invalid argument
[1754990890.563003] [idcgpu01:2716044:0]        ud_iface.c:380  UCX  DEBUG iface 0x555556159010: adding gid fe80::842e:79ff:febd:6dbc to hash on device mlx5_0 port 1 index 67)
[1754990890.563017] [idcgpu01:2716044:0]             sys.c:440  UCX  DEBUG failed to read from /sys/class/infiniband/mlx5_0/ports/1/gid_attrs/types/68: Invalid argument
[1754990890.563021] [idcgpu01:2716044:0]        ud_iface.c:380  UCX  DEBUG iface 0x555556159010: adding gid ::ffff:192.168.100.130 to hash on device mlx5_0 port 1 index 68)
[1754990890.563036] [idcgpu01:2716044:0]             sys.c:440  UCX  DEBUG failed to read from /sys/class/infiniband/mlx5_0/ports/1/gid_attrs/types/69: Invalid argument
[1754990890.563040] [idcgpu01:2716044:0]        ud_iface.c:380  UCX  DEBUG iface 0x555556159010: adding gid ::ffff:192.168.100.130 to hash on device mlx5_0 port 1 index 69)
[1754990890.563058] [idcgpu01:2716044:0]             sys.c:440  UCX  DEBUG failed to read from /sys/class/infiniband/mlx5_0/ports/1/gid_attrs/types/70: Invalid argument
[1754990890.563063] [idcgpu01:2716044:0]        ud_iface.c:380  UCX  DEBUG iface 0x555556159010: adding gid fe80::d48a:84ff:fea1:2386 to hash on device mlx5_0 port 1 index 70)
[1754990890.563076] [idcgpu01:2716044:0]             sys.c:440  UCX  DEBUG failed to read from /sys/class/infiniband/mlx5_0/ports/1/gid_attrs/types/71: Invalid argument
[1754990890.563080] [idcgpu01:2716044:0]        ud_iface.c:380  UCX  DEBUG iface 0x555556159010: adding gid fe80::d48a:84ff:fea1:2386 to hash on device mlx5_0 port 1 index 71)
[1754990890.563096] [idcgpu01:2716044:0]             sys.c:440  UCX  DEBUG failed to read from /sys/class/infiniband/mlx5_0/ports/1/gid_attrs/types/72: Invalid argument
[1754990890.563101] [idcgpu01:2716044:0]        ud_iface.c:380  UCX  DEBUG iface 0x555556159010: adding gid ::ffff:192.168.100.85 to hash on device mlx5_0 port 1 index 72)
[1754990890.563116] [idcgpu01:2716044:0]             sys.c:440  UCX  DEBUG failed to read from /sys/class/infiniband/mlx5_0/ports/1/gid_attrs/types/73: Invalid argument
[1754990890.563120] [idcgpu01:2716044:0]        ud_iface.c:380  UCX  DEBUG iface 0x555556159010: adding gid ::ffff:192.168.100.85 to hash on device mlx5_0 port 1 index 73)
[1754990890.563136] [idcgpu01:2716044:0]             sys.c:440  UCX  DEBUG failed to read from /sys/class/infiniband/mlx5_0/ports/1/gid_attrs/types/74: Invalid argument
[1754990890.563141] [idcgpu01:2716044:0]        ud_iface.c:380  UCX  DEBUG iface 0x555556159010: adding gid fe80::58b5:9fff:fe79:9bdc to hash on device mlx5_0 port 1 index 74)
[1754990890.563154] [idcgpu01:2716044:0]             sys.c:440  UCX  DEBUG failed to read from /sys/class/infiniband/mlx5_0/ports/1/gid_attrs/types/75: Invalid argument
[1754990890.563158] [idcgpu01:2716044:0]        ud_iface.c:380  UCX  DEBUG iface 0x555556159010: adding gid fe80::58b5:9fff:fe79:9bdc to hash on device mlx5_0 port 1 index 75)
[1754990890.563172] [idcgpu01:2716044:0]             sys.c:440  UCX  DEBUG failed to read from /sys/class/infiniband/mlx5_0/ports/1/gid_attrs/types/76: Invalid argument
[1754990890.563188] [idcgpu01:2716044:0]             sys.c:440  UCX  DEBUG failed to read from /sys/class/infiniband/mlx5_0/ports/1/gid_attrs/types/77: Invalid argument
[1754990890.563205] [idcgpu01:2716044:0]             sys.c:440  UCX  DEBUG failed to read from /sys/class/infiniband/mlx5_0/ports/1/gid_attrs/types/78: Invalid argument
[1754990890.563219] [idcgpu01:2716044:0]             sys.c:440  UCX  DEBUG failed to read from /sys/class/infiniband/mlx5_0/ports/1/gid_attrs/types/79: Invalid argument
[1754990890.563235] [idcgpu01:2716044:0]             sys.c:440  UCX  DEBUG failed to read from /sys/class/infiniband/mlx5_0/ports/1/gid_attrs/types/80: Invalid argument
[1754990890.563250] [idcgpu01:2716044:0]             sys.c:440  UCX  DEBUG failed to read from /sys/class/infiniband/mlx5_0/ports/1/gid_attrs/types/81: Invalid argument
[1754990890.563271] [idcgpu01:2716044:0]             sys.c:440  UCX  DEBUG failed to read from /sys/class/infiniband/mlx5_0/ports/1/gid_attrs/types/82: Invalid argument
[1754990890.563286] [idcgpu01:2716044:0]             sys.c:440  UCX  DEBUG failed to read from /sys/class/infiniband/mlx5_0/ports/1/gid_attrs/types/83: Invalid argument
[1754990890.563303] [idcgpu01:2716044:0]             sys.c:440  UCX  DEBUG failed to read from /sys/class/infiniband/mlx5_0/ports/1/gid_attrs/types/84: Invalid argument
[1754990890.563318] [idcgpu01:2716044:0]             sys.c:440  UCX  DEBUG failed to read from /sys/class/infiniband/mlx5_0/ports/1/gid_attrs/types/85: Invalid argument
[1754990890.563332] [idcgpu01:2716044:0]             sys.c:440  UCX  DEBUG failed to read from /sys/class/infiniband/mlx5_0/ports/1/gid_attrs/types/86: Invalid argument
[1754990890.563347] [idcgpu01:2716044:0]             sys.c:440  UCX  DEBUG failed to read from /sys/class/infiniband/mlx5_0/ports/1/gid_attrs/types/87: Invalid argument
[1754990890.563361] [idcgpu01:2716044:0]             sys.c:440  UCX  DEBUG failed to read from /sys/class/infiniband/mlx5_0/ports/1/gid_attrs/types/88: Invalid argument
[1754990890.563376] [idcgpu01:2716044:0]             sys.c:440  UCX  DEBUG failed to read from /sys/class/infiniband/mlx5_0/ports/1/gid_attrs/types/89: Invalid argument
[1754990890.563391] [idcgpu01:2716044:0]             sys.c:440  UCX  DEBUG failed to read from /sys/class/infiniband/mlx5_0/ports/1/gid_attrs/types/90: Invalid argument
[1754990890.563406] [idcgpu01:2716044:0]             sys.c:440  UCX  DEBUG failed to read from /sys/class/infiniband/mlx5_0/ports/1/gid_attrs/types/91: Invalid argument
[1754990890.563423] [idcgpu01:2716044:0]             sys.c:440  UCX  DEBUG failed to read from /sys/class/infiniband/mlx5_0/ports/1/gid_attrs/types/92: Invalid argument
[1754990890.563437] [idcgpu01:2716044:0]             sys.c:440  UCX  DEBUG failed to read from /sys/class/infiniband/mlx5_0/ports/1/gid_attrs/types/93: Invalid argument
[1754990890.563453] [idcgpu01:2716044:0]             sys.c:440  UCX  DEBUG failed to read from /sys/class/infiniband/mlx5_0/ports/1/gid_attrs/types/94: Invalid argument
[1754990890.563467] [idcgpu01:2716044:0]             sys.c:440  UCX  DEBUG failed to read from /sys/class/infiniband/mlx5_0/ports/1/gid_attrs/types/95: Invalid argument
[1754990890.563483] [idcgpu01:2716044:0]             sys.c:440  UCX  DEBUG failed to read from /sys/class/infiniband/mlx5_0/ports/1/gid_attrs/types/96: Invalid argument
[1754990890.563498] [idcgpu01:2716044:0]             sys.c:440  UCX  DEBUG failed to read from /sys/class/infiniband/mlx5_0/ports/1/gid_attrs/types/97: Invalid argument
[1754990890.563514] [idcgpu01:2716044:0]             sys.c:440  UCX  DEBUG failed to read from /sys/class/infiniband/mlx5_0/ports/1/gid_attrs/types/98: Invalid argument
[1754990890.563528] [idcgpu01:2716044:0]             sys.c:440  UCX  DEBUG failed to read from /sys/class/infiniband/mlx5_0/ports/1/gid_attrs/types/99: Invalid argument
[1754990890.563543] [idcgpu01:2716044:0]             sys.c:440  UCX  DEBUG failed to read from /sys/class/infiniband/mlx5_0/ports/1/gid_attrs/types/100: Invalid argument
[1754990890.563559] [idcgpu01:2716044:0]             sys.c:440  UCX  DEBUG failed to read from /sys/class/infiniband/mlx5_0/ports/1/gid_attrs/types/101: Invalid argument
[1754990890.563574] [idcgpu01:2716044:0]             sys.c:440  UCX  DEBUG failed to read from /sys/class/infiniband/mlx5_0/ports/1/gid_attrs/types/102: Invalid argument
[1754990890.563590] [idcgpu01:2716044:0]             sys.c:440  UCX  DEBUG failed to read from /sys/class/infiniband/mlx5_0/ports/1/gid_attrs/types/103: Invalid argument
[1754990890.563605] [idcgpu01:2716044:0]             sys.c:440  UCX  DEBUG failed to read from /sys/class/infiniband/mlx5_0/ports/1/gid_attrs/types/104: Invalid argument
[1754990890.563619] [idcgpu01:2716044:0]             sys.c:440  UCX  DEBUG failed to read from /sys/class/infiniband/mlx5_0/ports/1/gid_attrs/types/105: Invalid argument
[1754990890.563636] [idcgpu01:2716044:0]             sys.c:440  UCX  DEBUG failed to read from /sys/class/infiniband/mlx5_0/ports/1/gid_attrs/types/106: Invalid argument
[1754990890.563655] [idcgpu01:2716044:0]             sys.c:440  UCX  DEBUG failed to read from /sys/class/infiniband/mlx5_0/ports/1/gid_attrs/types/107: Invalid argument
[1754990890.563671] [idcgpu01:2716044:0]             sys.c:440  UCX  DEBUG failed to read from /sys/class/infiniband/mlx5_0/ports/1/gid_attrs/types/108: Invalid argument
[1754990890.563685] [idcgpu01:2716044:0]             sys.c:440  UCX  DEBUG failed to read from /sys/class/infiniband/mlx5_0/ports/1/gid_attrs/types/109: Invalid argument
[1754990890.563702] [idcgpu01:2716044:0]             sys.c:440  UCX  DEBUG failed to read from /sys/class/infiniband/mlx5_0/ports/1/gid_attrs/types/110: Invalid argument
[1754990890.563717] [idcgpu01:2716044:0]             sys.c:440  UCX  DEBUG failed to read from /sys/class/infiniband/mlx5_0/ports/1/gid_attrs/types/111: Invalid argument
[1754990890.563733] [idcgpu01:2716044:0]             sys.c:440  UCX  DEBUG failed to read from /sys/class/infiniband/mlx5_0/ports/1/gid_attrs/types/112: Invalid argument
[1754990890.563749] [idcgpu01:2716044:0]             sys.c:440  UCX  DEBUG failed to read from /sys/class/infiniband/mlx5_0/ports/1/gid_attrs/types/113: Invalid argument
[1754990890.563765] [idcgpu01:2716044:0]             sys.c:440  UCX  DEBUG failed to read from /sys/class/infiniband/mlx5_0/ports/1/gid_attrs/types/114: Invalid argument
[1754990890.563782] [idcgpu01:2716044:0]             sys.c:440  UCX  DEBUG failed to read from /sys/class/infiniband/mlx5_0/ports/1/gid_attrs/types/115: Invalid argument
[1754990890.563797] [idcgpu01:2716044:0]             sys.c:440  UCX  DEBUG failed to read from /sys/class/infiniband/mlx5_0/ports/1/gid_attrs/types/116: Invalid argument
[1754990890.563813] [idcgpu01:2716044:0]             sys.c:440  UCX  DEBUG failed to read from /sys/class/infiniband/mlx5_0/ports/1/gid_attrs/types/117: Invalid argument
[1754990890.563828] [idcgpu01:2716044:0]             sys.c:440  UCX  DEBUG failed to read from /sys/class/infiniband/mlx5_0/ports/1/gid_attrs/types/118: Invalid argument
[1754990890.563845] [idcgpu01:2716044:0]             sys.c:440  UCX  DEBUG failed to read from /sys/class/infiniband/mlx5_0/ports/1/gid_attrs/types/119: Invalid argument
[1754990890.563862] [idcgpu01:2716044:0]             sys.c:440  UCX  DEBUG failed to read from /sys/class/infiniband/mlx5_0/ports/1/gid_attrs/types/120: Invalid argument
[1754990890.563878] [idcgpu01:2716044:0]             sys.c:440  UCX  DEBUG failed to read from /sys/class/infiniband/mlx5_0/ports/1/gid_attrs/types/121: Invalid argument
[1754990890.563898] [idcgpu01:2716044:0]             sys.c:440  UCX  DEBUG failed to read from /sys/class/infiniband/mlx5_0/ports/1/gid_attrs/types/122: Invalid argument
[1754990890.563913] [idcgpu01:2716044:0]             sys.c:440  UCX  DEBUG failed to read from /sys/class/infiniband/mlx5_0/ports/1/gid_attrs/types/123: Invalid argument
[1754990890.563927] [idcgpu01:2716044:0]             sys.c:440  UCX  DEBUG failed to read from /sys/class/infiniband/mlx5_0/ports/1/gid_attrs/types/124: Invalid argument
[1754990890.563943] [idcgpu01:2716044:0]             sys.c:440  UCX  DEBUG failed to read from /sys/class/infiniband/mlx5_0/ports/1/gid_attrs/types/125: Invalid argument
[1754990890.563959] [idcgpu01:2716044:0]             sys.c:440  UCX  DEBUG failed to read from /sys/class/infiniband/mlx5_0/ports/1/gid_attrs/types/126: Invalid argument
[1754990890.563976] [idcgpu01:2716044:0]             sys.c:440  UCX  DEBUG failed to read from /sys/class/infiniband/mlx5_0/ports/1/gid_attrs/types/127: Invalid argument
[1754990890.563992] [idcgpu01:2716044:0]             sys.c:440  UCX  DEBUG failed to read from /sys/class/infiniband/mlx5_0/ports/1/gid_attrs/types/128: Invalid argument
[1754990890.564007] [idcgpu01:2716044:0]             sys.c:440  UCX  DEBUG failed to read from /sys/class/infiniband/mlx5_0/ports/1/gid_attrs/types/129: Invalid argument
[1754990890.564023] [idcgpu01:2716044:0]             sys.c:440  UCX  DEBUG failed to read from /sys/class/infiniband/mlx5_0/ports/1/gid_attrs/types/130: Invalid argument
[1754990890.564044] [idcgpu01:2716044:0]             sys.c:440  UCX  DEBUG failed to read from /sys/class/infiniband/mlx5_0/ports/1/gid_attrs/types/131: Invalid argument
[1754990890.564058] [idcgpu01:2716044:0]             sys.c:440  UCX  DEBUG failed to read from /sys/class/infiniband/mlx5_0/ports/1/gid_attrs/types/132: Invalid argument
[1754990890.564073] [idcgpu01:2716044:0]             sys.c:440  UCX  DEBUG failed to read from /sys/class/infiniband/mlx5_0/ports/1/gid_attrs/types/133: Invalid argument
[1754990890.564088] [idcgpu01:2716044:0]             sys.c:440  UCX  DEBUG failed to read from /sys/class/infiniband/mlx5_0/ports/1/gid_attrs/types/134: Invalid argument
[1754990890.564103] [idcgpu01:2716044:0]             sys.c:440  UCX  DEBUG failed to read from /sys/class/infiniband/mlx5_0/ports/1/gid_attrs/types/135: Invalid argument
[1754990890.564120] [idcgpu01:2716044:0]             sys.c:440  UCX  DEBUG failed to read from /sys/class/infiniband/mlx5_0/ports/1/gid_attrs/types/136: Invalid argument
[1754990890.564134] [idcgpu01:2716044:0]             sys.c:440  UCX  DEBUG failed to read from /sys/class/infiniband/mlx5_0/ports/1/gid_attrs/types/137: Invalid argument
[1754990890.564150] [idcgpu01:2716044:0]             sys.c:440  UCX  DEBUG failed to read from /sys/class/infiniband/mlx5_0/ports/1/gid_attrs/types/138: Invalid argument
[1754990890.564166] [idcgpu01:2716044:0]             sys.c:440  UCX  DEBUG failed to read from /sys/class/infiniband/mlx5_0/ports/1/gid_attrs/types/139: Invalid argument
[1754990890.564181] [idcgpu01:2716044:0]             sys.c:440  UCX  DEBUG failed to read from /sys/class/infiniband/mlx5_0/ports/1/gid_attrs/types/140: Invalid argument
[1754990890.564196] [idcgpu01:2716044:0]             sys.c:440  UCX  DEBUG failed to read from /sys/class/infiniband/mlx5_0/ports/1/gid_attrs/types/141: Invalid argument
[1754990890.564211] [idcgpu01:2716044:0]             sys.c:440  UCX  DEBUG failed to read from /sys/class/infiniband/mlx5_0/ports/1/gid_attrs/types/142: Invalid argument
[1754990890.564226] [idcgpu01:2716044:0]             sys.c:440  UCX  DEBUG failed to read from /sys/class/infiniband/mlx5_0/ports/1/gid_attrs/types/143: Invalid argument
[1754990890.564241] [idcgpu01:2716044:0]             sys.c:440  UCX  DEBUG failed to read from /sys/class/infiniband/mlx5_0/ports/1/gid_attrs/types/144: Invalid argument
[1754990890.564255] [idcgpu01:2716044:0]             sys.c:440  UCX  DEBUG failed to read from /sys/class/infiniband/mlx5_0/ports/1/gid_attrs/types/145: Invalid argument
[1754990890.564273] [idcgpu01:2716044:0]             sys.c:440  UCX  DEBUG failed to read from /sys/class/infiniband/mlx5_0/ports/1/gid_attrs/types/146: Invalid argument
[1754990890.564287] [idcgpu01:2716044:0]             sys.c:440  UCX  DEBUG failed to read from /sys/class/infiniband/mlx5_0/ports/1/gid_attrs/types/147: Invalid argument
[1754990890.564304] [idcgpu01:2716044:0]             sys.c:440  UCX  DEBUG failed to read from /sys/class/infiniband/mlx5_0/ports/1/gid_attrs/types/148: Invalid argument
[1754990890.564318] [idcgpu01:2716044:0]             sys.c:440  UCX  DEBUG failed to read from /sys/class/infiniband/mlx5_0/ports/1/gid_attrs/types/149: Invalid argument
[1754990890.564333] [idcgpu01:2716044:0]             sys.c:440  UCX  DEBUG failed to read from /sys/class/infiniband/mlx5_0/ports/1/gid_attrs/types/150: Invalid argument
[1754990890.564348] [idcgpu01:2716044:0]             sys.c:440  UCX  DEBUG failed to read from /sys/class/infiniband/mlx5_0/ports/1/gid_attrs/types/151: Invalid argument
[1754990890.564363] [idcgpu01:2716044:0]             sys.c:440  UCX  DEBUG failed to read from /sys/class/infiniband/mlx5_0/ports/1/gid_attrs/types/152: Invalid argument
[1754990890.564377] [idcgpu01:2716044:0]             sys.c:440  UCX  DEBUG failed to read from /sys/class/infiniband/mlx5_0/ports/1/gid_attrs/types/153: Invalid argument
[1754990890.564392] [idcgpu01:2716044:0]             sys.c:440  UCX  DEBUG failed to read from /sys/class/infiniband/mlx5_0/ports/1/gid_attrs/types/154: Invalid argument
[1754990890.564416] [idcgpu01:2716044:0]             sys.c:440  UCX  DEBUG failed to read from /sys/class/infiniband/mlx5_0/ports/1/gid_attrs/types/155: Invalid argument
[1754990890.564430] [idcgpu01:2716044:0]             sys.c:440  UCX  DEBUG failed to read from /sys/class/infiniband/mlx5_0/ports/1/gid_attrs/types/156: Invalid argument
[1754990890.564445] [idcgpu01:2716044:0]             sys.c:440  UCX  DEBUG failed to read from /sys/class/infiniband/mlx5_0/ports/1/gid_attrs/types/157: Invalid argument
[1754990890.564461] [idcgpu01:2716044:0]             sys.c:440  UCX  DEBUG failed to read from /sys/class/infiniband/mlx5_0/ports/1/gid_attrs/types/158: Invalid argument
[1754990890.564476] [idcgpu01:2716044:0]             sys.c:440  UCX  DEBUG failed to read from /sys/class/infiniband/mlx5_0/ports/1/gid_attrs/types/159: Invalid argument
[1754990890.564490] [idcgpu01:2716044:0]             sys.c:440  UCX  DEBUG failed to read from /sys/class/infiniband/mlx5_0/ports/1/gid_attrs/types/160: Invalid argument
[1754990890.564505] [idcgpu01:2716044:0]             sys.c:440  UCX  DEBUG failed to read from /sys/class/infiniband/mlx5_0/ports/1/gid_attrs/types/161: Invalid argument
[1754990890.564522] [idcgpu01:2716044:0]             sys.c:440  UCX  DEBUG failed to read from /sys/class/infiniband/mlx5_0/ports/1/gid_attrs/types/162: Invalid argument
[1754990890.564538] [idcgpu01:2716044:0]             sys.c:440  UCX  DEBUG failed to read from /sys/class/infiniband/mlx5_0/ports/1/gid_attrs/types/163: Invalid argument
[1754990890.564553] [idcgpu01:2716044:0]             sys.c:440  UCX  DEBUG failed to read from /sys/class/infiniband/mlx5_0/ports/1/gid_attrs/types/164: Invalid argument
[1754990890.564568] [idcgpu01:2716044:0]             sys.c:440  UCX  DEBUG failed to read from /sys/class/infiniband/mlx5_0/ports/1/gid_attrs/types/165: Invalid argument
[1754990890.564585] [idcgpu01:2716044:0]             sys.c:440  UCX  DEBUG failed to read from /sys/class/infiniband/mlx5_0/ports/1/gid_attrs/types/166: Invalid argument
[1754990890.564600] [idcgpu01:2716044:0]             sys.c:440  UCX  DEBUG failed to read from /sys/class/infiniband/mlx5_0/ports/1/gid_attrs/types/167: Invalid argument
[1754990890.564617] [idcgpu01:2716044:0]             sys.c:440  UCX  DEBUG failed to read from /sys/class/infiniband/mlx5_0/ports/1/gid_attrs/types/168: Invalid argument
[1754990890.564632] [idcgpu01:2716044:0]             sys.c:440  UCX  DEBUG failed to read from /sys/class/infiniband/mlx5_0/ports/1/gid_attrs/types/169: Invalid argument
[1754990890.564648] [idcgpu01:2716044:0]             sys.c:440  UCX  DEBUG failed to read from /sys/class/infiniband/mlx5_0/ports/1/gid_attrs/types/170: Invalid argument
[1754990890.564662] [idcgpu01:2716044:0]             sys.c:440  UCX  DEBUG failed to read from /sys/class/infiniband/mlx5_0/ports/1/gid_attrs/types/171: Invalid argument
[1754990890.564677] [idcgpu01:2716044:0]             sys.c:440  UCX  DEBUG failed to read from /sys/class/infiniband/mlx5_0/ports/1/gid_attrs/types/172: Invalid argument
[1754990890.564693] [idcgpu01:2716044:0]             sys.c:440  UCX  DEBUG failed to read from /sys/class/infiniband/mlx5_0/ports/1/gid_attrs/types/173: Invalid argument
[1754990890.564709] [idcgpu01:2716044:0]             sys.c:440  UCX  DEBUG failed to read from /sys/class/infiniband/mlx5_0/ports/1/gid_attrs/types/174: Invalid argument
[1754990890.564724] [idcgpu01:2716044:0]             sys.c:440  UCX  DEBUG failed to read from /sys/class/infiniband/mlx5_0/ports/1/gid_attrs/types/175: Invalid argument
[1754990890.564739] [idcgpu01:2716044:0]             sys.c:440  UCX  DEBUG failed to read from /sys/class/infiniband/mlx5_0/ports/1/gid_attrs/types/176: Invalid argument
[1754990890.564754] [idcgpu01:2716044:0]             sys.c:440  UCX  DEBUG failed to read from /sys/class/infiniband/mlx5_0/ports/1/gid_attrs/types/177: Invalid argument
[1754990890.564769] [idcgpu01:2716044:0]             sys.c:440  UCX  DEBUG failed to read from /sys/class/infiniband/mlx5_0/ports/1/gid_attrs/types/178: Invalid argument
[1754990890.564789] [idcgpu01:2716044:0]             sys.c:440  UCX  DEBUG failed to read from /sys/class/infiniband/mlx5_0/ports/1/gid_attrs/types/179: Invalid argument
[1754990890.564804] [idcgpu01:2716044:0]             sys.c:440  UCX  DEBUG failed to read from /sys/class/infiniband/mlx5_0/ports/1/gid_attrs/types/180: Invalid argument
[1754990890.564820] [idcgpu01:2716044:0]             sys.c:440  UCX  DEBUG failed to read from /sys/class/infiniband/mlx5_0/ports/1/gid_attrs/types/181: Invalid argument
[1754990890.564835] [idcgpu01:2716044:0]             sys.c:440  UCX  DEBUG failed to read from /sys/class/infiniband/mlx5_0/ports/1/gid_attrs/types/182: Invalid argument
[1754990890.564851] [idcgpu01:2716044:0]             sys.c:440  UCX  DEBUG failed to read from /sys/class/infiniband/mlx5_0/ports/1/gid_attrs/types/183: Invalid argument
[1754990890.564865] [idcgpu01:2716044:0]             sys.c:440  UCX  DEBUG failed to read from /sys/class/infiniband/mlx5_0/ports/1/gid_attrs/types/184: Invalid argument
[1754990890.564880] [idcgpu01:2716044:0]             sys.c:440  UCX  DEBUG failed to read from /sys/class/infiniband/mlx5_0/ports/1/gid_attrs/types/185: Invalid argument
[1754990890.564902] [idcgpu01:2716044:0]             sys.c:440  UCX  DEBUG failed to read from /sys/class/infiniband/mlx5_0/ports/1/gid_attrs/types/186: Invalid argument
[1754990890.564917] [idcgpu01:2716044:0]             sys.c:440  UCX  DEBUG failed to read from /sys/class/infiniband/mlx5_0/ports/1/gid_attrs/types/187: Invalid argument
[1754990890.564931] [idcgpu01:2716044:0]             sys.c:440  UCX  DEBUG failed to read from /sys/class/infiniband/mlx5_0/ports/1/gid_attrs/types/188: Invalid argument
[1754990890.564946] [idcgpu01:2716044:0]             sys.c:440  UCX  DEBUG failed to read from /sys/class/infiniband/mlx5_0/ports/1/gid_attrs/types/189: Invalid argument
[1754990890.564960] [idcgpu01:2716044:0]             sys.c:440  UCX  DEBUG failed to read from /sys/class/infiniband/mlx5_0/ports/1/gid_attrs/types/190: Invalid argument
[1754990890.564975] [idcgpu01:2716044:0]             sys.c:440  UCX  DEBUG failed to read from /sys/class/infiniband/mlx5_0/ports/1/gid_attrs/types/191: Invalid argument
[1754990890.564989] [idcgpu01:2716044:0]             sys.c:440  UCX  DEBUG failed to read from /sys/class/infiniband/mlx5_0/ports/1/gid_attrs/types/192: Invalid argument
[1754990890.565003] [idcgpu01:2716044:0]             sys.c:440  UCX  DEBUG failed to read from /sys/class/infiniband/mlx5_0/ports/1/gid_attrs/types/193: Invalid argument
[1754990890.565018] [idcgpu01:2716044:0]             sys.c:440  UCX  DEBUG failed to read from /sys/class/infiniband/mlx5_0/ports/1/gid_attrs/types/194: Invalid argument
[1754990890.565032] [idcgpu01:2716044:0]             sys.c:440  UCX  DEBUG failed to read from /sys/class/infiniband/mlx5_0/ports/1/gid_attrs/types/195: Invalid argument
[1754990890.565046] [idcgpu01:2716044:0]             sys.c:440  UCX  DEBUG failed to read from /sys/class/infiniband/mlx5_0/ports/1/gid_attrs/types/196: Invalid argument
[1754990890.565062] [idcgpu01:2716044:0]             sys.c:440  UCX  DEBUG failed to read from /sys/class/infiniband/mlx5_0/ports/1/gid_attrs/types/197: Invalid argument
[1754990890.565077] [idcgpu01:2716044:0]             sys.c:440  UCX  DEBUG failed to read from /sys/class/infiniband/mlx5_0/ports/1/gid_attrs/types/198: Invalid argument
[1754990890.565092] [idcgpu01:2716044:0]             sys.c:440  UCX  DEBUG failed to read from /sys/class/infiniband/mlx5_0/ports/1/gid_attrs/types/199: Invalid argument
[1754990890.565107] [idcgpu01:2716044:0]             sys.c:440  UCX  DEBUG failed to read from /sys/class/infiniband/mlx5_0/ports/1/gid_attrs/types/200: Invalid argument
[1754990890.565121] [idcgpu01:2716044:0]             sys.c:440  UCX  DEBUG failed to read from /sys/class/infiniband/mlx5_0/ports/1/gid_attrs/types/201: Invalid argument
[1754990890.565137] [idcgpu01:2716044:0]             sys.c:440  UCX  DEBUG failed to read from /sys/class/infiniband/mlx5_0/ports/1/gid_attrs/types/202: Invalid argument
[1754990890.565158] [idcgpu01:2716044:0]             sys.c:440  UCX  DEBUG failed to read from /sys/class/infiniband/mlx5_0/ports/1/gid_attrs/types/203: Invalid argument
[1754990890.565174] [idcgpu01:2716044:0]             sys.c:440  UCX  DEBUG failed to read from /sys/class/infiniband/mlx5_0/ports/1/gid_attrs/types/204: Invalid argument
[1754990890.565188] [idcgpu01:2716044:0]             sys.c:440  UCX  DEBUG failed to read from /sys/class/infiniband/mlx5_0/ports/1/gid_attrs/types/205: Invalid argument
[1754990890.565205] [idcgpu01:2716044:0]             sys.c:440  UCX  DEBUG failed to read from /sys/class/infiniband/mlx5_0/ports/1/gid_attrs/types/206: Invalid argument
[1754990890.565219] [idcgpu01:2716044:0]             sys.c:440  UCX  DEBUG failed to read from /sys/class/infiniband/mlx5_0/ports/1/gid_attrs/types/207: Invalid argument
[1754990890.565235] [idcgpu01:2716044:0]             sys.c:440  UCX  DEBUG failed to read from /sys/class/infiniband/mlx5_0/ports/1/gid_attrs/types/208: Invalid argument
[1754990890.565248] [idcgpu01:2716044:0]             sys.c:440  UCX  DEBUG failed to read from /sys/class/infiniband/mlx5_0/ports/1/gid_attrs/types/209: Invalid argument
[1754990890.565264] [idcgpu01:2716044:0]             sys.c:440  UCX  DEBUG failed to read from /sys/class/infiniband/mlx5_0/ports/1/gid_attrs/types/210: Invalid argument
[1754990890.565278] [idcgpu01:2716044:0]             sys.c:440  UCX  DEBUG failed to read from /sys/class/infiniband/mlx5_0/ports/1/gid_attrs/types/211: Invalid argument
[1754990890.565294] [idcgpu01:2716044:0]             sys.c:440  UCX  DEBUG failed to read from /sys/class/infiniband/mlx5_0/ports/1/gid_attrs/types/212: Invalid argument
[1754990890.565308] [idcgpu01:2716044:0]             sys.c:440  UCX  DEBUG failed to read from /sys/class/infiniband/mlx5_0/ports/1/gid_attrs/types/213: Invalid argument
[1754990890.565323] [idcgpu01:2716044:0]             sys.c:440  UCX  DEBUG failed to read from /sys/class/infiniband/mlx5_0/ports/1/gid_attrs/types/214: Invalid argument
[1754990890.565337] [idcgpu01:2716044:0]             sys.c:440  UCX  DEBUG failed to read from /sys/class/infiniband/mlx5_0/ports/1/gid_attrs/types/215: Invalid argument
[1754990890.565351] [idcgpu01:2716044:0]             sys.c:440  UCX  DEBUG failed to read from /sys/class/infiniband/mlx5_0/ports/1/gid_attrs/types/216: Invalid argument
[1754990890.565364] [idcgpu01:2716044:0]             sys.c:440  UCX  DEBUG failed to read from /sys/class/infiniband/mlx5_0/ports/1/gid_attrs/types/217: Invalid argument
[1754990890.565378] [idcgpu01:2716044:0]             sys.c:440  UCX  DEBUG failed to read from /sys/class/infiniband/mlx5_0/ports/1/gid_attrs/types/218: Invalid argument
[1754990890.565392] [idcgpu01:2716044:0]             sys.c:440  UCX  DEBUG failed to read from /sys/class/infiniband/mlx5_0/ports/1/gid_attrs/types/219: Invalid argument
[1754990890.565405] [idcgpu01:2716044:0]             sys.c:440  UCX  DEBUG failed to read from /sys/class/infiniband/mlx5_0/ports/1/gid_attrs/types/220: Invalid argument
[1754990890.565420] [idcgpu01:2716044:0]             sys.c:440  UCX  DEBUG failed to read from /sys/class/infiniband/mlx5_0/ports/1/gid_attrs/types/221: Invalid argument
[1754990890.565434] [idcgpu01:2716044:0]             sys.c:440  UCX  DEBUG failed to read from /sys/class/infiniband/mlx5_0/ports/1/gid_attrs/types/222: Invalid argument
[1754990890.565448] [idcgpu01:2716044:0]             sys.c:440  UCX  DEBUG failed to read from /sys/class/infiniband/mlx5_0/ports/1/gid_attrs/types/223: Invalid argument
[1754990890.565462] [idcgpu01:2716044:0]             sys.c:440  UCX  DEBUG failed to read from /sys/class/infiniband/mlx5_0/ports/1/gid_attrs/types/224: Invalid argument
[1754990890.565476] [idcgpu01:2716044:0]             sys.c:440  UCX  DEBUG failed to read from /sys/class/infiniband/mlx5_0/ports/1/gid_attrs/types/225: Invalid argument
[1754990890.565491] [idcgpu01:2716044:0]             sys.c:440  UCX  DEBUG failed to read from /sys/class/infiniband/mlx5_0/ports/1/gid_attrs/types/226: Invalid argument
[1754990890.565512] [idcgpu01:2716044:0]             sys.c:440  UCX  DEBUG failed to read from /sys/class/infiniband/mlx5_0/ports/1/gid_attrs/types/227: Invalid argument
[1754990890.565526] [idcgpu01:2716044:0]             sys.c:440  UCX  DEBUG failed to read from /sys/class/infiniband/mlx5_0/ports/1/gid_attrs/types/228: Invalid argument
[1754990890.565539] [idcgpu01:2716044:0]             sys.c:440  UCX  DEBUG failed to read from /sys/class/infiniband/mlx5_0/ports/1/gid_attrs/types/229: Invalid argument
[1754990890.565554] [idcgpu01:2716044:0]             sys.c:440  UCX  DEBUG failed to read from /sys/class/infiniband/mlx5_0/ports/1/gid_attrs/types/230: Invalid argument
[1754990890.565568] [idcgpu01:2716044:0]             sys.c:440  UCX  DEBUG failed to read from /sys/class/infiniband/mlx5_0/ports/1/gid_attrs/types/231: Invalid argument
[1754990890.565582] [idcgpu01:2716044:0]             sys.c:440  UCX  DEBUG failed to read from /sys/class/infiniband/mlx5_0/ports/1/gid_attrs/types/232: Invalid argument
[1754990890.565597] [idcgpu01:2716044:0]             sys.c:440  UCX  DEBUG failed to read from /sys/class/infiniband/mlx5_0/ports/1/gid_attrs/types/233: Invalid argument
[1754990890.565611] [idcgpu01:2716044:0]             sys.c:440  UCX  DEBUG failed to read from /sys/class/infiniband/mlx5_0/ports/1/gid_attrs/types/234: Invalid argument
[1754990890.565625] [idcgpu01:2716044:0]             sys.c:440  UCX  DEBUG failed to read from /sys/class/infiniband/mlx5_0/ports/1/gid_attrs/types/235: Invalid argument
[1754990890.565640] [idcgpu01:2716044:0]             sys.c:440  UCX  DEBUG failed to read from /sys/class/infiniband/mlx5_0/ports/1/gid_attrs/types/236: Invalid argument
[1754990890.565655] [idcgpu01:2716044:0]             sys.c:440  UCX  DEBUG failed to read from /sys/class/infiniband/mlx5_0/ports/1/gid_attrs/types/237: Invalid argument
[1754990890.565669] [idcgpu01:2716044:0]             sys.c:440  UCX  DEBUG failed to read from /sys/class/infiniband/mlx5_0/ports/1/gid_attrs/types/238: Invalid argument
[1754990890.565684] [idcgpu01:2716044:0]             sys.c:440  UCX  DEBUG failed to read from /sys/class/infiniband/mlx5_0/ports/1/gid_attrs/types/239: Invalid argument
[1754990890.565697] [idcgpu01:2716044:0]             sys.c:440  UCX  DEBUG failed to read from /sys/class/infiniband/mlx5_0/ports/1/gid_attrs/types/240: Invalid argument
[1754990890.565711] [idcgpu01:2716044:0]             sys.c:440  UCX  DEBUG failed to read from /sys/class/infiniband/mlx5_0/ports/1/gid_attrs/types/241: Invalid argument
[1754990890.565725] [idcgpu01:2716044:0]             sys.c:440  UCX  DEBUG failed to read from /sys/class/infiniband/mlx5_0/ports/1/gid_attrs/types/242: Invalid argument
[1754990890.565738] [idcgpu01:2716044:0]             sys.c:440  UCX  DEBUG failed to read from /sys/class/infiniband/mlx5_0/ports/1/gid_attrs/types/243: Invalid argument
[1754990890.565752] [idcgpu01:2716044:0]             sys.c:440  UCX  DEBUG failed to read from /sys/class/infiniband/mlx5_0/ports/1/gid_attrs/types/244: Invalid argument
[1754990890.565766] [idcgpu01:2716044:0]             sys.c:440  UCX  DEBUG failed to read from /sys/class/infiniband/mlx5_0/ports/1/gid_attrs/types/245: Invalid argument
[1754990890.565781] [idcgpu01:2716044:0]             sys.c:440  UCX  DEBUG failed to read from /sys/class/infiniband/mlx5_0/ports/1/gid_attrs/types/246: Invalid argument
[1754990890.565794] [idcgpu01:2716044:0]             sys.c:440  UCX  DEBUG failed to read from /sys/class/infiniband/mlx5_0/ports/1/gid_attrs/types/247: Invalid argument
[1754990890.565807] [idcgpu01:2716044:0]             sys.c:440  UCX  DEBUG failed to read from /sys/class/infiniband/mlx5_0/ports/1/gid_attrs/types/248: Invalid argument
[1754990890.565821] [idcgpu01:2716044:0]             sys.c:440  UCX  DEBUG failed to read from /sys/class/infiniband/mlx5_0/ports/1/gid_attrs/types/249: Invalid argument
[1754990890.565835] [idcgpu01:2716044:0]             sys.c:440  UCX  DEBUG failed to read from /sys/class/infiniband/mlx5_0/ports/1/gid_attrs/types/250: Invalid argument
[1754990890.565854] [idcgpu01:2716044:0]             sys.c:440  UCX  DEBUG failed to read from /sys/class/infiniband/mlx5_0/ports/1/gid_attrs/types/251: Invalid argument
[1754990890.565868] [idcgpu01:2716044:0]             sys.c:440  UCX  DEBUG failed to read from /sys/class/infiniband/mlx5_0/ports/1/gid_attrs/types/252: Invalid argument
[1754990890.565882] [idcgpu01:2716044:0]             sys.c:440  UCX  DEBUG failed to read from /sys/class/infiniband/mlx5_0/ports/1/gid_attrs/types/253: Invalid argument
[1754990890.565900] [idcgpu01:2716044:0]             sys.c:440  UCX  DEBUG failed to read from /sys/class/infiniband/mlx5_0/ports/1/gid_attrs/types/254: Invalid argument
[1754990890.566131] [idcgpu01:2716044:0]     timer_wheel.c:40   UCX  DEBUG high res timer created log=23 resolution=3993.441837 usec wanted: 2499.999985 usec
[1754990890.566148] [idcgpu01:2716044:0]           async.c:247  UCX  DEBUG added async handler 0x555556087a00 [id=72 ref 1] ???() to hash
[1754990890.566162] [idcgpu01:2716044:0]           async.c:521  UCX  DEBUG listening to async event fd 72 events 0x5 mode thread_spinlock
[1754990890.566271] [idcgpu01:2716044:0]      ucp_worker.c:1434 UCX  DEBUG created interface[10]=0x555556159010 using ud_verbs/mlx5_0:1 on worker 0x5555560608a0
[1754990890.566454] [idcgpu01:2716044:0]        ib_iface.c:1077 UCX  DEBUG using pkey[0] 0xffff on mlx5_0:1/RoCE
[1754990890.566543] [idcgpu01:2716044:0]       ib_device.c:1089 UCX  DEBUG mlx5_0:1 using gid_index 3
[1754990890.566568] [idcgpu01:2716044:0]       ib_device.c:1437 UCX  DEBUG max IB CQE size is 128
[1754990890.566824] [idcgpu01:2716044:0]           mpool.c:281  UCX  DEBUG mpool devx dbrec: allocated chunk 0x5555562f3010 of 8176 bytes with 127 elements
[1754990890.570360] [idcgpu01:2716044:0]        ib_iface.c:1664 UCX  DEBUG created uct_ib_iface_t headroom_ofs 12 payload_ofs 100 hdr_ofs 98 data_sz 8256
[1754990890.570384] [idcgpu01:2716044:0]           mpool.c:136  UCX  DEBUG mpool rc_recv_desc: align 64, maxelems 4294967295, elemsize 8362
[1754990890.570386] [idcgpu01:2716044:0]           mpool.c:136  UCX  DEBUG mpool rc_send_desc: align 64, maxelems 4294967295, elemsize 8336
[1754990890.571815] [idcgpu01:2716044:0]           mpool.c:136  UCX  DEBUG mpool send-ops-mpool: align 64, maxelems 4294967295, elemsize 64
[1754990890.572396] [idcgpu01:2716044:0]           mpool.c:136  UCX  DEBUG mpool pending-ops: align 1, maxelems 4294967295, elemsize 112
[1754990890.572671] [idcgpu01:2716044:0]         ib_mlx5.c:1079 UCX  DEBUG SL=0 (AR support - no) was selected on mlx5_0:1, SLs with AR support = { <none> }, SLs without AR support = { 0, 1, 2, 3, 4, 5, 6, 7, 8, 9, 10, 11, 12, 13, 14, 15 }
[1754990890.573163] [idcgpu01:2716044:0]           mpool.c:136  UCX  DEBUG mpool mlx5_dm_desc: align 64, maxelems 1, elemsize 80
[1754990890.573168] [idcgpu01:2716044:0]           mpool.c:136  UCX  DEBUG mpool rc_mlx5_atomic_desc: align 64, maxelems 4294967295, elemsize 88
[1754990890.573194] [idcgpu01:2716044:0]           async.c:247  UCX  DEBUG added async handler 0x555555feea70 [id=74 ref 1] ???() to hash
[1754990890.573205] [idcgpu01:2716044:0]           async.c:521  UCX  DEBUG listening to async event fd 74 events 0x1 mode thread_spinlock
[1754990890.574853] [idcgpu01:2716044:0]    ib_mlx5dv_md.c:2633 UCX  DEBUG counter_set_id on mlx5_0:1 is 0x3
[1754990890.576028] [idcgpu01:2716044:0]         dc_mlx5.c:406  UCX  DEBUG created DevX DCI 0xc39, rdma_wr_disabled=0
[1754990890.576692] [idcgpu01:2716044:0]         dc_mlx5.c:1726 UCX  DEBUG dc iface 0x5555562ea030: using 'dcs_quota' policy with 32 dcis and 32768 cqes, dct 0x1fe8
[1754990890.576708] [idcgpu01:2716044:0]         dc_mlx5.c:822  UCX  DEBUG creating dci pool 0 with 32 QPs
[1754990890.576710] [idcgpu01:2716044:0]         dc_mlx5.c:804  UCX  DEBUG dci pool config: (path_index=0, max_rd_atomic=64)
[1754990890.585283] [idcgpu01:2716044:0]           mpool.c:281  UCX  DEBUG mpool rc_recv_desc: allocated chunk 0x7fffc4400018 of 39845864 bytes with 4752 elements
[1754990890.585805] [idcgpu01:2716044:0]         dc_mlx5.c:1749 UCX  DEBUG created dc iface 0x5555562ea030
[1754990890.585932] [idcgpu01:2716044:0]      ucp_worker.c:1434 UCX  DEBUG created interface[11]=0x5555562ea030 using dc_mlx5/mlx5_0:1 on worker 0x5555560608a0
[1754990890.586062] [idcgpu01:2716044:0]        ib_iface.c:1077 UCX  DEBUG using pkey[0] 0xffff on mlx5_0:1/RoCE
[1754990890.586152] [idcgpu01:2716044:0]       ib_device.c:1089 UCX  DEBUG mlx5_0:1 using gid_index 3
[1754990890.587480] [idcgpu01:2716044:0]        ib_iface.c:1664 UCX  DEBUG created uct_ib_iface_t headroom_ofs 12 payload_ofs 100 hdr_ofs 98 data_sz 8256
[1754990890.587487] [idcgpu01:2716044:0]           mpool.c:136  UCX  DEBUG mpool rc_recv_desc: align 64, maxelems 4294967295, elemsize 8362
[1754990890.587489] [idcgpu01:2716044:0]           mpool.c:136  UCX  DEBUG mpool rc_send_desc: align 64, maxelems 4294967295, elemsize 8336
[1754990890.587652] [idcgpu01:2716044:0]           mpool.c:136  UCX  DEBUG mpool send-ops-mpool: align 64, maxelems 4294967295, elemsize 64
[1754990890.588193] [idcgpu01:2716044:0]           mpool.c:136  UCX  DEBUG mpool pending-ops: align 1, maxelems 4294967295, elemsize 64
[1754990890.588200] [idcgpu01:2716044:0]         ib_mlx5.c:1079 UCX  DEBUG SL=0 (AR support - no) was selected on mlx5_0:1, SLs with AR support = { <none> }, SLs without AR support = { 0, 1, 2, 3, 4, 5, 6, 7, 8, 9, 10, 11, 12, 13, 14, 15 }
[1754990890.588204] [idcgpu01:2716044:0]           mpool.c:136  UCX  DEBUG mpool rc_mlx5_atomic_desc: align 64, maxelems 4294967295, elemsize 88
[1754990890.588214] [idcgpu01:2716044:0]           async.c:247  UCX  DEBUG added async handler 0x555555ff5500 [id=77 ref 1] ???() to hash
[1754990890.588224] [idcgpu01:2716044:0]           async.c:521  UCX  DEBUG listening to async event fd 77 events 0x1 mode thread_spinlock
[1754990890.588319] [idcgpu01:2716044:0]      ucp_worker.c:1434 UCX  DEBUG created interface[12]=0x55555656d020 using rc_mlx5/mlx5_0:1 on worker 0x5555560608a0
[1754990890.589357] [idcgpu01:2716044:0]        ib_iface.c:1077 UCX  DEBUG using pkey[0] 0xffff on mlx5_0:1/RoCE
[1754990890.589434] [idcgpu01:2716044:0]       ib_device.c:1089 UCX  DEBUG mlx5_0:1 using gid_index 3
[1754990890.590409] [idcgpu01:2716044:0]        ib_iface.c:1664 UCX  DEBUG created uct_ib_iface_t headroom_ofs 12 payload_ofs 100 hdr_ofs 52 data_sz 4136
[1754990890.590785] [idcgpu01:2716044:0]        ib_iface.c:1196 UCX  DEBUG mlx5_0: iface 0x5555566af020 created UD QP 0x1fec on mlx5_0:1 TX wr:256 sge:2 inl:60 resp:0 RX wr:4096 sge:1 resp:0
[1754990890.590789] [idcgpu01:2716044:0]         ib_mlx5.c:773  UCX  DEBUG tx wq 32768 bytes [bb=64, nwqe=512] mmio_mode bf_post_mt
[1754990890.591189] [idcgpu01:2716044:0]           mpool.c:136  UCX  DEBUG mpool ud_recv_skb: align 64, maxelems 4294967295, elemsize 4196
[1754990890.591443] [idcgpu01:2716044:0]           mpool.c:281  UCX  DEBUG mpool ud_recv_skb: allocated chunk 0x7fffe030b018 of 544744 bytes with 128 elements
[1754990890.591450] [idcgpu01:2716044:0]           mpool.c:136  UCX  DEBUG mpool ud_tx_skb: align 64, maxelems 4294967295, elemsize 4208
[1754990890.591467] [idcgpu01:2716044:0]        ud_iface.c:380  UCX  DEBUG iface 0x5555566af020: adding gid fe80::bae9:24ff:fe62:7a38 to hash on device mlx5_0 port 1 index 0)
[1754990890.591479] [idcgpu01:2716044:0]        ud_iface.c:380  UCX  DEBUG iface 0x5555566af020: adding gid fe80::bae9:24ff:fe62:7a38 to hash on device mlx5_0 port 1 index 1)
[1754990890.591490] [idcgpu01:2716044:0]        ud_iface.c:380  UCX  DEBUG iface 0x5555566af020: adding gid ::ffff:192.168.1.1 to hash on device mlx5_0 port 1 index 2)
[1754990890.591501] [idcgpu01:2716044:0]        ud_iface.c:380  UCX  DEBUG iface 0x5555566af020: adding gid ::ffff:192.168.1.1 to hash on device mlx5_0 port 1 index 3)
[1754990890.591512] [idcgpu01:2716044:0]             sys.c:440  UCX  DEBUG failed to read from /sys/class/infiniband/mlx5_0/ports/1/gid_attrs/types/4: Invalid argument
[1754990890.591515] [idcgpu01:2716044:0]        ud_iface.c:380  UCX  DEBUG iface 0x5555566af020: adding gid ::ffff:192.168.100.22 to hash on device mlx5_0 port 1 index 4)
[1754990890.591539] [idcgpu01:2716044:0]             sys.c:440  UCX  DEBUG failed to read from /sys/class/infiniband/mlx5_0/ports/1/gid_attrs/types/5: Invalid argument
[1754990890.591542] [idcgpu01:2716044:0]        ud_iface.c:380  UCX  DEBUG iface 0x5555566af020: adding gid ::ffff:192.168.100.22 to hash on device mlx5_0 port 1 index 5)
[1754990890.591552] [idcgpu01:2716044:0]             sys.c:440  UCX  DEBUG failed to read from /sys/class/infiniband/mlx5_0/ports/1/gid_attrs/types/6: Invalid argument
[1754990890.591556] [idcgpu01:2716044:0]        ud_iface.c:380  UCX  DEBUG iface 0x5555566af020: adding gid fe80::ccb4:5aff:fefa:ce78 to hash on device mlx5_0 port 1 index 6)
[1754990890.591565] [idcgpu01:2716044:0]             sys.c:440  UCX  DEBUG failed to read from /sys/class/infiniband/mlx5_0/ports/1/gid_attrs/types/7: Invalid argument
[1754990890.591568] [idcgpu01:2716044:0]        ud_iface.c:380  UCX  DEBUG iface 0x5555566af020: adding gid fe80::ccb4:5aff:fefa:ce78 to hash on device mlx5_0 port 1 index 7)
[1754990890.591578] [idcgpu01:2716044:0]             sys.c:440  UCX  DEBUG failed to read from /sys/class/infiniband/mlx5_0/ports/1/gid_attrs/types/8: Invalid argument
[1754990890.591581] [idcgpu01:2716044:0]        ud_iface.c:380  UCX  DEBUG iface 0x5555566af020: adding gid ::ffff:192.168.100.93 to hash on device mlx5_0 port 1 index 8)
[1754990890.591591] [idcgpu01:2716044:0]             sys.c:440  UCX  DEBUG failed to read from /sys/class/infiniband/mlx5_0/ports/1/gid_attrs/types/9: Invalid argument
[1754990890.591594] [idcgpu01:2716044:0]        ud_iface.c:380  UCX  DEBUG iface 0x5555566af020: adding gid ::ffff:192.168.100.93 to hash on device mlx5_0 port 1 index 9)
[1754990890.591603] [idcgpu01:2716044:0]             sys.c:440  UCX  DEBUG failed to read from /sys/class/infiniband/mlx5_0/ports/1/gid_attrs/types/10: Invalid argument
[1754990890.591607] [idcgpu01:2716044:0]        ud_iface.c:380  UCX  DEBUG iface 0x5555566af020: adding gid fe80::acf6:ecff:fedd:2c54 to hash on device mlx5_0 port 1 index 10)
[1754990890.591616] [idcgpu01:2716044:0]             sys.c:440  UCX  DEBUG failed to read from /sys/class/infiniband/mlx5_0/ports/1/gid_attrs/types/11: Invalid argument
[1754990890.591619] [idcgpu01:2716044:0]        ud_iface.c:380  UCX  DEBUG iface 0x5555566af020: adding gid fe80::acf6:ecff:fedd:2c54 to hash on device mlx5_0 port 1 index 11)
[1754990890.591630] [idcgpu01:2716044:0]             sys.c:440  UCX  DEBUG failed to read from /sys/class/infiniband/mlx5_0/ports/1/gid_attrs/types/12: Invalid argument
[1754990890.591633] [idcgpu01:2716044:0]        ud_iface.c:380  UCX  DEBUG iface 0x5555566af020: adding gid ::ffff:192.168.100.65 to hash on device mlx5_0 port 1 index 12)
[1754990890.591642] [idcgpu01:2716044:0]             sys.c:440  UCX  DEBUG failed to read from /sys/class/infiniband/mlx5_0/ports/1/gid_attrs/types/13: Invalid argument
[1754990890.591645] [idcgpu01:2716044:0]        ud_iface.c:380  UCX  DEBUG iface 0x5555566af020: adding gid ::ffff:192.168.100.65 to hash on device mlx5_0 port 1 index 13)
[1754990890.591654] [idcgpu01:2716044:0]             sys.c:440  UCX  DEBUG failed to read from /sys/class/infiniband/mlx5_0/ports/1/gid_attrs/types/14: Invalid argument
[1754990890.591657] [idcgpu01:2716044:0]        ud_iface.c:380  UCX  DEBUG iface 0x5555566af020: adding gid fe80::f43d:deff:fed3:2ace to hash on device mlx5_0 port 1 index 14)
[1754990890.591666] [idcgpu01:2716044:0]             sys.c:440  UCX  DEBUG failed to read from /sys/class/infiniband/mlx5_0/ports/1/gid_attrs/types/15: Invalid argument
[1754990890.591669] [idcgpu01:2716044:0]        ud_iface.c:380  UCX  DEBUG iface 0x5555566af020: adding gid fe80::f43d:deff:fed3:2ace to hash on device mlx5_0 port 1 index 15)
[1754990890.591681] [idcgpu01:2716044:0]             sys.c:440  UCX  DEBUG failed to read from /sys/class/infiniband/mlx5_0/ports/1/gid_attrs/types/16: Invalid argument
[1754990890.591684] [idcgpu01:2716044:0]        ud_iface.c:380  UCX  DEBUG iface 0x5555566af020: adding gid ::ffff:192.168.100.91 to hash on device mlx5_0 port 1 index 16)
[1754990890.591697] [idcgpu01:2716044:0]             sys.c:440  UCX  DEBUG failed to read from /sys/class/infiniband/mlx5_0/ports/1/gid_attrs/types/17: Invalid argument
[1754990890.591700] [idcgpu01:2716044:0]        ud_iface.c:380  UCX  DEBUG iface 0x5555566af020: adding gid ::ffff:192.168.100.91 to hash on device mlx5_0 port 1 index 17)
[1754990890.591709] [idcgpu01:2716044:0]             sys.c:440  UCX  DEBUG failed to read from /sys/class/infiniband/mlx5_0/ports/1/gid_attrs/types/18: Invalid argument
[1754990890.591712] [idcgpu01:2716044:0]        ud_iface.c:380  UCX  DEBUG iface 0x5555566af020: adding gid fe80::dc41:6dff:fe1b:4b3b to hash on device mlx5_0 port 1 index 18)
[1754990890.591722] [idcgpu01:2716044:0]             sys.c:440  UCX  DEBUG failed to read from /sys/class/infiniband/mlx5_0/ports/1/gid_attrs/types/19: Invalid argument
[1754990890.591725] [idcgpu01:2716044:0]        ud_iface.c:380  UCX  DEBUG iface 0x5555566af020: adding gid fe80::dc41:6dff:fe1b:4b3b to hash on device mlx5_0 port 1 index 19)
[1754990890.591734] [idcgpu01:2716044:0]             sys.c:440  UCX  DEBUG failed to read from /sys/class/infiniband/mlx5_0/ports/1/gid_attrs/types/20: Invalid argument
[1754990890.591737] [idcgpu01:2716044:0]        ud_iface.c:380  UCX  DEBUG iface 0x5555566af020: adding gid ::ffff:192.168.100.120 to hash on device mlx5_0 port 1 index 20)
[1754990890.591746] [idcgpu01:2716044:0]             sys.c:440  UCX  DEBUG failed to read from /sys/class/infiniband/mlx5_0/ports/1/gid_attrs/types/21: Invalid argument
[1754990890.591749] [idcgpu01:2716044:0]        ud_iface.c:380  UCX  DEBUG iface 0x5555566af020: adding gid ::ffff:192.168.100.120 to hash on device mlx5_0 port 1 index 21)
[1754990890.591759] [idcgpu01:2716044:0]             sys.c:440  UCX  DEBUG failed to read from /sys/class/infiniband/mlx5_0/ports/1/gid_attrs/types/22: Invalid argument
[1754990890.591762] [idcgpu01:2716044:0]        ud_iface.c:380  UCX  DEBUG iface 0x5555566af020: adding gid fe80::dcc1:f4ff:fe48:29a8 to hash on device mlx5_0 port 1 index 22)
[1754990890.591771] [idcgpu01:2716044:0]             sys.c:440  UCX  DEBUG failed to read from /sys/class/infiniband/mlx5_0/ports/1/gid_attrs/types/23: Invalid argument
[1754990890.591774] [idcgpu01:2716044:0]        ud_iface.c:380  UCX  DEBUG iface 0x5555566af020: adding gid fe80::dcc1:f4ff:fe48:29a8 to hash on device mlx5_0 port 1 index 23)
[1754990890.591785] [idcgpu01:2716044:0]             sys.c:440  UCX  DEBUG failed to read from /sys/class/infiniband/mlx5_0/ports/1/gid_attrs/types/24: Invalid argument
[1754990890.591788] [idcgpu01:2716044:0]        ud_iface.c:380  UCX  DEBUG iface 0x5555566af020: adding gid ::ffff:192.168.100.121 to hash on device mlx5_0 port 1 index 24)
[1754990890.591797] [idcgpu01:2716044:0]             sys.c:440  UCX  DEBUG failed to read from /sys/class/infiniband/mlx5_0/ports/1/gid_attrs/types/25: Invalid argument
[1754990890.591800] [idcgpu01:2716044:0]        ud_iface.c:380  UCX  DEBUG iface 0x5555566af020: adding gid ::ffff:192.168.100.121 to hash on device mlx5_0 port 1 index 25)
[1754990890.591809] [idcgpu01:2716044:0]             sys.c:440  UCX  DEBUG failed to read from /sys/class/infiniband/mlx5_0/ports/1/gid_attrs/types/26: Invalid argument
[1754990890.591812] [idcgpu01:2716044:0]        ud_iface.c:380  UCX  DEBUG iface 0x5555566af020: adding gid fe80::ccfc:fdff:fe18:5371 to hash on device mlx5_0 port 1 index 26)
[1754990890.591821] [idcgpu01:2716044:0]             sys.c:440  UCX  DEBUG failed to read from /sys/class/infiniband/mlx5_0/ports/1/gid_attrs/types/27: Invalid argument
[1754990890.591824] [idcgpu01:2716044:0]        ud_iface.c:380  UCX  DEBUG iface 0x5555566af020: adding gid fe80::ccfc:fdff:fe18:5371 to hash on device mlx5_0 port 1 index 27)
[1754990890.591833] [idcgpu01:2716044:0]             sys.c:440  UCX  DEBUG failed to read from /sys/class/infiniband/mlx5_0/ports/1/gid_attrs/types/28: Invalid argument
[1754990890.591836] [idcgpu01:2716044:0]        ud_iface.c:380  UCX  DEBUG iface 0x5555566af020: adding gid ::ffff:192.168.100.89 to hash on device mlx5_0 port 1 index 28)
[1754990890.591849] [idcgpu01:2716044:0]             sys.c:440  UCX  DEBUG failed to read from /sys/class/infiniband/mlx5_0/ports/1/gid_attrs/types/29: Invalid argument
[1754990890.591852] [idcgpu01:2716044:0]        ud_iface.c:380  UCX  DEBUG iface 0x5555566af020: adding gid ::ffff:192.168.100.89 to hash on device mlx5_0 port 1 index 29)
[1754990890.591861] [idcgpu01:2716044:0]             sys.c:440  UCX  DEBUG failed to read from /sys/class/infiniband/mlx5_0/ports/1/gid_attrs/types/30: Invalid argument
[1754990890.591864] [idcgpu01:2716044:0]        ud_iface.c:380  UCX  DEBUG iface 0x5555566af020: adding gid fe80::7011:aaff:fe6f:a275 to hash on device mlx5_0 port 1 index 30)
[1754990890.591873] [idcgpu01:2716044:0]             sys.c:440  UCX  DEBUG failed to read from /sys/class/infiniband/mlx5_0/ports/1/gid_attrs/types/31: Invalid argument
[1754990890.591876] [idcgpu01:2716044:0]        ud_iface.c:380  UCX  DEBUG iface 0x5555566af020: adding gid fe80::7011:aaff:fe6f:a275 to hash on device mlx5_0 port 1 index 31)
[1754990890.591885] [idcgpu01:2716044:0]             sys.c:440  UCX  DEBUG failed to read from /sys/class/infiniband/mlx5_0/ports/1/gid_attrs/types/32: Invalid argument
[1754990890.591888] [idcgpu01:2716044:0]        ud_iface.c:380  UCX  DEBUG iface 0x5555566af020: adding gid ::ffff:192.168.100.123 to hash on device mlx5_0 port 1 index 32)
[1754990890.591926] [idcgpu01:2716044:0]             sys.c:440  UCX  DEBUG failed to read from /sys/class/infiniband/mlx5_0/ports/1/gid_attrs/types/33: Invalid argument
[1754990890.591929] [idcgpu01:2716044:0]        ud_iface.c:380  UCX  DEBUG iface 0x5555566af020: adding gid ::ffff:192.168.100.123 to hash on device mlx5_0 port 1 index 33)
[1754990890.591938] [idcgpu01:2716044:0]             sys.c:440  UCX  DEBUG failed to read from /sys/class/infiniband/mlx5_0/ports/1/gid_attrs/types/34: Invalid argument
[1754990890.591942] [idcgpu01:2716044:0]        ud_iface.c:380  UCX  DEBUG iface 0x5555566af020: adding gid fe80::2c71:6cff:fe7d:a34 to hash on device mlx5_0 port 1 index 34)
[1754990890.591951] [idcgpu01:2716044:0]             sys.c:440  UCX  DEBUG failed to read from /sys/class/infiniband/mlx5_0/ports/1/gid_attrs/types/35: Invalid argument
[1754990890.591954] [idcgpu01:2716044:0]        ud_iface.c:380  UCX  DEBUG iface 0x5555566af020: adding gid fe80::2c71:6cff:fe7d:a34 to hash on device mlx5_0 port 1 index 35)
[1754990890.591963] [idcgpu01:2716044:0]             sys.c:440  UCX  DEBUG failed to read from /sys/class/infiniband/mlx5_0/ports/1/gid_attrs/types/36: Invalid argument
[1754990890.591966] [idcgpu01:2716044:0]        ud_iface.c:380  UCX  DEBUG iface 0x5555566af020: adding gid ::ffff:192.168.100.124 to hash on device mlx5_0 port 1 index 36)
[1754990890.591975] [idcgpu01:2716044:0]             sys.c:440  UCX  DEBUG failed to read from /sys/class/infiniband/mlx5_0/ports/1/gid_attrs/types/37: Invalid argument
[1754990890.591978] [idcgpu01:2716044:0]        ud_iface.c:380  UCX  DEBUG iface 0x5555566af020: adding gid ::ffff:192.168.100.124 to hash on device mlx5_0 port 1 index 37)
[1754990890.591988] [idcgpu01:2716044:0]             sys.c:440  UCX  DEBUG failed to read from /sys/class/infiniband/mlx5_0/ports/1/gid_attrs/types/38: Invalid argument
[1754990890.591991] [idcgpu01:2716044:0]        ud_iface.c:380  UCX  DEBUG iface 0x5555566af020: adding gid fe80::6415:d5ff:fe8f:6ac4 to hash on device mlx5_0 port 1 index 38)
[1754990890.591999] [idcgpu01:2716044:0]             sys.c:440  UCX  DEBUG failed to read from /sys/class/infiniband/mlx5_0/ports/1/gid_attrs/types/39: Invalid argument
[1754990890.592002] [idcgpu01:2716044:0]        ud_iface.c:380  UCX  DEBUG iface 0x5555566af020: adding gid fe80::6415:d5ff:fe8f:6ac4 to hash on device mlx5_0 port 1 index 39)
[1754990890.592011] [idcgpu01:2716044:0]             sys.c:440  UCX  DEBUG failed to read from /sys/class/infiniband/mlx5_0/ports/1/gid_attrs/types/40: Invalid argument
[1754990890.592014] [idcgpu01:2716044:0]        ud_iface.c:380  UCX  DEBUG iface 0x5555566af020: adding gid ::ffff:192.168.100.87 to hash on device mlx5_0 port 1 index 40)
[1754990890.592029] [idcgpu01:2716044:0]             sys.c:440  UCX  DEBUG failed to read from /sys/class/infiniband/mlx5_0/ports/1/gid_attrs/types/41: Invalid argument
[1754990890.592032] [idcgpu01:2716044:0]        ud_iface.c:380  UCX  DEBUG iface 0x5555566af020: adding gid ::ffff:192.168.100.87 to hash on device mlx5_0 port 1 index 41)
[1754990890.592041] [idcgpu01:2716044:0]             sys.c:440  UCX  DEBUG failed to read from /sys/class/infiniband/mlx5_0/ports/1/gid_attrs/types/42: Invalid argument
[1754990890.592044] [idcgpu01:2716044:0]        ud_iface.c:380  UCX  DEBUG iface 0x5555566af020: adding gid fe80::9041:e4ff:fef0:4a73 to hash on device mlx5_0 port 1 index 42)
[1754990890.592053] [idcgpu01:2716044:0]             sys.c:440  UCX  DEBUG failed to read from /sys/class/infiniband/mlx5_0/ports/1/gid_attrs/types/43: Invalid argument
[1754990890.592056] [idcgpu01:2716044:0]        ud_iface.c:380  UCX  DEBUG iface 0x5555566af020: adding gid fe80::9041:e4ff:fef0:4a73 to hash on device mlx5_0 port 1 index 43)
[1754990890.592065] [idcgpu01:2716044:0]             sys.c:440  UCX  DEBUG failed to read from /sys/class/infiniband/mlx5_0/ports/1/gid_attrs/types/44: Invalid argument
[1754990890.592068] [idcgpu01:2716044:0]        ud_iface.c:380  UCX  DEBUG iface 0x5555566af020: adding gid ::ffff:192.168.100.125 to hash on device mlx5_0 port 1 index 44)
[1754990890.592077] [idcgpu01:2716044:0]             sys.c:440  UCX  DEBUG failed to read from /sys/class/infiniband/mlx5_0/ports/1/gid_attrs/types/45: Invalid argument
[1754990890.592080] [idcgpu01:2716044:0]        ud_iface.c:380  UCX  DEBUG iface 0x5555566af020: adding gid ::ffff:192.168.100.125 to hash on device mlx5_0 port 1 index 45)
[1754990890.592089] [idcgpu01:2716044:0]             sys.c:440  UCX  DEBUG failed to read from /sys/class/infiniband/mlx5_0/ports/1/gid_attrs/types/46: Invalid argument
[1754990890.592092] [idcgpu01:2716044:0]        ud_iface.c:380  UCX  DEBUG iface 0x5555566af020: adding gid fe80::70f9:a7ff:fe1c:3bfe to hash on device mlx5_0 port 1 index 46)
[1754990890.592101] [idcgpu01:2716044:0]             sys.c:440  UCX  DEBUG failed to read from /sys/class/infiniband/mlx5_0/ports/1/gid_attrs/types/47: Invalid argument
[1754990890.592104] [idcgpu01:2716044:0]        ud_iface.c:380  UCX  DEBUG iface 0x5555566af020: adding gid fe80::70f9:a7ff:fe1c:3bfe to hash on device mlx5_0 port 1 index 47)
[1754990890.592113] [idcgpu01:2716044:0]             sys.c:440  UCX  DEBUG failed to read from /sys/class/infiniband/mlx5_0/ports/1/gid_attrs/types/48: Invalid argument
[1754990890.592116] [idcgpu01:2716044:0]        ud_iface.c:380  UCX  DEBUG iface 0x5555566af020: adding gid ::ffff:192.168.100.126 to hash on device mlx5_0 port 1 index 48)
[1754990890.592125] [idcgpu01:2716044:0]             sys.c:440  UCX  DEBUG failed to read from /sys/class/infiniband/mlx5_0/ports/1/gid_attrs/types/49: Invalid argument
[1754990890.592128] [idcgpu01:2716044:0]        ud_iface.c:380  UCX  DEBUG iface 0x5555566af020: adding gid ::ffff:192.168.100.126 to hash on device mlx5_0 port 1 index 49)
[1754990890.592141] [idcgpu01:2716044:0]             sys.c:440  UCX  DEBUG failed to read from /sys/class/infiniband/mlx5_0/ports/1/gid_attrs/types/50: Invalid argument
[1754990890.592144] [idcgpu01:2716044:0]        ud_iface.c:380  UCX  DEBUG iface 0x5555566af020: adding gid fe80::6cac:c7ff:fefc:fee6 to hash on device mlx5_0 port 1 index 50)
[1754990890.592153] [idcgpu01:2716044:0]             sys.c:440  UCX  DEBUG failed to read from /sys/class/infiniband/mlx5_0/ports/1/gid_attrs/types/51: Invalid argument
[1754990890.592156] [idcgpu01:2716044:0]        ud_iface.c:380  UCX  DEBUG iface 0x5555566af020: adding gid fe80::6cac:c7ff:fefc:fee6 to hash on device mlx5_0 port 1 index 51)
[1754990890.592165] [idcgpu01:2716044:0]             sys.c:440  UCX  DEBUG failed to read from /sys/class/infiniband/mlx5_0/ports/1/gid_attrs/types/52: Invalid argument
[1754990890.592168] [idcgpu01:2716044:0]        ud_iface.c:380  UCX  DEBUG iface 0x5555566af020: adding gid ::ffff:192.168.100.127 to hash on device mlx5_0 port 1 index 52)
[1754990890.592182] [idcgpu01:2716044:0]             sys.c:440  UCX  DEBUG failed to read from /sys/class/infiniband/mlx5_0/ports/1/gid_attrs/types/53: Invalid argument
[1754990890.592185] [idcgpu01:2716044:0]        ud_iface.c:380  UCX  DEBUG iface 0x5555566af020: adding gid ::ffff:192.168.100.127 to hash on device mlx5_0 port 1 index 53)
[1754990890.592194] [idcgpu01:2716044:0]             sys.c:440  UCX  DEBUG failed to read from /sys/class/infiniband/mlx5_0/ports/1/gid_attrs/types/54: Invalid argument
[1754990890.592197] [idcgpu01:2716044:0]        ud_iface.c:380  UCX  DEBUG iface 0x5555566af020: adding gid fe80::e0b0:26ff:fefd:d72d to hash on device mlx5_0 port 1 index 54)
[1754990890.592206] [idcgpu01:2716044:0]             sys.c:440  UCX  DEBUG failed to read from /sys/class/infiniband/mlx5_0/ports/1/gid_attrs/types/55: Invalid argument
[1754990890.592209] [idcgpu01:2716044:0]        ud_iface.c:380  UCX  DEBUG iface 0x5555566af020: adding gid fe80::e0b0:26ff:fefd:d72d to hash on device mlx5_0 port 1 index 55)
[1754990890.592217] [idcgpu01:2716044:0]             sys.c:440  UCX  DEBUG failed to read from /sys/class/infiniband/mlx5_0/ports/1/gid_attrs/types/56: Invalid argument
[1754990890.592220] [idcgpu01:2716044:0]        ud_iface.c:380  UCX  DEBUG iface 0x5555566af020: adding gid ::ffff:192.168.100.128 to hash on device mlx5_0 port 1 index 56)
[1754990890.592230] [idcgpu01:2716044:0]             sys.c:440  UCX  DEBUG failed to read from /sys/class/infiniband/mlx5_0/ports/1/gid_attrs/types/57: Invalid argument
[1754990890.592233] [idcgpu01:2716044:0]        ud_iface.c:380  UCX  DEBUG iface 0x5555566af020: adding gid ::ffff:192.168.100.128 to hash on device mlx5_0 port 1 index 57)
[1754990890.592244] [idcgpu01:2716044:0]             sys.c:440  UCX  DEBUG failed to read from /sys/class/infiniband/mlx5_0/ports/1/gid_attrs/types/58: Invalid argument
[1754990890.592247] [idcgpu01:2716044:0]        ud_iface.c:380  UCX  DEBUG iface 0x5555566af020: adding gid ::ffff:192.168.100.52 to hash on device mlx5_0 port 1 index 58)
[1754990890.592256] [idcgpu01:2716044:0]             sys.c:440  UCX  DEBUG failed to read from /sys/class/infiniband/mlx5_0/ports/1/gid_attrs/types/59: Invalid argument
[1754990890.592259] [idcgpu01:2716044:0]        ud_iface.c:380  UCX  DEBUG iface 0x5555566af020: adding gid ::ffff:192.168.100.52 to hash on device mlx5_0 port 1 index 59)
[1754990890.592269] [idcgpu01:2716044:0]             sys.c:440  UCX  DEBUG failed to read from /sys/class/infiniband/mlx5_0/ports/1/gid_attrs/types/60: Invalid argument
[1754990890.592272] [idcgpu01:2716044:0]        ud_iface.c:380  UCX  DEBUG iface 0x5555566af020: adding gid fe80::d0bb:34ff:feea:7cdd to hash on device mlx5_0 port 1 index 60)
[1754990890.592280] [idcgpu01:2716044:0]             sys.c:440  UCX  DEBUG failed to read from /sys/class/infiniband/mlx5_0/ports/1/gid_attrs/types/61: Invalid argument
[1754990890.592283] [idcgpu01:2716044:0]        ud_iface.c:380  UCX  DEBUG iface 0x5555566af020: adding gid fe80::d0bb:34ff:feea:7cdd to hash on device mlx5_0 port 1 index 61)
[1754990890.592292] [idcgpu01:2716044:0]             sys.c:440  UCX  DEBUG failed to read from /sys/class/infiniband/mlx5_0/ports/1/gid_attrs/types/62: Invalid argument
[1754990890.592296] [idcgpu01:2716044:0]        ud_iface.c:380  UCX  DEBUG iface 0x5555566af020: adding gid ::ffff:192.168.100.129 to hash on device mlx5_0 port 1 index 62)
[1754990890.592305] [idcgpu01:2716044:0]             sys.c:440  UCX  DEBUG failed to read from /sys/class/infiniband/mlx5_0/ports/1/gid_attrs/types/63: Invalid argument
[1754990890.592308] [idcgpu01:2716044:0]        ud_iface.c:380  UCX  DEBUG iface 0x5555566af020: adding gid ::ffff:192.168.100.129 to hash on device mlx5_0 port 1 index 63)
[1754990890.592318] [idcgpu01:2716044:0]             sys.c:440  UCX  DEBUG failed to read from /sys/class/infiniband/mlx5_0/ports/1/gid_attrs/types/64: Invalid argument
[1754990890.592320] [idcgpu01:2716044:0]        ud_iface.c:380  UCX  DEBUG iface 0x5555566af020: adding gid ::ffff:192.168.100.81 to hash on device mlx5_0 port 1 index 64)
[1754990890.592334] [idcgpu01:2716044:0]             sys.c:440  UCX  DEBUG failed to read from /sys/class/infiniband/mlx5_0/ports/1/gid_attrs/types/65: Invalid argument
[1754990890.592337] [idcgpu01:2716044:0]        ud_iface.c:380  UCX  DEBUG iface 0x5555566af020: adding gid ::ffff:192.168.100.81 to hash on device mlx5_0 port 1 index 65)
[1754990890.592346] [idcgpu01:2716044:0]             sys.c:440  UCX  DEBUG failed to read from /sys/class/infiniband/mlx5_0/ports/1/gid_attrs/types/66: Invalid argument
[1754990890.592350] [idcgpu01:2716044:0]        ud_iface.c:380  UCX  DEBUG iface 0x5555566af020: adding gid fe80::842e:79ff:febd:6dbc to hash on device mlx5_0 port 1 index 66)
[1754990890.592359] [idcgpu01:2716044:0]             sys.c:440  UCX  DEBUG failed to read from /sys/class/infiniband/mlx5_0/ports/1/gid_attrs/types/67: Invalid argument
[1754990890.592362] [idcgpu01:2716044:0]        ud_iface.c:380  UCX  DEBUG iface 0x5555566af020: adding gid fe80::842e:79ff:febd:6dbc to hash on device mlx5_0 port 1 index 67)
[1754990890.592371] [idcgpu01:2716044:0]             sys.c:440  UCX  DEBUG failed to read from /sys/class/infiniband/mlx5_0/ports/1/gid_attrs/types/68: Invalid argument
[1754990890.592374] [idcgpu01:2716044:0]        ud_iface.c:380  UCX  DEBUG iface 0x5555566af020: adding gid ::ffff:192.168.100.130 to hash on device mlx5_0 port 1 index 68)
[1754990890.592383] [idcgpu01:2716044:0]             sys.c:440  UCX  DEBUG failed to read from /sys/class/infiniband/mlx5_0/ports/1/gid_attrs/types/69: Invalid argument
[1754990890.592386] [idcgpu01:2716044:0]        ud_iface.c:380  UCX  DEBUG iface 0x5555566af020: adding gid ::ffff:192.168.100.130 to hash on device mlx5_0 port 1 index 69)
[1754990890.592396] [idcgpu01:2716044:0]             sys.c:440  UCX  DEBUG failed to read from /sys/class/infiniband/mlx5_0/ports/1/gid_attrs/types/70: Invalid argument
[1754990890.592399] [idcgpu01:2716044:0]        ud_iface.c:380  UCX  DEBUG iface 0x5555566af020: adding gid fe80::d48a:84ff:fea1:2386 to hash on device mlx5_0 port 1 index 70)
[1754990890.592408] [idcgpu01:2716044:0]             sys.c:440  UCX  DEBUG failed to read from /sys/class/infiniband/mlx5_0/ports/1/gid_attrs/types/71: Invalid argument
[1754990890.592411] [idcgpu01:2716044:0]        ud_iface.c:380  UCX  DEBUG iface 0x5555566af020: adding gid fe80::d48a:84ff:fea1:2386 to hash on device mlx5_0 port 1 index 71)
[1754990890.592421] [idcgpu01:2716044:0]             sys.c:440  UCX  DEBUG failed to read from /sys/class/infiniband/mlx5_0/ports/1/gid_attrs/types/72: Invalid argument
[1754990890.592424] [idcgpu01:2716044:0]        ud_iface.c:380  UCX  DEBUG iface 0x5555566af020: adding gid ::ffff:192.168.100.85 to hash on device mlx5_0 port 1 index 72)
[1754990890.592433] [idcgpu01:2716044:0]             sys.c:440  UCX  DEBUG failed to read from /sys/class/infiniband/mlx5_0/ports/1/gid_attrs/types/73: Invalid argument
[1754990890.592436] [idcgpu01:2716044:0]        ud_iface.c:380  UCX  DEBUG iface 0x5555566af020: adding gid ::ffff:192.168.100.85 to hash on device mlx5_0 port 1 index 73)
[1754990890.592445] [idcgpu01:2716044:0]             sys.c:440  UCX  DEBUG failed to read from /sys/class/infiniband/mlx5_0/ports/1/gid_attrs/types/74: Invalid argument
[1754990890.592448] [idcgpu01:2716044:0]        ud_iface.c:380  UCX  DEBUG iface 0x5555566af020: adding gid fe80::58b5:9fff:fe79:9bdc to hash on device mlx5_0 port 1 index 74)
[1754990890.592457] [idcgpu01:2716044:0]             sys.c:440  UCX  DEBUG failed to read from /sys/class/infiniband/mlx5_0/ports/1/gid_attrs/types/75: Invalid argument
[1754990890.592460] [idcgpu01:2716044:0]        ud_iface.c:380  UCX  DEBUG iface 0x5555566af020: adding gid fe80::58b5:9fff:fe79:9bdc to hash on device mlx5_0 port 1 index 75)
[1754990890.592469] [idcgpu01:2716044:0]             sys.c:440  UCX  DEBUG failed to read from /sys/class/infiniband/mlx5_0/ports/1/gid_attrs/types/76: Invalid argument
[1754990890.592483] [idcgpu01:2716044:0]             sys.c:440  UCX  DEBUG failed to read from /sys/class/infiniband/mlx5_0/ports/1/gid_attrs/types/77: Invalid argument
[1754990890.592492] [idcgpu01:2716044:0]             sys.c:440  UCX  DEBUG failed to read from /sys/class/infiniband/mlx5_0/ports/1/gid_attrs/types/78: Invalid argument
[1754990890.592502] [idcgpu01:2716044:0]             sys.c:440  UCX  DEBUG failed to read from /sys/class/infiniband/mlx5_0/ports/1/gid_attrs/types/79: Invalid argument
[1754990890.592512] [idcgpu01:2716044:0]             sys.c:440  UCX  DEBUG failed to read from /sys/class/infiniband/mlx5_0/ports/1/gid_attrs/types/80: Invalid argument
[1754990890.592521] [idcgpu01:2716044:0]             sys.c:440  UCX  DEBUG failed to read from /sys/class/infiniband/mlx5_0/ports/1/gid_attrs/types/81: Invalid argument
[1754990890.592531] [idcgpu01:2716044:0]             sys.c:440  UCX  DEBUG failed to read from /sys/class/infiniband/mlx5_0/ports/1/gid_attrs/types/82: Invalid argument
[1754990890.592540] [idcgpu01:2716044:0]             sys.c:440  UCX  DEBUG failed to read from /sys/class/infiniband/mlx5_0/ports/1/gid_attrs/types/83: Invalid argument
[1754990890.592550] [idcgpu01:2716044:0]             sys.c:440  UCX  DEBUG failed to read from /sys/class/infiniband/mlx5_0/ports/1/gid_attrs/types/84: Invalid argument
[1754990890.592560] [idcgpu01:2716044:0]             sys.c:440  UCX  DEBUG failed to read from /sys/class/infiniband/mlx5_0/ports/1/gid_attrs/types/85: Invalid argument
[1754990890.592569] [idcgpu01:2716044:0]             sys.c:440  UCX  DEBUG failed to read from /sys/class/infiniband/mlx5_0/ports/1/gid_attrs/types/86: Invalid argument
[1754990890.592579] [idcgpu01:2716044:0]             sys.c:440  UCX  DEBUG failed to read from /sys/class/infiniband/mlx5_0/ports/1/gid_attrs/types/87: Invalid argument
[1754990890.592588] [idcgpu01:2716044:0]             sys.c:440  UCX  DEBUG failed to read from /sys/class/infiniband/mlx5_0/ports/1/gid_attrs/types/88: Invalid argument
[1754990890.592598] [idcgpu01:2716044:0]             sys.c:440  UCX  DEBUG failed to read from /sys/class/infiniband/mlx5_0/ports/1/gid_attrs/types/89: Invalid argument
[1754990890.592608] [idcgpu01:2716044:0]             sys.c:440  UCX  DEBUG failed to read from /sys/class/infiniband/mlx5_0/ports/1/gid_attrs/types/90: Invalid argument
[1754990890.592617] [idcgpu01:2716044:0]             sys.c:440  UCX  DEBUG failed to read from /sys/class/infiniband/mlx5_0/ports/1/gid_attrs/types/91: Invalid argument
[1754990890.592627] [idcgpu01:2716044:0]             sys.c:440  UCX  DEBUG failed to read from /sys/class/infiniband/mlx5_0/ports/1/gid_attrs/types/92: Invalid argument
[1754990890.592636] [idcgpu01:2716044:0]             sys.c:440  UCX  DEBUG failed to read from /sys/class/infiniband/mlx5_0/ports/1/gid_attrs/types/93: Invalid argument
[1754990890.592646] [idcgpu01:2716044:0]             sys.c:440  UCX  DEBUG failed to read from /sys/class/infiniband/mlx5_0/ports/1/gid_attrs/types/94: Invalid argument
[1754990890.592655] [idcgpu01:2716044:0]             sys.c:440  UCX  DEBUG failed to read from /sys/class/infiniband/mlx5_0/ports/1/gid_attrs/types/95: Invalid argument
[1754990890.592664] [idcgpu01:2716044:0]             sys.c:440  UCX  DEBUG failed to read from /sys/class/infiniband/mlx5_0/ports/1/gid_attrs/types/96: Invalid argument
[1754990890.592674] [idcgpu01:2716044:0]             sys.c:440  UCX  DEBUG failed to read from /sys/class/infiniband/mlx5_0/ports/1/gid_attrs/types/97: Invalid argument
[1754990890.592684] [idcgpu01:2716044:0]             sys.c:440  UCX  DEBUG failed to read from /sys/class/infiniband/mlx5_0/ports/1/gid_attrs/types/98: Invalid argument
[1754990890.592693] [idcgpu01:2716044:0]             sys.c:440  UCX  DEBUG failed to read from /sys/class/infiniband/mlx5_0/ports/1/gid_attrs/types/99: Invalid argument
[1754990890.592704] [idcgpu01:2716044:0]             sys.c:440  UCX  DEBUG failed to read from /sys/class/infiniband/mlx5_0/ports/1/gid_attrs/types/100: Invalid argument
[1754990890.592714] [idcgpu01:2716044:0]             sys.c:440  UCX  DEBUG failed to read from /sys/class/infiniband/mlx5_0/ports/1/gid_attrs/types/101: Invalid argument
[1754990890.592730] [idcgpu01:2716044:0]             sys.c:440  UCX  DEBUG failed to read from /sys/class/infiniband/mlx5_0/ports/1/gid_attrs/types/102: Invalid argument
[1754990890.592739] [idcgpu01:2716044:0]             sys.c:440  UCX  DEBUG failed to read from /sys/class/infiniband/mlx5_0/ports/1/gid_attrs/types/103: Invalid argument
[1754990890.592749] [idcgpu01:2716044:0]             sys.c:440  UCX  DEBUG failed to read from /sys/class/infiniband/mlx5_0/ports/1/gid_attrs/types/104: Invalid argument
[1754990890.592758] [idcgpu01:2716044:0]             sys.c:440  UCX  DEBUG failed to read from /sys/class/infiniband/mlx5_0/ports/1/gid_attrs/types/105: Invalid argument
[1754990890.592768] [idcgpu01:2716044:0]             sys.c:440  UCX  DEBUG failed to read from /sys/class/infiniband/mlx5_0/ports/1/gid_attrs/types/106: Invalid argument
[1754990890.592778] [idcgpu01:2716044:0]             sys.c:440  UCX  DEBUG failed to read from /sys/class/infiniband/mlx5_0/ports/1/gid_attrs/types/107: Invalid argument
[1754990890.592787] [idcgpu01:2716044:0]             sys.c:440  UCX  DEBUG failed to read from /sys/class/infiniband/mlx5_0/ports/1/gid_attrs/types/108: Invalid argument
[1754990890.592796] [idcgpu01:2716044:0]             sys.c:440  UCX  DEBUG failed to read from /sys/class/infiniband/mlx5_0/ports/1/gid_attrs/types/109: Invalid argument
[1754990890.592805] [idcgpu01:2716044:0]             sys.c:440  UCX  DEBUG failed to read from /sys/class/infiniband/mlx5_0/ports/1/gid_attrs/types/110: Invalid argument
[1754990890.592815] [idcgpu01:2716044:0]             sys.c:440  UCX  DEBUG failed to read from /sys/class/infiniband/mlx5_0/ports/1/gid_attrs/types/111: Invalid argument
[1754990890.592824] [idcgpu01:2716044:0]             sys.c:440  UCX  DEBUG failed to read from /sys/class/infiniband/mlx5_0/ports/1/gid_attrs/types/112: Invalid argument
[1754990890.592834] [idcgpu01:2716044:0]             sys.c:440  UCX  DEBUG failed to read from /sys/class/infiniband/mlx5_0/ports/1/gid_attrs/types/113: Invalid argument
[1754990890.592844] [idcgpu01:2716044:0]             sys.c:440  UCX  DEBUG failed to read from /sys/class/infiniband/mlx5_0/ports/1/gid_attrs/types/114: Invalid argument
[1754990890.592853] [idcgpu01:2716044:0]             sys.c:440  UCX  DEBUG failed to read from /sys/class/infiniband/mlx5_0/ports/1/gid_attrs/types/115: Invalid argument
[1754990890.592863] [idcgpu01:2716044:0]             sys.c:440  UCX  DEBUG failed to read from /sys/class/infiniband/mlx5_0/ports/1/gid_attrs/types/116: Invalid argument
[1754990890.592873] [idcgpu01:2716044:0]             sys.c:440  UCX  DEBUG failed to read from /sys/class/infiniband/mlx5_0/ports/1/gid_attrs/types/117: Invalid argument
[1754990890.592882] [idcgpu01:2716044:0]             sys.c:440  UCX  DEBUG failed to read from /sys/class/infiniband/mlx5_0/ports/1/gid_attrs/types/118: Invalid argument
[1754990890.592892] [idcgpu01:2716044:0]             sys.c:440  UCX  DEBUG failed to read from /sys/class/infiniband/mlx5_0/ports/1/gid_attrs/types/119: Invalid argument
[1754990890.592907] [idcgpu01:2716044:0]             sys.c:440  UCX  DEBUG failed to read from /sys/class/infiniband/mlx5_0/ports/1/gid_attrs/types/120: Invalid argument
[1754990890.592917] [idcgpu01:2716044:0]             sys.c:440  UCX  DEBUG failed to read from /sys/class/infiniband/mlx5_0/ports/1/gid_attrs/types/121: Invalid argument
[1754990890.592926] [idcgpu01:2716044:0]             sys.c:440  UCX  DEBUG failed to read from /sys/class/infiniband/mlx5_0/ports/1/gid_attrs/types/122: Invalid argument
[1754990890.592936] [idcgpu01:2716044:0]             sys.c:440  UCX  DEBUG failed to read from /sys/class/infiniband/mlx5_0/ports/1/gid_attrs/types/123: Invalid argument
[1754990890.592945] [idcgpu01:2716044:0]             sys.c:440  UCX  DEBUG failed to read from /sys/class/infiniband/mlx5_0/ports/1/gid_attrs/types/124: Invalid argument
[1754990890.592955] [idcgpu01:2716044:0]             sys.c:440  UCX  DEBUG failed to read from /sys/class/infiniband/mlx5_0/ports/1/gid_attrs/types/125: Invalid argument
[1754990890.592969] [idcgpu01:2716044:0]             sys.c:440  UCX  DEBUG failed to read from /sys/class/infiniband/mlx5_0/ports/1/gid_attrs/types/126: Invalid argument
[1754990890.592979] [idcgpu01:2716044:0]             sys.c:440  UCX  DEBUG failed to read from /sys/class/infiniband/mlx5_0/ports/1/gid_attrs/types/127: Invalid argument
[1754990890.592988] [idcgpu01:2716044:0]             sys.c:440  UCX  DEBUG failed to read from /sys/class/infiniband/mlx5_0/ports/1/gid_attrs/types/128: Invalid argument
[1754990890.592998] [idcgpu01:2716044:0]             sys.c:440  UCX  DEBUG failed to read from /sys/class/infiniband/mlx5_0/ports/1/gid_attrs/types/129: Invalid argument
[1754990890.593008] [idcgpu01:2716044:0]             sys.c:440  UCX  DEBUG failed to read from /sys/class/infiniband/mlx5_0/ports/1/gid_attrs/types/130: Invalid argument
[1754990890.593017] [idcgpu01:2716044:0]             sys.c:440  UCX  DEBUG failed to read from /sys/class/infiniband/mlx5_0/ports/1/gid_attrs/types/131: Invalid argument
[1754990890.593027] [idcgpu01:2716044:0]             sys.c:440  UCX  DEBUG failed to read from /sys/class/infiniband/mlx5_0/ports/1/gid_attrs/types/132: Invalid argument
[1754990890.593036] [idcgpu01:2716044:0]             sys.c:440  UCX  DEBUG failed to read from /sys/class/infiniband/mlx5_0/ports/1/gid_attrs/types/133: Invalid argument
[1754990890.593046] [idcgpu01:2716044:0]             sys.c:440  UCX  DEBUG failed to read from /sys/class/infiniband/mlx5_0/ports/1/gid_attrs/types/134: Invalid argument
[1754990890.593055] [idcgpu01:2716044:0]             sys.c:440  UCX  DEBUG failed to read from /sys/class/infiniband/mlx5_0/ports/1/gid_attrs/types/135: Invalid argument
[1754990890.593065] [idcgpu01:2716044:0]             sys.c:440  UCX  DEBUG failed to read from /sys/class/infiniband/mlx5_0/ports/1/gid_attrs/types/136: Invalid argument
[1754990890.593074] [idcgpu01:2716044:0]             sys.c:440  UCX  DEBUG failed to read from /sys/class/infiniband/mlx5_0/ports/1/gid_attrs/types/137: Invalid argument
[1754990890.593084] [idcgpu01:2716044:0]             sys.c:440  UCX  DEBUG failed to read from /sys/class/infiniband/mlx5_0/ports/1/gid_attrs/types/138: Invalid argument
[1754990890.593093] [idcgpu01:2716044:0]             sys.c:440  UCX  DEBUG failed to read from /sys/class/infiniband/mlx5_0/ports/1/gid_attrs/types/139: Invalid argument
[1754990890.593103] [idcgpu01:2716044:0]             sys.c:440  UCX  DEBUG failed to read from /sys/class/infiniband/mlx5_0/ports/1/gid_attrs/types/140: Invalid argument
[1754990890.593112] [idcgpu01:2716044:0]             sys.c:440  UCX  DEBUG failed to read from /sys/class/infiniband/mlx5_0/ports/1/gid_attrs/types/141: Invalid argument
[1754990890.593123] [idcgpu01:2716044:0]             sys.c:440  UCX  DEBUG failed to read from /sys/class/infiniband/mlx5_0/ports/1/gid_attrs/types/142: Invalid argument
[1754990890.593132] [idcgpu01:2716044:0]             sys.c:440  UCX  DEBUG failed to read from /sys/class/infiniband/mlx5_0/ports/1/gid_attrs/types/143: Invalid argument
[1754990890.593142] [idcgpu01:2716044:0]             sys.c:440  UCX  DEBUG failed to read from /sys/class/infiniband/mlx5_0/ports/1/gid_attrs/types/144: Invalid argument
[1754990890.593151] [idcgpu01:2716044:0]             sys.c:440  UCX  DEBUG failed to read from /sys/class/infiniband/mlx5_0/ports/1/gid_attrs/types/145: Invalid argument
[1754990890.593160] [idcgpu01:2716044:0]             sys.c:440  UCX  DEBUG failed to read from /sys/class/infiniband/mlx5_0/ports/1/gid_attrs/types/146: Invalid argument
[1754990890.593170] [idcgpu01:2716044:0]             sys.c:440  UCX  DEBUG failed to read from /sys/class/infiniband/mlx5_0/ports/1/gid_attrs/types/147: Invalid argument
[1754990890.593179] [idcgpu01:2716044:0]             sys.c:440  UCX  DEBUG failed to read from /sys/class/infiniband/mlx5_0/ports/1/gid_attrs/types/148: Invalid argument
[1754990890.593188] [idcgpu01:2716044:0]             sys.c:440  UCX  DEBUG failed to read from /sys/class/infiniband/mlx5_0/ports/1/gid_attrs/types/149: Invalid argument
[1754990890.593202] [idcgpu01:2716044:0]             sys.c:440  UCX  DEBUG failed to read from /sys/class/infiniband/mlx5_0/ports/1/gid_attrs/types/150: Invalid argument
[1754990890.593211] [idcgpu01:2716044:0]             sys.c:440  UCX  DEBUG failed to read from /sys/class/infiniband/mlx5_0/ports/1/gid_attrs/types/151: Invalid argument
[1754990890.593221] [idcgpu01:2716044:0]             sys.c:440  UCX  DEBUG failed to read from /sys/class/infiniband/mlx5_0/ports/1/gid_attrs/types/152: Invalid argument
[1754990890.593230] [idcgpu01:2716044:0]             sys.c:440  UCX  DEBUG failed to read from /sys/class/infiniband/mlx5_0/ports/1/gid_attrs/types/153: Invalid argument
[1754990890.593239] [idcgpu01:2716044:0]             sys.c:440  UCX  DEBUG failed to read from /sys/class/infiniband/mlx5_0/ports/1/gid_attrs/types/154: Invalid argument
[1754990890.593249] [idcgpu01:2716044:0]             sys.c:440  UCX  DEBUG failed to read from /sys/class/infiniband/mlx5_0/ports/1/gid_attrs/types/155: Invalid argument
[1754990890.593259] [idcgpu01:2716044:0]             sys.c:440  UCX  DEBUG failed to read from /sys/class/infiniband/mlx5_0/ports/1/gid_attrs/types/156: Invalid argument
[1754990890.593268] [idcgpu01:2716044:0]             sys.c:440  UCX  DEBUG failed to read from /sys/class/infiniband/mlx5_0/ports/1/gid_attrs/types/157: Invalid argument
[1754990890.593277] [idcgpu01:2716044:0]             sys.c:440  UCX  DEBUG failed to read from /sys/class/infiniband/mlx5_0/ports/1/gid_attrs/types/158: Invalid argument
[1754990890.593287] [idcgpu01:2716044:0]             sys.c:440  UCX  DEBUG failed to read from /sys/class/infiniband/mlx5_0/ports/1/gid_attrs/types/159: Invalid argument
[1754990890.593296] [idcgpu01:2716044:0]             sys.c:440  UCX  DEBUG failed to read from /sys/class/infiniband/mlx5_0/ports/1/gid_attrs/types/160: Invalid argument
[1754990890.593306] [idcgpu01:2716044:0]             sys.c:440  UCX  DEBUG failed to read from /sys/class/infiniband/mlx5_0/ports/1/gid_attrs/types/161: Invalid argument
[1754990890.593315] [idcgpu01:2716044:0]             sys.c:440  UCX  DEBUG failed to read from /sys/class/infiniband/mlx5_0/ports/1/gid_attrs/types/162: Invalid argument
[1754990890.593325] [idcgpu01:2716044:0]             sys.c:440  UCX  DEBUG failed to read from /sys/class/infiniband/mlx5_0/ports/1/gid_attrs/types/163: Invalid argument
[1754990890.593334] [idcgpu01:2716044:0]             sys.c:440  UCX  DEBUG failed to read from /sys/class/infiniband/mlx5_0/ports/1/gid_attrs/types/164: Invalid argument
[1754990890.593344] [idcgpu01:2716044:0]             sys.c:440  UCX  DEBUG failed to read from /sys/class/infiniband/mlx5_0/ports/1/gid_attrs/types/165: Invalid argument
[1754990890.593353] [idcgpu01:2716044:0]             sys.c:440  UCX  DEBUG failed to read from /sys/class/infiniband/mlx5_0/ports/1/gid_attrs/types/166: Invalid argument
[1754990890.593363] [idcgpu01:2716044:0]             sys.c:440  UCX  DEBUG failed to read from /sys/class/infiniband/mlx5_0/ports/1/gid_attrs/types/167: Invalid argument
[1754990890.593372] [idcgpu01:2716044:0]             sys.c:440  UCX  DEBUG failed to read from /sys/class/infiniband/mlx5_0/ports/1/gid_attrs/types/168: Invalid argument
[1754990890.593382] [idcgpu01:2716044:0]             sys.c:440  UCX  DEBUG failed to read from /sys/class/infiniband/mlx5_0/ports/1/gid_attrs/types/169: Invalid argument
[1754990890.593391] [idcgpu01:2716044:0]             sys.c:440  UCX  DEBUG failed to read from /sys/class/infiniband/mlx5_0/ports/1/gid_attrs/types/170: Invalid argument
[1754990890.593401] [idcgpu01:2716044:0]             sys.c:440  UCX  DEBUG failed to read from /sys/class/infiniband/mlx5_0/ports/1/gid_attrs/types/171: Invalid argument
[1754990890.593410] [idcgpu01:2716044:0]             sys.c:440  UCX  DEBUG failed to read from /sys/class/infiniband/mlx5_0/ports/1/gid_attrs/types/172: Invalid argument
[1754990890.593419] [idcgpu01:2716044:0]             sys.c:440  UCX  DEBUG failed to read from /sys/class/infiniband/mlx5_0/ports/1/gid_attrs/types/173: Invalid argument
[1754990890.593496] [idcgpu01:2716044:0]             sys.c:440  UCX  DEBUG failed to read from /sys/class/infiniband/mlx5_0/ports/1/gid_attrs/types/174: Invalid argument
[1754990890.593506] [idcgpu01:2716044:0]             sys.c:440  UCX  DEBUG failed to read from /sys/class/infiniband/mlx5_0/ports/1/gid_attrs/types/175: Invalid argument
[1754990890.593515] [idcgpu01:2716044:0]             sys.c:440  UCX  DEBUG failed to read from /sys/class/infiniband/mlx5_0/ports/1/gid_attrs/types/176: Invalid argument
[1754990890.593525] [idcgpu01:2716044:0]             sys.c:440  UCX  DEBUG failed to read from /sys/class/infiniband/mlx5_0/ports/1/gid_attrs/types/177: Invalid argument
[1754990890.593535] [idcgpu01:2716044:0]             sys.c:440  UCX  DEBUG failed to read from /sys/class/infiniband/mlx5_0/ports/1/gid_attrs/types/178: Invalid argument
[1754990890.593545] [idcgpu01:2716044:0]             sys.c:440  UCX  DEBUG failed to read from /sys/class/infiniband/mlx5_0/ports/1/gid_attrs/types/179: Invalid argument
[1754990890.593554] [idcgpu01:2716044:0]             sys.c:440  UCX  DEBUG failed to read from /sys/class/infiniband/mlx5_0/ports/1/gid_attrs/types/180: Invalid argument
[1754990890.593564] [idcgpu01:2716044:0]             sys.c:440  UCX  DEBUG failed to read from /sys/class/infiniband/mlx5_0/ports/1/gid_attrs/types/181: Invalid argument
[1754990890.593574] [idcgpu01:2716044:0]             sys.c:440  UCX  DEBUG failed to read from /sys/class/infiniband/mlx5_0/ports/1/gid_attrs/types/182: Invalid argument
[1754990890.593583] [idcgpu01:2716044:0]             sys.c:440  UCX  DEBUG failed to read from /sys/class/infiniband/mlx5_0/ports/1/gid_attrs/types/183: Invalid argument
[1754990890.593594] [idcgpu01:2716044:0]             sys.c:440  UCX  DEBUG failed to read from /sys/class/infiniband/mlx5_0/ports/1/gid_attrs/types/184: Invalid argument
[1754990890.593604] [idcgpu01:2716044:0]             sys.c:440  UCX  DEBUG failed to read from /sys/class/infiniband/mlx5_0/ports/1/gid_attrs/types/185: Invalid argument
[1754990890.593613] [idcgpu01:2716044:0]             sys.c:440  UCX  DEBUG failed to read from /sys/class/infiniband/mlx5_0/ports/1/gid_attrs/types/186: Invalid argument
[1754990890.593623] [idcgpu01:2716044:0]             sys.c:440  UCX  DEBUG failed to read from /sys/class/infiniband/mlx5_0/ports/1/gid_attrs/types/187: Invalid argument
[1754990890.593633] [idcgpu01:2716044:0]             sys.c:440  UCX  DEBUG failed to read from /sys/class/infiniband/mlx5_0/ports/1/gid_attrs/types/188: Invalid argument
[1754990890.593642] [idcgpu01:2716044:0]             sys.c:440  UCX  DEBUG failed to read from /sys/class/infiniband/mlx5_0/ports/1/gid_attrs/types/189: Invalid argument
[1754990890.593652] [idcgpu01:2716044:0]             sys.c:440  UCX  DEBUG failed to read from /sys/class/infiniband/mlx5_0/ports/1/gid_attrs/types/190: Invalid argument
[1754990890.593661] [idcgpu01:2716044:0]             sys.c:440  UCX  DEBUG failed to read from /sys/class/infiniband/mlx5_0/ports/1/gid_attrs/types/191: Invalid argument
[1754990890.593671] [idcgpu01:2716044:0]             sys.c:440  UCX  DEBUG failed to read from /sys/class/infiniband/mlx5_0/ports/1/gid_attrs/types/192: Invalid argument
[1754990890.593680] [idcgpu01:2716044:0]             sys.c:440  UCX  DEBUG failed to read from /sys/class/infiniband/mlx5_0/ports/1/gid_attrs/types/193: Invalid argument
[1754990890.593689] [idcgpu01:2716044:0]             sys.c:440  UCX  DEBUG failed to read from /sys/class/infiniband/mlx5_0/ports/1/gid_attrs/types/194: Invalid argument
[1754990890.593699] [idcgpu01:2716044:0]             sys.c:440  UCX  DEBUG failed to read from /sys/class/infiniband/mlx5_0/ports/1/gid_attrs/types/195: Invalid argument
[1754990890.593708] [idcgpu01:2716044:0]             sys.c:440  UCX  DEBUG failed to read from /sys/class/infiniband/mlx5_0/ports/1/gid_attrs/types/196: Invalid argument
[1754990890.593717] [idcgpu01:2716044:0]             sys.c:440  UCX  DEBUG failed to read from /sys/class/infiniband/mlx5_0/ports/1/gid_attrs/types/197: Invalid argument
[1754990890.593730] [idcgpu01:2716044:0]             sys.c:440  UCX  DEBUG failed to read from /sys/class/infiniband/mlx5_0/ports/1/gid_attrs/types/198: Invalid argument
[1754990890.593739] [idcgpu01:2716044:0]             sys.c:440  UCX  DEBUG failed to read from /sys/class/infiniband/mlx5_0/ports/1/gid_attrs/types/199: Invalid argument
[1754990890.593749] [idcgpu01:2716044:0]             sys.c:440  UCX  DEBUG failed to read from /sys/class/infiniband/mlx5_0/ports/1/gid_attrs/types/200: Invalid argument
[1754990890.593759] [idcgpu01:2716044:0]             sys.c:440  UCX  DEBUG failed to read from /sys/class/infiniband/mlx5_0/ports/1/gid_attrs/types/201: Invalid argument
[1754990890.593768] [idcgpu01:2716044:0]             sys.c:440  UCX  DEBUG failed to read from /sys/class/infiniband/mlx5_0/ports/1/gid_attrs/types/202: Invalid argument
[1754990890.593777] [idcgpu01:2716044:0]             sys.c:440  UCX  DEBUG failed to read from /sys/class/infiniband/mlx5_0/ports/1/gid_attrs/types/203: Invalid argument
[1754990890.593787] [idcgpu01:2716044:0]             sys.c:440  UCX  DEBUG failed to read from /sys/class/infiniband/mlx5_0/ports/1/gid_attrs/types/204: Invalid argument
[1754990890.593796] [idcgpu01:2716044:0]             sys.c:440  UCX  DEBUG failed to read from /sys/class/infiniband/mlx5_0/ports/1/gid_attrs/types/205: Invalid argument
[1754990890.593805] [idcgpu01:2716044:0]             sys.c:440  UCX  DEBUG failed to read from /sys/class/infiniband/mlx5_0/ports/1/gid_attrs/types/206: Invalid argument
[1754990890.593815] [idcgpu01:2716044:0]             sys.c:440  UCX  DEBUG failed to read from /sys/class/infiniband/mlx5_0/ports/1/gid_attrs/types/207: Invalid argument
[1754990890.593824] [idcgpu01:2716044:0]             sys.c:440  UCX  DEBUG failed to read from /sys/class/infiniband/mlx5_0/ports/1/gid_attrs/types/208: Invalid argument
[1754990890.593834] [idcgpu01:2716044:0]             sys.c:440  UCX  DEBUG failed to read from /sys/class/infiniband/mlx5_0/ports/1/gid_attrs/types/209: Invalid argument
[1754990890.593843] [idcgpu01:2716044:0]             sys.c:440  UCX  DEBUG failed to read from /sys/class/infiniband/mlx5_0/ports/1/gid_attrs/types/210: Invalid argument
[1754990890.593852] [idcgpu01:2716044:0]             sys.c:440  UCX  DEBUG failed to read from /sys/class/infiniband/mlx5_0/ports/1/gid_attrs/types/211: Invalid argument
[1754990890.593862] [idcgpu01:2716044:0]             sys.c:440  UCX  DEBUG failed to read from /sys/class/infiniband/mlx5_0/ports/1/gid_attrs/types/212: Invalid argument
[1754990890.593872] [idcgpu01:2716044:0]             sys.c:440  UCX  DEBUG failed to read from /sys/class/infiniband/mlx5_0/ports/1/gid_attrs/types/213: Invalid argument
[1754990890.593881] [idcgpu01:2716044:0]             sys.c:440  UCX  DEBUG failed to read from /sys/class/infiniband/mlx5_0/ports/1/gid_attrs/types/214: Invalid argument
[1754990890.593890] [idcgpu01:2716044:0]             sys.c:440  UCX  DEBUG failed to read from /sys/class/infiniband/mlx5_0/ports/1/gid_attrs/types/215: Invalid argument
[1754990890.593904] [idcgpu01:2716044:0]             sys.c:440  UCX  DEBUG failed to read from /sys/class/infiniband/mlx5_0/ports/1/gid_attrs/types/216: Invalid argument
[1754990890.593913] [idcgpu01:2716044:0]             sys.c:440  UCX  DEBUG failed to read from /sys/class/infiniband/mlx5_0/ports/1/gid_attrs/types/217: Invalid argument
[1754990890.593923] [idcgpu01:2716044:0]             sys.c:440  UCX  DEBUG failed to read from /sys/class/infiniband/mlx5_0/ports/1/gid_attrs/types/218: Invalid argument
[1754990890.593933] [idcgpu01:2716044:0]             sys.c:440  UCX  DEBUG failed to read from /sys/class/infiniband/mlx5_0/ports/1/gid_attrs/types/219: Invalid argument
[1754990890.593942] [idcgpu01:2716044:0]             sys.c:440  UCX  DEBUG failed to read from /sys/class/infiniband/mlx5_0/ports/1/gid_attrs/types/220: Invalid argument
[1754990890.593952] [idcgpu01:2716044:0]             sys.c:440  UCX  DEBUG failed to read from /sys/class/infiniband/mlx5_0/ports/1/gid_attrs/types/221: Invalid argument
[1754990890.593967] [idcgpu01:2716044:0]             sys.c:440  UCX  DEBUG failed to read from /sys/class/infiniband/mlx5_0/ports/1/gid_attrs/types/222: Invalid argument
[1754990890.593976] [idcgpu01:2716044:0]             sys.c:440  UCX  DEBUG failed to read from /sys/class/infiniband/mlx5_0/ports/1/gid_attrs/types/223: Invalid argument
[1754990890.593985] [idcgpu01:2716044:0]             sys.c:440  UCX  DEBUG failed to read from /sys/class/infiniband/mlx5_0/ports/1/gid_attrs/types/224: Invalid argument
[1754990890.593995] [idcgpu01:2716044:0]             sys.c:440  UCX  DEBUG failed to read from /sys/class/infiniband/mlx5_0/ports/1/gid_attrs/types/225: Invalid argument
[1754990890.594006] [idcgpu01:2716044:0]             sys.c:440  UCX  DEBUG failed to read from /sys/class/infiniband/mlx5_0/ports/1/gid_attrs/types/226: Invalid argument
[1754990890.594015] [idcgpu01:2716044:0]             sys.c:440  UCX  DEBUG failed to read from /sys/class/infiniband/mlx5_0/ports/1/gid_attrs/types/227: Invalid argument
[1754990890.594025] [idcgpu01:2716044:0]             sys.c:440  UCX  DEBUG failed to read from /sys/class/infiniband/mlx5_0/ports/1/gid_attrs/types/228: Invalid argument
[1754990890.594034] [idcgpu01:2716044:0]             sys.c:440  UCX  DEBUG failed to read from /sys/class/infiniband/mlx5_0/ports/1/gid_attrs/types/229: Invalid argument
[1754990890.594044] [idcgpu01:2716044:0]             sys.c:440  UCX  DEBUG failed to read from /sys/class/infiniband/mlx5_0/ports/1/gid_attrs/types/230: Invalid argument
[1754990890.594053] [idcgpu01:2716044:0]             sys.c:440  UCX  DEBUG failed to read from /sys/class/infiniband/mlx5_0/ports/1/gid_attrs/types/231: Invalid argument
[1754990890.594062] [idcgpu01:2716044:0]             sys.c:440  UCX  DEBUG failed to read from /sys/class/infiniband/mlx5_0/ports/1/gid_attrs/types/232: Invalid argument
[1754990890.594072] [idcgpu01:2716044:0]             sys.c:440  UCX  DEBUG failed to read from /sys/class/infiniband/mlx5_0/ports/1/gid_attrs/types/233: Invalid argument
[1754990890.594082] [idcgpu01:2716044:0]             sys.c:440  UCX  DEBUG failed to read from /sys/class/infiniband/mlx5_0/ports/1/gid_attrs/types/234: Invalid argument
[1754990890.594091] [idcgpu01:2716044:0]             sys.c:440  UCX  DEBUG failed to read from /sys/class/infiniband/mlx5_0/ports/1/gid_attrs/types/235: Invalid argument
[1754990890.594101] [idcgpu01:2716044:0]             sys.c:440  UCX  DEBUG failed to read from /sys/class/infiniband/mlx5_0/ports/1/gid_attrs/types/236: Invalid argument
[1754990890.594110] [idcgpu01:2716044:0]             sys.c:440  UCX  DEBUG failed to read from /sys/class/infiniband/mlx5_0/ports/1/gid_attrs/types/237: Invalid argument
[1754990890.594120] [idcgpu01:2716044:0]             sys.c:440  UCX  DEBUG failed to read from /sys/class/infiniband/mlx5_0/ports/1/gid_attrs/types/238: Invalid argument
[1754990890.594129] [idcgpu01:2716044:0]             sys.c:440  UCX  DEBUG failed to read from /sys/class/infiniband/mlx5_0/ports/1/gid_attrs/types/239: Invalid argument
[1754990890.594138] [idcgpu01:2716044:0]             sys.c:440  UCX  DEBUG failed to read from /sys/class/infiniband/mlx5_0/ports/1/gid_attrs/types/240: Invalid argument
[1754990890.594148] [idcgpu01:2716044:0]             sys.c:440  UCX  DEBUG failed to read from /sys/class/infiniband/mlx5_0/ports/1/gid_attrs/types/241: Invalid argument
[1754990890.594157] [idcgpu01:2716044:0]             sys.c:440  UCX  DEBUG failed to read from /sys/class/infiniband/mlx5_0/ports/1/gid_attrs/types/242: Invalid argument
[1754990890.594166] [idcgpu01:2716044:0]             sys.c:440  UCX  DEBUG failed to read from /sys/class/infiniband/mlx5_0/ports/1/gid_attrs/types/243: Invalid argument
[1754990890.594176] [idcgpu01:2716044:0]             sys.c:440  UCX  DEBUG failed to read from /sys/class/infiniband/mlx5_0/ports/1/gid_attrs/types/244: Invalid argument
[1754990890.594185] [idcgpu01:2716044:0]             sys.c:440  UCX  DEBUG failed to read from /sys/class/infiniband/mlx5_0/ports/1/gid_attrs/types/245: Invalid argument
[1754990890.594199] [idcgpu01:2716044:0]             sys.c:440  UCX  DEBUG failed to read from /sys/class/infiniband/mlx5_0/ports/1/gid_attrs/types/246: Invalid argument
[1754990890.594208] [idcgpu01:2716044:0]             sys.c:440  UCX  DEBUG failed to read from /sys/class/infiniband/mlx5_0/ports/1/gid_attrs/types/247: Invalid argument
[1754990890.594218] [idcgpu01:2716044:0]             sys.c:440  UCX  DEBUG failed to read from /sys/class/infiniband/mlx5_0/ports/1/gid_attrs/types/248: Invalid argument
[1754990890.594228] [idcgpu01:2716044:0]             sys.c:440  UCX  DEBUG failed to read from /sys/class/infiniband/mlx5_0/ports/1/gid_attrs/types/249: Invalid argument
[1754990890.594237] [idcgpu01:2716044:0]             sys.c:440  UCX  DEBUG failed to read from /sys/class/infiniband/mlx5_0/ports/1/gid_attrs/types/250: Invalid argument
[1754990890.594246] [idcgpu01:2716044:0]             sys.c:440  UCX  DEBUG failed to read from /sys/class/infiniband/mlx5_0/ports/1/gid_attrs/types/251: Invalid argument
[1754990890.594256] [idcgpu01:2716044:0]             sys.c:440  UCX  DEBUG failed to read from /sys/class/infiniband/mlx5_0/ports/1/gid_attrs/types/252: Invalid argument
[1754990890.594265] [idcgpu01:2716044:0]             sys.c:440  UCX  DEBUG failed to read from /sys/class/infiniband/mlx5_0/ports/1/gid_attrs/types/253: Invalid argument
[1754990890.594275] [idcgpu01:2716044:0]             sys.c:440  UCX  DEBUG failed to read from /sys/class/infiniband/mlx5_0/ports/1/gid_attrs/types/254: Invalid argument
[1754990890.594282] [idcgpu01:2716044:0]         ib_mlx5.c:1079 UCX  DEBUG SL=0 (AR support - no) was selected on mlx5_0:1, SLs with AR support = { <none> }, SLs without AR support = { 0, 1, 2, 3, 4, 5, 6, 7, 8, 9, 10, 11, 12, 13, 14, 15 }
[1754990890.594331] [idcgpu01:2716044:0]     timer_wheel.c:40   UCX  DEBUG high res timer created log=23 resolution=3993.441837 usec wanted: 2499.999985 usec
[1754990890.594344] [idcgpu01:2716044:0]           async.c:247  UCX  DEBUG added async handler 0x5555562bdc00 [id=79 ref 1] ???() to hash
[1754990890.594354] [idcgpu01:2716044:0]           async.c:521  UCX  DEBUG listening to async event fd 79 events 0x5 mode thread_spinlock
[1754990890.594439] [idcgpu01:2716044:0]      ucp_worker.c:1434 UCX  DEBUG created interface[13]=0x5555566af020 using ud_mlx5/mlx5_0:1 on worker 0x5555560608a0
[1754990890.594478] [idcgpu01:2716044:0]           mpool.c:136  UCX  DEBUG mpool uct_scopy_iface_tx_mp: align 64, maxelems 4294967295, elemsize 736
[1754990890.594493] [idcgpu01:2716044:0]      ucp_worker.c:1434 UCX  DEBUG created interface[14]=0x5555562f5820 using cma/memory on worker 0x5555560608a0
[1754990890.594512] [idcgpu01:2716044:0]           mpool.c:136  UCX  DEBUG mpool uct_scopy_iface_tx_mp: align 64, maxelems 4294967295, elemsize 736
[1754990890.594522] [idcgpu01:2716044:0]      ucp_worker.c:1434 UCX  DEBUG created interface[15]=0x55555676a290 using knem/memory on worker 0x5555560608a0
[1754990890.594527] [idcgpu01:2716044:0]      ucp_worker.c:1151 UCX  DEBUG selected scalable tl bitmap: 0xffff 0x0 (16 tls)
[1754990890.594562] [idcgpu01:2716044:0]           async.c:247  UCX  DEBUG added async handler 0x55555622ba80 [id=59 ref 1] ???() to hash
[1754990890.594568] [idcgpu01:2716044:0]           async.c:521  UCX  DEBUG listening to async event fd 59 events 0x0 mode thread_spinlock
[1754990890.594682] [idcgpu01:2716044:0]            topo.c:898  UCX  DEBUG /sys/class/net/bond0/lower_ens4f0: PF sysfs path is '/sys/devices/pci0000:95/0000:95:01.0/0000:96:00.0'
[1754990890.594804] [idcgpu01:2716044:0]            topo.c:898  UCX  DEBUG /sys/class/net/bond0/lower_ens4f0: PF sysfs path is '/sys/devices/pci0000:95/0000:95:01.0/0000:96:00.0'
[1754990890.594900] [idcgpu01:2716044:0]            topo.c:898  UCX  DEBUG /sys/class/net/bond0/lower_ens4f0: PF sysfs path is '/sys/devices/pci0000:95/0000:95:01.0/0000:96:00.0'
[1754990890.594988] [idcgpu01:2716044:0]            topo.c:898  UCX  DEBUG /sys/class/net/bond0/lower_ens4f0: PF sysfs path is '/sys/devices/pci0000:95/0000:95:01.0/0000:96:00.0'
[1754990890.595083] [idcgpu01:2716044:0]            topo.c:898  UCX  DEBUG /sys/class/net/bond0/lower_ens4f0: PF sysfs path is '/sys/devices/pci0000:95/0000:95:01.0/0000:96:00.0'
[1754990890.595121] [idcgpu01:2716044:0]           async.c:247  UCX  DEBUG added async handler 0x555556085d50 [id=61 ref 1] ???() to hash
[1754990890.595127] [idcgpu01:2716044:0]           async.c:521  UCX  DEBUG listening to async event fd 61 events 0x0 mode thread_spinlock
[1754990890.595763] [idcgpu01:2716044:0]            topo.c:898  UCX  DEBUG /sys/class/net/ens2np0: PF sysfs path is '/sys/devices/pci0000:03/0000:03:01.0/0000:04:00.0/0000:05:0c.0/0000:0f:00.0/0000:10:10.0/0000:12:00.0'
[1754990890.596429] [idcgpu01:2716044:0]            topo.c:898  UCX  DEBUG /sys/class/net/ens2np0: PF sysfs path is '/sys/devices/pci0000:03/0000:03:01.0/0000:04:00.0/0000:05:0c.0/0000:0f:00.0/0000:10:10.0/0000:12:00.0'
[1754990890.597306] [idcgpu01:2716044:0]            topo.c:898  UCX  DEBUG /sys/class/net/ens2np0: PF sysfs path is '/sys/devices/pci0000:03/0000:03:01.0/0000:04:00.0/0000:05:0c.0/0000:0f:00.0/0000:10:10.0/0000:12:00.0'
[1754990890.598088] [idcgpu01:2716044:0]            topo.c:898  UCX  DEBUG /sys/class/net/ens2np0: PF sysfs path is '/sys/devices/pci0000:03/0000:03:01.0/0000:04:00.0/0000:05:0c.0/0000:0f:00.0/0000:10:10.0/0000:12:00.0'
[1754990890.598745] [idcgpu01:2716044:0]            topo.c:898  UCX  DEBUG /sys/class/net/ens2np0: PF sysfs path is '/sys/devices/pci0000:03/0000:03:01.0/0000:04:00.0/0000:05:0c.0/0000:0f:00.0/0000:10:10.0/0000:12:00.0'
[1754990890.598813] [idcgpu01:2716044:0]           async.c:247  UCX  DEBUG added async handler 0x55555622bbe0 [id=63 ref 1] ???() to hash
[1754990890.598825] [idcgpu01:2716044:0]           async.c:521  UCX  DEBUG listening to async event fd 63 events 0x0 mode thread_spinlock
[1754990890.598949] [idcgpu01:2716044:0]            topo.c:898  UCX  DEBUG /sys/class/net/flannel.1/lower_bond0/lower_ens4f0: PF sysfs path is '/sys/devices/pci0000:95/0000:95:01.0/0000:96:00.0'
[1754990890.599071] [idcgpu01:2716044:0]            topo.c:898  UCX  DEBUG /sys/class/net/flannel.1/lower_bond0/lower_ens4f0: PF sysfs path is '/sys/devices/pci0000:95/0000:95:01.0/0000:96:00.0'
[1754990890.599186] [idcgpu01:2716044:0]            topo.c:898  UCX  DEBUG /sys/class/net/flannel.1/lower_bond0/lower_ens4f0: PF sysfs path is '/sys/devices/pci0000:95/0000:95:01.0/0000:96:00.0'
[1754990890.599299] [idcgpu01:2716044:0]            topo.c:898  UCX  DEBUG /sys/class/net/flannel.1/lower_bond0/lower_ens4f0: PF sysfs path is '/sys/devices/pci0000:95/0000:95:01.0/0000:96:00.0'
[1754990890.599412] [idcgpu01:2716044:0]            topo.c:898  UCX  DEBUG /sys/class/net/flannel.1/lower_bond0/lower_ens4f0: PF sysfs path is '/sys/devices/pci0000:95/0000:95:01.0/0000:96:00.0'
[1754990890.599450] [idcgpu01:2716044:0]           async.c:247  UCX  DEBUG added async handler 0x55555622bc40 [id=65 ref 1] ???() to hash
[1754990890.599457] [idcgpu01:2716044:0]           async.c:521  UCX  DEBUG listening to async event fd 65 events 0x0 mode thread_spinlock
[1754990890.599465] [idcgpu01:2716044:0]            sock.c:90   UCX  DEBUG ioctl(req=35142, ifr_name=lo) failed: Operation not supported
[1754990890.599468] [idcgpu01:2716044:0]         tcp_net.c:61   UCX  DEBUG speed of lo is UNKNOWN, assuming 100 Mbps
[1754990890.599513] [idcgpu01:2716044:0]            topo.c:895  UCX  DEBUG /sys/class/net/lo: sysfs path undetected
[1754990890.599514] [idcgpu01:2716044:0]            topo.c:848  UCX  DEBUG lo: pci bandwidth undetected, using maximal value
[1754990890.599541] [idcgpu01:2716044:0]            sock.c:90   UCX  DEBUG ioctl(req=35142, ifr_name=lo) failed: Operation not supported
[1754990890.599544] [idcgpu01:2716044:0]         tcp_net.c:61   UCX  DEBUG speed of lo is UNKNOWN, assuming 100 Mbps
[1754990890.599578] [idcgpu01:2716044:0]            topo.c:895  UCX  DEBUG /sys/class/net/lo: sysfs path undetected
[1754990890.599580] [idcgpu01:2716044:0]            topo.c:848  UCX  DEBUG lo: pci bandwidth undetected, using maximal value
[1754990890.599626] [idcgpu01:2716044:0]            sock.c:90   UCX  DEBUG ioctl(req=35142, ifr_name=lo) failed: Operation not supported
[1754990890.599629] [idcgpu01:2716044:0]         tcp_net.c:61   UCX  DEBUG speed of lo is UNKNOWN, assuming 100 Mbps
[1754990890.599663] [idcgpu01:2716044:0]            topo.c:895  UCX  DEBUG /sys/class/net/lo: sysfs path undetected
[1754990890.599664] [idcgpu01:2716044:0]            topo.c:848  UCX  DEBUG lo: pci bandwidth undetected, using maximal value
[1754990890.599690] [idcgpu01:2716044:0]            sock.c:90   UCX  DEBUG ioctl(req=35142, ifr_name=lo) failed: Operation not supported
[1754990890.599693] [idcgpu01:2716044:0]         tcp_net.c:61   UCX  DEBUG speed of lo is UNKNOWN, assuming 100 Mbps
[1754990890.599729] [idcgpu01:2716044:0]            topo.c:895  UCX  DEBUG /sys/class/net/lo: sysfs path undetected
[1754990890.599730] [idcgpu01:2716044:0]            topo.c:848  UCX  DEBUG lo: pci bandwidth undetected, using maximal value
[1754990890.599756] [idcgpu01:2716044:0]            sock.c:90   UCX  DEBUG ioctl(req=35142, ifr_name=lo) failed: Operation not supported
[1754990890.599759] [idcgpu01:2716044:0]         tcp_net.c:61   UCX  DEBUG speed of lo is UNKNOWN, assuming 100 Mbps
[1754990890.599795] [idcgpu01:2716044:0]            topo.c:895  UCX  DEBUG /sys/class/net/lo: sysfs path undetected
[1754990890.599796] [idcgpu01:2716044:0]            topo.c:848  UCX  DEBUG lo: pci bandwidth undetected, using maximal value
[1754990890.599820] [idcgpu01:2716044:0]           async.c:247  UCX  DEBUG added async handler 0x555556159d80 [id=67 ref 1] ???() to hash
[1754990890.599827] [idcgpu01:2716044:0]           async.c:521  UCX  DEBUG listening to async event fd 67 events 0x0 mode thread_spinlock
[1754990890.599839] [idcgpu01:2716044:0]           async.c:247  UCX  DEBUG added async handler 0x55555676a990 [id=69 ref 1] ???() to hash
[1754990890.599845] [idcgpu01:2716044:0]           async.c:521  UCX  DEBUG listening to async event fd 69 events 0x0 mode thread_spinlock
[1754990890.599857] [idcgpu01:2716044:0]           async.c:247  UCX  DEBUG added async handler 0x55555676a9d0 [id=80 ref 1] ???() to hash
[1754990890.599862] [idcgpu01:2716044:0]           async.c:521  UCX  DEBUG listening to async event fd 80 events 0x0 mode thread_spinlock
[1754990890.599866] [idcgpu01:2716044:0]           async.c:247  UCX  DEBUG added async handler 0x55555676aa10 [id=81 ref 1] ???() to hash
[1754990890.599869] [idcgpu01:2716044:0]           async.c:521  UCX  DEBUG listening to async event fd 81 events 0x0 mode thread_spinlock
[1754990890.599871] [idcgpu01:2716044:0]           async.c:247  UCX  DEBUG added async handler 0x55555676aa50 [id=71 ref 1] ???() to hash
[1754990890.599875] [idcgpu01:2716044:0]           async.c:521  UCX  DEBUG listening to async event fd 71 events 0x0 mode thread_spinlock
[1754990890.599924] [idcgpu01:2716044:0]           async.c:247  UCX  DEBUG added async handler 0x55555676aa90 [id=75 ref 1] ???() to hash
[1754990890.599929] [idcgpu01:2716044:0]           async.c:521  UCX  DEBUG listening to async event fd 75 events 0x0 mode thread_spinlock
[1754990890.600180] [idcgpu01:2716044:0]           async.c:247  UCX  DEBUG added async handler 0x55555676aad0 [id=78 ref 1] ???() to hash
[1754990890.600186] [idcgpu01:2716044:0]           async.c:521  UCX  DEBUG listening to async event fd 78 events 0x0 mode thread_spinlock
[1754990890.600400] [idcgpu01:2716044:0]           async.c:247  UCX  DEBUG added async handler 0x55555676ad50 [id=82 ref 1] ???() to hash
[1754990890.600406] [idcgpu01:2716044:0]           async.c:521  UCX  DEBUG listening to async event fd 82 events 0x1 mode thread_spinlock
[1754990890.600410] [idcgpu01:2716044:0]       rdmacm_cm.c:981  UCX  DEBUG created rdmacm_cm 0x5555566d0010 with event_channel 0x55555676ae20 (fd=82)
[1754990890.600426] [idcgpu01:2716044:0]      tcp_sockcm.c:225  UCX  DEBUG created tcp_sockcm 0x5555566e1010
[1754990890.600946] [idcgpu01:2716044:0]          ucp_ep.c:405  UCX  DEBUG created ep 0x7fffe16d2000 to idcgpu01:2716044 mem_type_ep:cuda
[1754990890.601459] [idcgpu01:2716044:0]          wireup.c:1214 UCX  DEBUG   ep 0x7fffe16d2000: am_lane <none> wireup_msg_lane <none> cm_lane <none> keepalive_lane <none> reachable_mds 0x10
[1754990890.601480] [idcgpu01:2716044:0]          wireup.c:1237 UCX  DEBUG   ep 0x7fffe16d2000: lane[0]:  7:cuda_copy/cuda.0 md[4]        -> addr[0].md[4]/cuda_cpy/sysdev[0] seg 4294967295 rma_bw#0
[1754990890.601482] [idcgpu01:2716044:0]          wireup.c:1240 UCX  DEBUG   ep 0x7fffe16d2000: err mode 0, flags 0x1
[1754990890.603851] [idcgpu01:2716044:0]          ucp_ep.c:405  UCX  DEBUG created ep 0x7fffe16d20a0 to idcgpu01:2716044 mem_type_ep:cuda-managed
[1754990890.603976] [idcgpu01:2716044:0]          wireup.c:1214 UCX  DEBUG   ep 0x7fffe16d20a0: am_lane <none> wireup_msg_lane <none> cm_lane <none> keepalive_lane <none> reachable_mds 0x10
[1754990890.603979] [idcgpu01:2716044:0]          wireup.c:1237 UCX  DEBUG   ep 0x7fffe16d20a0: lane[0]:  7:cuda_copy/cuda.0 md[4]        -> addr[0].md[4]/cuda_cpy/sysdev[0] seg 4294967295 rma_bw#0
[1754990890.603981] [idcgpu01:2716044:0]          wireup.c:1240 UCX  DEBUG   ep 0x7fffe16d20a0: err mode 0, flags 0x1
[1754990890.605808] [idcgpu01:2716044:0]           mpool.c:136  UCX  DEBUG mpool ucp_requests: align 64, maxelems 4294967295, elemsize 288
[1754990890.605810] [idcgpu01:2716044:0]           mpool.c:136  UCX  DEBUG mpool ucp_rkeys: align 64, maxelems 4294967295, elemsize 112
[1754990890.605812] [idcgpu01:2716044:0]           mpool.c:136  UCX  DEBUG mpool ucp_reg_bufs: align 64, maxelems 4294967295, elemsize 8216
[1754990890.605815] [idcgpu01:2716044:0]           mpool.c:136  UCX  DEBUG mpool ucp_am_bufs: align 64, maxelems 4294967295, elemsize 161
[1754990890.605817] [idcgpu01:2716044:0]           mpool.c:136  UCX  DEBUG mpool ucp_am_bufs: align 64, maxelems 4294967295, elemsize 1121
[1754990890.605819] [idcgpu01:2716044:0]           mpool.c:136  UCX  DEBUG mpool ucp_am_bufs: align 64, maxelems 4294967295, elemsize 65633
[1754990890.605822] [idcgpu01:2716044:0]       mpool_set.c:129  UCX  DEBUG mpool_set:ucp_am_bufs, sizes map 0x80000440, largest size 65536, mpools num 3
[1754990890.605853] [idcgpu01:2716044:0]          parser.c:2335 UCX  INFO  UCX_* env variables: UCX_MAX_RNDV_RAILS=1 UCX_LOG_LEVEL=debug
[1754990890.609049] [idcgpu01:2716044:0]          ucp_ep.c:405  UCX  DEBUG created ep 0x7fffe16d2140 to idcgpu02:612621 from api call
[1754990890.609336] [idcgpu01:2716044:0]      ucp_worker.c:1903 UCX  INFO    perftest inter-node cfg#1 rma(rc_mlx5/mlx5_0:1)
[1754990890.609339] [idcgpu01:2716044:0]          wireup.c:1214 UCX  DEBUG   ep 0x7fffe16d2140: am_lane 0 wireup_msg_lane 1 cm_lane <none> keepalive_lane <none> reachable_mds 0x42
[1754990890.609344] [idcgpu01:2716044:0]          wireup.c:1237 UCX  DEBUG   ep 0x7fffe16d2140: lane[0]: 12:rc_mlx5/mlx5_0:1.0 md[6]      -> addr[12].md[6]/ib/sysdev[5] seg 4294967295 rma_bw#0 am
[1754990890.609347] [idcgpu01:2716044:0]          wireup.c:1237 UCX  DEBUG   ep 0x7fffe16d2140: lane[1]: 12:rc_mlx5/mlx5_0:1.1 md[6]      -> addr[12].md[6]/ib/sysdev[5] seg 4294967295 rma_bw#1 wireup
[1754990890.609348] [idcgpu01:2716044:0]          wireup.c:1240 UCX  DEBUG   ep 0x7fffe16d2140: err mode 0, flags 0x0
[1754990890.614154] [idcgpu01:2716044:0]           rc_ep.c:165  UCX  DEBUG   created rc ep 0x555555ff6e30
[1754990890.861265] [idcgpu01:2716044:0]           mpool.c:281  UCX  DEBUG   mpool rc_recv_desc: allocated chunk 0x7fffc1c00018 of 39845864 bytes with 4752 elements
[1754990890.861714] [idcgpu01:2716044:0]       wireup_ep.c:508  UCX  DEBUG   ep 0x7fffe16d2140: wireup_ep 0x5555567c8070 created next_ep 0x555555ff6e30 to idcgpu02:612621 using rc_mlx5/mlx5_0:1
[1754990890.867413] [idcgpu01:2716044:0]           rc_ep.c:165  UCX  DEBUG   created rc ep 0x5555567c87e0
[1754990890.867417] [idcgpu01:2716044:0]       wireup_ep.c:508  UCX  DEBUG   ep 0x7fffe16d2140: wireup_ep 0x5555567c84f0 created next_ep 0x5555567c87e0 to idcgpu02:612621 using rc_mlx5/mlx5_0:1
[1754990890.872081] [idcgpu01:2716044:0]        ib_iface.c:936  UCX  DEBUG   iface 0x5555566af020: ah_attr dlid=49152 sl=0 port=1 src_path_bits=0 dgid=::ffff:192.168.1.2 flow_label=0xffffffff sgid_index=3 traffic_class=106
[1754990890.872139] [idcgpu01:2716044:0]        ib_iface.c:936  UCX  DEBUG   iface 0x5555566af020: ah_attr dlid=49152 sl=0 port=1 src_path_bits=0 dgid=::ffff:192.168.1.2 flow_label=0xffffffff sgid_index=3 traffic_class=106
[1754990890.872153] [idcgpu01:2716044:0]           ud_ep.c:405  UCX  DEBUG   created ep ep=0x5555567c8b20 iface=0x5555566af020 id=0
[1754990890.872158] [idcgpu01:2716044:0]           ud_ep.c:508  UCX  DEBUG   mlx5_0:1/RoCE lid 0 qpn 0x1fec epid 0 ep 0x5555567c8b20 connected to IFACE ::ffff:192.168.1.2pkey 0xffff  qpn 0x7b01
[1754990890.872160] [idcgpu01:2716044:0]        ib_iface.c:936  UCX  DEBUG   iface 0x5555566af020: ah_attr dlid=49152 sl=0 port=1 src_path_bits=0 dgid=::ffff:192.168.1.2 flow_label=0xffffffff sgid_index=3 traffic_class=106
[1754990890.872164] [idcgpu01:2716044:0]        ib_iface.c:936  UCX  DEBUG   iface 0x5555566af020: ah_attr dlid=49152 sl=0 port=1 src_path_bits=0 dgid=::ffff:192.168.1.2 flow_label=0xffffffff sgid_index=3 traffic_class=106
[1754990890.914351] [idcgpu01:2716044:0]           mpool.c:281  UCX  DEBUG   mpool ud_tx_skb: allocated chunk 0x7fffc1400018 of 6291432 bytes with 1489 elements
[1754990890.914487] [idcgpu01:2716044:0]           async.c:247  UCX  DEBUG   added async handler 0x55555676ab60 [id=1000023 ref 1] ???() to hash
[1754990890.914503] [idcgpu01:2716044:0]       wireup_ep.c:286  UCX  DEBUG   ep 0x7fffe16d2140: wireup_ep 0x5555567c84f0 created aux_ep 0x5555567c8b20 to idcgpu02:612621 using ud_mlx5/mlx5_0:1
[1754990890.914518] [idcgpu01:2716044:0]          wireup.c:1791 UCX  DEBUG ep 0x7fffe16d2140: send wireup request (flags=0x40)
[1754990890.925100] [idcgpu01:2716044:0]           mpool.c:281  UCX  DEBUG   mpool ucp_rkeys: allocated chunk 0x555556794060 of 16472 bytes with 128 elements
[1754990890.925114] [idcgpu01:2716044:a]        ib_iface.c:936  UCX  DEBUG iface 0x5555566af020: ah_attr dlid=49152 sl=0 port=1 src_path_bits=0 dgid=::ffff:192.168.1.2 flow_label=0xffffffff sgid_index=3 traffic_class=106
[1754990890.925124] [idcgpu01:2716044:a]           ud_ep.c:819  UCX  DEBUG simultaneous CREQ ep=0x5555567c8b20(iface=0x5555566af020 conn_sn=0 ep_id=0, dest_ep_id=0 rx_psn=1)
[1754990891.094094] [idcgpu01:2716044:a]           mpool.c:281  UCX  DEBUG mpool ud_recv_skb: allocated chunk 0x7fffbaa00018 of 20971496 bytes with 4964 elements
[1754990891.123291] [idcgpu01:2716044:0]          ucp_ep.c:405  UCX  DEBUG created ep 0x7fffe16d21e0 to idcgpu01:2716044 from api call
[1754990891.123553] [idcgpu01:2716044:0]      ucp_worker.c:1903 UCX  INFO    perftest self cfg#2 rma(self/memory rc_mlx5/mlx5_0:1)
[1754990891.123558] [idcgpu01:2716044:0]          wireup.c:1214 UCX  DEBUG   ep 0x7fffe16d21e0: am_lane 0 wireup_msg_lane 2 cm_lane <none> keepalive_lane <none> reachable_mds 0x1df
[1754990891.123562] [idcgpu01:2716044:0]          wireup.c:1237 UCX  DEBUG   ep 0x7fffe16d21e0: lane[0]:  0:self/memory.0 md[0]           -> addr[0].md[0]/self/sysdev[255] seg 4294967295 am rkey_ptr
[1754990891.123564] [idcgpu01:2716044:0]          wireup.c:1237 UCX  DEBUG   ep 0x7fffe16d21e0: lane[1]: 12:rc_mlx5/mlx5_0:1.0 md[6]      -> addr[12].md[6]/ib/sysdev[5] seg 4294967295 rma_bw#0
[1754990891.123566] [idcgpu01:2716044:0]          wireup.c:1237 UCX  DEBUG   ep 0x7fffe16d21e0: lane[2]: 12:rc_mlx5/mlx5_0:1.1 md[6]      -> addr[12].md[6]/ib/sysdev[5] seg 4294967295 rma_bw#1 wireup
[1754990891.123568] [idcgpu01:2716044:0]          wireup.c:1237 UCX  DEBUG   ep 0x7fffe16d21e0: lane[3]: 15:knem/memory.0 md[8]           -> addr[15].md[8]/knem/sysdev[255] seg 4294967295 rma_bw#2
[1754990891.123569] [idcgpu01:2716044:0]          wireup.c:1240 UCX  DEBUG   ep 0x7fffe16d21e0: err mode 0, flags 0x1
[1754990891.127823] [idcgpu01:2716044:0]           rc_ep.c:165  UCX  DEBUG   created rc ep 0x555556793770
[1754990891.127833] [idcgpu01:2716044:0]       wireup_ep.c:508  UCX  DEBUG   ep 0x7fffe16d21e0: wireup_ep 0x555556793480 created next_ep 0x555556793770 to idcgpu01:2716044 using rc_mlx5/mlx5_0:1
[1754990891.130335] [idcgpu01:2716044:0]           rc_ep.c:165  UCX  DEBUG   created rc ep 0x555556793c10
[1754990891.130344] [idcgpu01:2716044:0]       wireup_ep.c:508  UCX  DEBUG   ep 0x7fffe16d21e0: wireup_ep 0x555556793920 created next_ep 0x555556793c10 to idcgpu01:2716044 using rc_mlx5/mlx5_0:1
[1754990891.132291] [idcgpu01:2716044:0]        ib_iface.c:936  UCX  DEBUG   iface 0x5555566af020: ah_attr dlid=49152 sl=0 port=1 src_path_bits=0 dgid=::ffff:192.168.1.1 flow_label=0xffffffff sgid_index=3 traffic_class=106
[1754990891.132350] [idcgpu01:2716044:0]        ib_iface.c:936  UCX  DEBUG   iface 0x5555566af020: ah_attr dlid=49152 sl=0 port=1 src_path_bits=0 dgid=::ffff:192.168.1.1 flow_label=0xffffffff sgid_index=3 traffic_class=106
[1754990891.132359] [idcgpu01:2716044:0]           ud_ep.c:405  UCX  DEBUG   created ep ep=0x5555567a4130 iface=0x5555566af020 id=1
[1754990891.132363] [idcgpu01:2716044:0]           ud_ep.c:508  UCX  DEBUG   mlx5_0:1/RoCE lid 0 qpn 0x1fec epid 1 ep 0x5555567a4130 connected to IFACE ::ffff:192.168.1.1pkey 0xffff  qpn 0x1fec
[1754990891.132365] [idcgpu01:2716044:0]        ib_iface.c:936  UCX  DEBUG   iface 0x5555566af020: ah_attr dlid=49152 sl=0 port=1 src_path_bits=0 dgid=::ffff:192.168.1.1 flow_label=0xffffffff sgid_index=3 traffic_class=106
[1754990891.132368] [idcgpu01:2716044:0]        ib_iface.c:936  UCX  DEBUG   iface 0x5555566af020: ah_attr dlid=49152 sl=0 port=1 src_path_bits=0 dgid=::ffff:192.168.1.1 flow_label=0xffffffff sgid_index=3 traffic_class=106
[1754990891.132381] [idcgpu01:2716044:0]       wireup_ep.c:286  UCX  DEBUG   ep 0x7fffe16d21e0: wireup_ep 0x555556793920 created aux_ep 0x5555567a4130 to idcgpu01:2716044 using ud_mlx5/mlx5_0:1
[1754990891.134058] [idcgpu01:2716044:0]          wireup.c:1791 UCX  DEBUG ep 0x7fffe16d21e0: send wireup request (flags=0x200080)
[1754990891.136980] [idcgpu01:2716044:a]        ib_iface.c:936  UCX  DEBUG iface 0x5555566af020: ah_attr dlid=49152 sl=0 port=1 src_path_bits=0 dgid=::ffff:192.168.1.1 flow_label=0xffffffff sgid_index=3 traffic_class=106
[1754990891.136992] [idcgpu01:2716044:a]           ud_ep.c:819  UCX  DEBUG simultaneous CREQ ep=0x5555567a4130(iface=0x5555566af020 conn_sn=0 ep_id=1, dest_ep_id=1 rx_psn=1)
[1754990891.141615] [idcgpu01:2716044:0]           mpool.c:281  UCX  DEBUG mpool ucp_requests: allocated chunk 0x5555567fb894 of 41044 bytes with 128 elements
[1754990891.142759] [idcgpu01:2716044:0]        ib_iface.c:936  UCX  DEBUG   iface 0x55555656d020: ah_attr dlid=49152 sl=0 port=1 src_path_bits=0 dgid=::ffff:192.168.1.2 flow_label=0xffffffff sgid_index=3 traffic_class=106
[1754990891.144019] [idcgpu01:2716044:0]    rc_mlx5_devx.c:506  UCX  DEBUG   connected rc devx qp 0xc3a on mlx5_0:1/RoCE to lid 49152(+0) sl 0 remote_qp 0x6750 mtu 4096 timer 18x7 rnr 13x7 rd_atom 16
[1754990891.144023] [idcgpu01:2716044:0]        ib_iface.c:936  UCX  DEBUG   iface 0x55555656d020: ah_attr dlid=49153 sl=0 port=1 src_path_bits=0 dgid=::ffff:192.168.1.2 flow_label=0xfffffffe sgid_index=3 traffic_class=106
[1754990891.144351] [idcgpu01:2716044:0]    rc_mlx5_devx.c:506  UCX  DEBUG   connected rc devx qp 0xc3b on mlx5_0:1/RoCE to lid 49153(+0) sl 0 remote_qp 0x6751 mtu 4096 timer 18x7 rnr 13x7 rd_atom 16
[1754990891.144490] [idcgpu01:2716044:0]        ib_iface.c:936  UCX  DEBUG   iface 0x55555656d020: ah_attr dlid=49152 sl=0 port=1 src_path_bits=0 dgid=::ffff:192.168.1.1 flow_label=0xffffffff sgid_index=3 traffic_class=106
[1754990891.145258] [idcgpu01:2716044:0]    rc_mlx5_devx.c:506  UCX  DEBUG   connected rc devx qp 0xc3c on mlx5_0:1/RoCE to lid 49152(+0) sl 0 remote_qp 0xc3c mtu 4096 timer 18x7 rnr 13x7 rd_atom 16
[1754990891.145260] [idcgpu01:2716044:0]        ib_iface.c:936  UCX  DEBUG   iface 0x55555656d020: ah_attr dlid=49153 sl=0 port=1 src_path_bits=0 dgid=::ffff:192.168.1.1 flow_label=0xfffffffe sgid_index=3 traffic_class=106
[1754990891.145570] [idcgpu01:2716044:0]    rc_mlx5_devx.c:506  UCX  DEBUG   connected rc devx qp 0xc3d on mlx5_0:1/RoCE to lid 49153(+0) sl 0 remote_qp 0xc3d mtu 4096 timer 18x7 rnr 13x7 rd_atom 16
[1754990891.154695] [idcgpu01:2716044:0]           flush.c:386  UCX  DEBUG flush_worker ep 0x7fffe16d2140
[1754990891.155917] [idcgpu01:2716044:0]       wireup_ep.c:440  UCX  DEBUG ep 0x7fffe16d2140: destroy wireup ep 0x5555567c8070
[1754990891.157100] [idcgpu01:2716044:0]       wireup_ep.c:440  UCX  DEBUG ep 0x7fffe16d2140: destroy wireup ep 0x5555567c84f0
[1754990891.170676] [idcgpu01:2716044:0]           mpool.c:281  UCX  DEBUG mpool rc_send_desc: allocated chunk 0x7fffc0800018 of 10485736 bytes with 1250 elements
[1754990891.170835] [idcgpu01:2716044:0]           flush.c:386  UCX  DEBUG flush_worker ep 0x7fffe16d21e0
[1754990891.171946] [idcgpu01:2716044:0]           mpool.c:281  UCX  DEBUG mpool send-ops-mpool: allocated chunk 0x555556805b30 of 16472 bytes with 256 elements
[1754990891.173149] [idcgpu01:2716044:0]           ud_ep.c:1783 UCX  DEBUG ep 0x5555567c8b20: disconnect
[1754990891.174396] [idcgpu01:2716044:0]       wireup_ep.c:440  UCX  DEBUG ep 0x7fffe16d21e0: destroy wireup ep 0x555556793480
[1754990891.175582] [idcgpu01:2716044:0]       wireup_ep.c:440  UCX  DEBUG ep 0x7fffe16d21e0: destroy wireup ep 0x555556793920
[1754990891.175604] [idcgpu01:2716044:0]           async.c:172  UCX  DEBUG removed async handler 0x55555676ab60 [id=1000023 ref 1] ???() from hash
[1754990891.175607] [idcgpu01:2716044:0]           async.c:575  UCX  DEBUG removing async handler 0x55555676ab60 [id=1000023 ref 1] ???()
[1754990891.175616] [idcgpu01:2716044:0]           async.c:187  UCX  DEBUG release async handler 0x55555676ab60 [id=1000023 ref 0] ???()
[1754990891.177710] [idcgpu01:2716044:0]           ud_ep.c:1783 UCX  DEBUG ep 0x5555567a4130: disconnect
[1754990891.234609] [idcgpu01:2716044:0]           flush.c:386  UCX  DEBUG flush_nbx ep 0x7fffe16d21e0
[1754990891.244354] [idcgpu01:2716044:0]           flush.c:386  UCX  DEBUG flush_nbx ep 0x7fffe16d21e0
[1754990891.260218] [idcgpu01:2716044:0]           flush.c:386  UCX  DEBUG flush_nbx ep 0x7fffe16d21e0
[1754990891.269685] [idcgpu01:2716044:0]           flush.c:386  UCX  DEBUG flush_nbx ep 0x7fffe16d21e0
[1754990891.279092] [idcgpu01:2716044:0]           flush.c:386  UCX  DEBUG flush_nbx ep 0x7fffe16d21e0
[1754990891.294143] [idcgpu01:2716044:0]           flush.c:386  UCX  DEBUG flush_nbx ep 0x7fffe16d21e0
[1754990891.303560] [idcgpu01:2716044:0]           flush.c:386  UCX  DEBUG flush_nbx ep 0x7fffe16d21e0
[1754990891.312597] [idcgpu01:2716044:0]           flush.c:386  UCX  DEBUG flush_nbx ep 0x7fffe16d21e0
[1754990891.339446] [idcgpu01:2716044:0]           flush.c:386  UCX  DEBUG flush_nbx ep 0x7fffe16d21e0
[1754990891.346818] [idcgpu01:2716044:0]           flush.c:386  UCX  DEBUG flush_nbx ep 0x7fffe16d21e0
[1754990891.354292] [idcgpu01:2716044:0]           flush.c:386  UCX  DEBUG flush_nbx ep 0x7fffe16d21e0
[1754990891.361637] [idcgpu01:2716044:0]           flush.c:386  UCX  DEBUG flush_nbx ep 0x7fffe16d21e0
[1754990891.368981] [idcgpu01:2716044:0]           flush.c:386  UCX  DEBUG flush_nbx ep 0x7fffe16d21e0
[1754990891.376305] [idcgpu01:2716044:0]           flush.c:386  UCX  DEBUG flush_nbx ep 0x7fffe16d21e0
[1754990891.383717] [idcgpu01:2716044:0]           flush.c:386  UCX  DEBUG flush_nbx ep 0x7fffe16d21e0
[1754990891.391131] [idcgpu01:2716044:0]           flush.c:386  UCX  DEBUG flush_nbx ep 0x7fffe16d21e0
[1754990891.398547] [idcgpu01:2716044:0]           flush.c:386  UCX  DEBUG flush_nbx ep 0x7fffe16d21e0
[1754990891.405920] [idcgpu01:2716044:0]           flush.c:386  UCX  DEBUG flush_nbx ep 0x7fffe16d21e0
[1754990891.413308] [idcgpu01:2716044:0]           flush.c:386  UCX  DEBUG flush_nbx ep 0x7fffe16d21e0
[1754990891.420591] [idcgpu01:2716044:0]           flush.c:386  UCX  DEBUG flush_nbx ep 0x7fffe16d21e0
[1754990891.427844] [idcgpu01:2716044:0]           flush.c:386  UCX  DEBUG flush_nbx ep 0x7fffe16d21e0
[1754990891.435112] [idcgpu01:2716044:0]           flush.c:386  UCX  DEBUG flush_nbx ep 0x7fffe16d21e0
[1754990891.442391] [idcgpu01:2716044:0]           flush.c:386  UCX  DEBUG flush_nbx ep 0x7fffe16d21e0
[1754990891.449658] [idcgpu01:2716044:0]           flush.c:386  UCX  DEBUG flush_nbx ep 0x7fffe16d21e0
[1754990891.456978] [idcgpu01:2716044:0]           flush.c:386  UCX  DEBUG flush_nbx ep 0x7fffe16d21e0
[1754990891.464278] [idcgpu01:2716044:0]           flush.c:386  UCX  DEBUG flush_nbx ep 0x7fffe16d21e0
[1754990891.471525] [idcgpu01:2716044:0]           flush.c:386  UCX  DEBUG flush_nbx ep 0x7fffe16d21e0
[1754990891.478815] [idcgpu01:2716044:0]           flush.c:386  UCX  DEBUG flush_nbx ep 0x7fffe16d21e0
[1754990891.486126] [idcgpu01:2716044:0]           flush.c:386  UCX  DEBUG flush_nbx ep 0x7fffe16d21e0
[1754990891.493420] [idcgpu01:2716044:0]           flush.c:386  UCX  DEBUG flush_nbx ep 0x7fffe16d21e0
[1754990891.500742] [idcgpu01:2716044:0]           flush.c:386  UCX  DEBUG flush_nbx ep 0x7fffe16d21e0
[1754990891.508081] [idcgpu01:2716044:0]           flush.c:386  UCX  DEBUG flush_nbx ep 0x7fffe16d21e0
[1754990891.515432] [idcgpu01:2716044:0]           flush.c:386  UCX  DEBUG flush_nbx ep 0x7fffe16d21e0
[1754990891.522773] [idcgpu01:2716044:0]           flush.c:386  UCX  DEBUG flush_nbx ep 0x7fffe16d21e0
[1754990891.530181] [idcgpu01:2716044:0]           flush.c:386  UCX  DEBUG flush_nbx ep 0x7fffe16d21e0
[1754990891.537509] [idcgpu01:2716044:0]           flush.c:386  UCX  DEBUG flush_nbx ep 0x7fffe16d21e0
[1754990891.544701] [idcgpu01:2716044:0]           flush.c:386  UCX  DEBUG flush_nbx ep 0x7fffe16d21e0
[1754990891.552082] [idcgpu01:2716044:0]           flush.c:386  UCX  DEBUG flush_nbx ep 0x7fffe16d21e0
[1754990891.559395] [idcgpu01:2716044:0]           flush.c:386  UCX  DEBUG flush_nbx ep 0x7fffe16d21e0
[1754990891.566669] [idcgpu01:2716044:0]           flush.c:386  UCX  DEBUG flush_nbx ep 0x7fffe16d21e0
[1754990891.574066] [idcgpu01:2716044:0]           flush.c:386  UCX  DEBUG flush_nbx ep 0x7fffe16d21e0
[1754990891.581488] [idcgpu01:2716044:0]           flush.c:386  UCX  DEBUG flush_nbx ep 0x7fffe16d21e0
[1754990891.588870] [idcgpu01:2716044:0]           flush.c:386  UCX  DEBUG flush_nbx ep 0x7fffe16d21e0
[1754990891.596201] [idcgpu01:2716044:0]           flush.c:386  UCX  DEBUG flush_nbx ep 0x7fffe16d21e0
[1754990891.603546] [idcgpu01:2716044:0]           flush.c:386  UCX  DEBUG flush_nbx ep 0x7fffe16d21e0
[1754990891.610815] [idcgpu01:2716044:0]           flush.c:386  UCX  DEBUG flush_nbx ep 0x7fffe16d21e0
[1754990891.618238] [idcgpu01:2716044:0]           flush.c:386  UCX  DEBUG flush_nbx ep 0x7fffe16d21e0
[1754990891.625603] [idcgpu01:2716044:0]           flush.c:386  UCX  DEBUG flush_nbx ep 0x7fffe16d21e0
[1754990891.632943] [idcgpu01:2716044:0]           flush.c:386  UCX  DEBUG flush_nbx ep 0x7fffe16d21e0
[1754990891.640263] [idcgpu01:2716044:0]           flush.c:386  UCX  DEBUG flush_nbx ep 0x7fffe16d21e0
[1754990891.647594] [idcgpu01:2716044:0]           flush.c:386  UCX  DEBUG flush_nbx ep 0x7fffe16d21e0
[1754990891.654863] [idcgpu01:2716044:0]           flush.c:386  UCX  DEBUG flush_nbx ep 0x7fffe16d21e0
[1754990891.662280] [idcgpu01:2716044:0]           flush.c:386  UCX  DEBUG flush_nbx ep 0x7fffe16d21e0
[1754990891.669561] [idcgpu01:2716044:0]           flush.c:386  UCX  DEBUG flush_nbx ep 0x7fffe16d21e0
[1754990891.676830] [idcgpu01:2716044:0]           flush.c:386  UCX  DEBUG flush_nbx ep 0x7fffe16d21e0
[1754990891.684128] [idcgpu01:2716044:0]           flush.c:386  UCX  DEBUG flush_nbx ep 0x7fffe16d21e0
[1754990891.691467] [idcgpu01:2716044:0]           flush.c:386  UCX  DEBUG flush_nbx ep 0x7fffe16d21e0
[1754990891.698725] [idcgpu01:2716044:0]           flush.c:386  UCX  DEBUG flush_nbx ep 0x7fffe16d21e0
[1754990891.706083] [idcgpu01:2716044:0]           flush.c:386  UCX  DEBUG flush_nbx ep 0x7fffe16d21e0
[1754990891.713385] [idcgpu01:2716044:0]           flush.c:386  UCX  DEBUG flush_nbx ep 0x7fffe16d21e0
[1754990891.720688] [idcgpu01:2716044:0]           flush.c:386  UCX  DEBUG flush_nbx ep 0x7fffe16d21e0
[1754990891.728048] [idcgpu01:2716044:0]           flush.c:386  UCX  DEBUG flush_nbx ep 0x7fffe16d21e0
[1754990891.735336] [idcgpu01:2716044:0]           flush.c:386  UCX  DEBUG flush_nbx ep 0x7fffe16d21e0
[1754990891.742562] [idcgpu01:2716044:0]           flush.c:386  UCX  DEBUG flush_nbx ep 0x7fffe16d21e0
[1754990891.749865] [idcgpu01:2716044:0]           flush.c:386  UCX  DEBUG flush_nbx ep 0x7fffe16d21e0
[1754990891.757167] [idcgpu01:2716044:0]           flush.c:386  UCX  DEBUG flush_nbx ep 0x7fffe16d21e0
[1754990891.764542] [idcgpu01:2716044:0]           flush.c:386  UCX  DEBUG flush_nbx ep 0x7fffe16d21e0
[1754990891.771827] [idcgpu01:2716044:0]           flush.c:386  UCX  DEBUG flush_nbx ep 0x7fffe16d21e0
[1754990891.779227] [idcgpu01:2716044:0]           flush.c:386  UCX  DEBUG flush_nbx ep 0x7fffe16d21e0
[1754990891.786547] [idcgpu01:2716044:0]           flush.c:386  UCX  DEBUG flush_nbx ep 0x7fffe16d21e0
[1754990891.793846] [idcgpu01:2716044:0]           flush.c:386  UCX  DEBUG flush_nbx ep 0x7fffe16d21e0
[1754990891.801149] [idcgpu01:2716044:0]           flush.c:386  UCX  DEBUG flush_nbx ep 0x7fffe16d21e0
[1754990891.808490] [idcgpu01:2716044:0]           flush.c:386  UCX  DEBUG flush_nbx ep 0x7fffe16d21e0
[1754990891.815824] [idcgpu01:2716044:0]           flush.c:386  UCX  DEBUG flush_nbx ep 0x7fffe16d21e0
[1754990891.823111] [idcgpu01:2716044:0]           flush.c:386  UCX  DEBUG flush_nbx ep 0x7fffe16d21e0
[1754990891.830522] [idcgpu01:2716044:0]           flush.c:386  UCX  DEBUG flush_nbx ep 0x7fffe16d21e0
[1754990891.837861] [idcgpu01:2716044:0]           flush.c:386  UCX  DEBUG flush_nbx ep 0x7fffe16d21e0
[1754990891.845208] [idcgpu01:2716044:0]           flush.c:386  UCX  DEBUG flush_nbx ep 0x7fffe16d21e0
[1754990891.852604] [idcgpu01:2716044:0]           flush.c:386  UCX  DEBUG flush_nbx ep 0x7fffe16d21e0
[1754990891.859902] [idcgpu01:2716044:0]           flush.c:386  UCX  DEBUG flush_nbx ep 0x7fffe16d21e0
[1754990891.867216] [idcgpu01:2716044:0]           flush.c:386  UCX  DEBUG flush_nbx ep 0x7fffe16d21e0
[1754990891.874535] [idcgpu01:2716044:0]           flush.c:386  UCX  DEBUG flush_nbx ep 0x7fffe16d21e0
[1754990891.881808] [idcgpu01:2716044:0]           flush.c:386  UCX  DEBUG flush_nbx ep 0x7fffe16d21e0
[1754990891.889133] [idcgpu01:2716044:0]           flush.c:386  UCX  DEBUG flush_nbx ep 0x7fffe16d21e0
[1754990891.896508] [idcgpu01:2716044:0]           flush.c:386  UCX  DEBUG flush_nbx ep 0x7fffe16d21e0
[1754990891.903797] [idcgpu01:2716044:0]           flush.c:386  UCX  DEBUG flush_nbx ep 0x7fffe16d21e0
[1754990891.911153] [idcgpu01:2716044:0]           flush.c:386  UCX  DEBUG flush_nbx ep 0x7fffe16d21e0
[1754990891.918491] [idcgpu01:2716044:0]           flush.c:386  UCX  DEBUG flush_nbx ep 0x7fffe16d21e0
[1754990891.925789] [idcgpu01:2716044:0]           flush.c:386  UCX  DEBUG flush_nbx ep 0x7fffe16d21e0
[1754990891.933090] [idcgpu01:2716044:0]           flush.c:386  UCX  DEBUG flush_nbx ep 0x7fffe16d21e0
[1754990891.940429] [idcgpu01:2716044:0]           flush.c:386  UCX  DEBUG flush_nbx ep 0x7fffe16d21e0
[1754990891.947741] [idcgpu01:2716044:0]           flush.c:386  UCX  DEBUG flush_nbx ep 0x7fffe16d21e0
[1754990891.955031] [idcgpu01:2716044:0]           flush.c:386  UCX  DEBUG flush_nbx ep 0x7fffe16d21e0
[1754990891.962383] [idcgpu01:2716044:0]           flush.c:386  UCX  DEBUG flush_nbx ep 0x7fffe16d21e0
[1754990891.969726] [idcgpu01:2716044:0]           flush.c:386  UCX  DEBUG flush_nbx ep 0x7fffe16d21e0
[1754990891.977057] [idcgpu01:2716044:0]           flush.c:386  UCX  DEBUG flush_nbx ep 0x7fffe16d21e0
[1754990891.984394] [idcgpu01:2716044:0]           flush.c:386  UCX  DEBUG flush_nbx ep 0x7fffe16d21e0
[1754990891.991718] [idcgpu01:2716044:0]           flush.c:386  UCX  DEBUG flush_nbx ep 0x7fffe16d21e0
[1754990891.999089] [idcgpu01:2716044:0]           flush.c:386  UCX  DEBUG flush_nbx ep 0x7fffe16d21e0
[1754990892.006439] [idcgpu01:2716044:0]           flush.c:386  UCX  DEBUG flush_nbx ep 0x7fffe16d21e0
[1754990892.013692] [idcgpu01:2716044:0]           flush.c:386  UCX  DEBUG flush_nbx ep 0x7fffe16d21e0
[1754990892.021003] [idcgpu01:2716044:0]           flush.c:386  UCX  DEBUG flush_nbx ep 0x7fffe16d21e0
[1754990892.028326] [idcgpu01:2716044:0]           flush.c:386  UCX  DEBUG flush_nbx ep 0x7fffe16d21e0
[1754990892.035657] [idcgpu01:2716044:0]           flush.c:386  UCX  DEBUG flush_nbx ep 0x7fffe16d21e0
[1754990892.043015] [idcgpu01:2716044:0]           flush.c:386  UCX  DEBUG flush_nbx ep 0x7fffe16d21e0
[1754990892.050372] [idcgpu01:2716044:0]           flush.c:386  UCX  DEBUG flush_nbx ep 0x7fffe16d21e0
[1754990892.057711] [idcgpu01:2716044:0]           flush.c:386  UCX  DEBUG flush_nbx ep 0x7fffe16d21e0
[1754990892.064965] [idcgpu01:2716044:0]           flush.c:386  UCX  DEBUG flush_nbx ep 0x7fffe16d21e0
[1754990892.072313] [idcgpu01:2716044:0]           flush.c:386  UCX  DEBUG flush_nbx ep 0x7fffe16d21e0
[1754990892.079586] [idcgpu01:2716044:0]           flush.c:386  UCX  DEBUG flush_nbx ep 0x7fffe16d21e0
[1754990892.087021] [idcgpu01:2716044:0]           flush.c:386  UCX  DEBUG flush_nbx ep 0x7fffe16d21e0
[1754990892.094369] [idcgpu01:2716044:0]           flush.c:386  UCX  DEBUG flush_nbx ep 0x7fffe16d21e0
[1754990892.101660] [idcgpu01:2716044:0]           flush.c:386  UCX  DEBUG flush_nbx ep 0x7fffe16d21e0
[1754990892.108986] [idcgpu01:2716044:0]           flush.c:386  UCX  DEBUG flush_nbx ep 0x7fffe16d21e0
[1754990892.116310] [idcgpu01:2716044:0]           flush.c:386  UCX  DEBUG flush_nbx ep 0x7fffe16d21e0
[1754990892.123618] [idcgpu01:2716044:0]           flush.c:386  UCX  DEBUG flush_nbx ep 0x7fffe16d21e0
[1754990892.130855] [idcgpu01:2716044:0]           flush.c:386  UCX  DEBUG flush_nbx ep 0x7fffe16d21e0
[1754990892.138214] [idcgpu01:2716044:0]           flush.c:386  UCX  DEBUG flush_nbx ep 0x7fffe16d21e0
[1754990892.145631] [idcgpu01:2716044:0]           flush.c:386  UCX  DEBUG flush_nbx ep 0x7fffe16d21e0
[1754990892.153042] [idcgpu01:2716044:0]           flush.c:386  UCX  DEBUG flush_nbx ep 0x7fffe16d21e0
[1754990892.160441] [idcgpu01:2716044:0]           flush.c:386  UCX  DEBUG flush_nbx ep 0x7fffe16d21e0
[1754990892.167694] [idcgpu01:2716044:0]           flush.c:386  UCX  DEBUG flush_nbx ep 0x7fffe16d21e0
[1754990892.175061] [idcgpu01:2716044:0]           flush.c:386  UCX  DEBUG flush_nbx ep 0x7fffe16d21e0
[1754990892.182388] [idcgpu01:2716044:0]           flush.c:386  UCX  DEBUG flush_nbx ep 0x7fffe16d21e0
[1754990892.189695] [idcgpu01:2716044:0]           flush.c:386  UCX  DEBUG flush_nbx ep 0x7fffe16d21e0
[1754990892.197029] [idcgpu01:2716044:0]           flush.c:386  UCX  DEBUG flush_nbx ep 0x7fffe16d21e0
[1754990892.204331] [idcgpu01:2716044:0]           flush.c:386  UCX  DEBUG flush_nbx ep 0x7fffe16d21e0
[1754990892.211617] [idcgpu01:2716044:0]           flush.c:386  UCX  DEBUG flush_nbx ep 0x7fffe16d21e0
[1754990892.218886] [idcgpu01:2716044:0]           flush.c:386  UCX  DEBUG flush_nbx ep 0x7fffe16d21e0
[1754990892.226185] [idcgpu01:2716044:0]           flush.c:386  UCX  DEBUG flush_nbx ep 0x7fffe16d21e0
[1754990892.233486] [idcgpu01:2716044:0]           flush.c:386  UCX  DEBUG flush_nbx ep 0x7fffe16d21e0
[1754990892.240788] [idcgpu01:2716044:0]           flush.c:386  UCX  DEBUG flush_nbx ep 0x7fffe16d21e0
[1754990892.248145] [idcgpu01:2716044:0]           flush.c:386  UCX  DEBUG flush_nbx ep 0x7fffe16d21e0
[1754990892.255477] [idcgpu01:2716044:0]           flush.c:386  UCX  DEBUG flush_nbx ep 0x7fffe16d21e0
[1754990892.262760] [idcgpu01:2716044:0]           flush.c:386  UCX  DEBUG flush_nbx ep 0x7fffe16d21e0
[1754990892.270055] [idcgpu01:2716044:0]           flush.c:386  UCX  DEBUG flush_nbx ep 0x7fffe16d21e0
[1754990892.277376] [idcgpu01:2716044:0]           flush.c:386  UCX  DEBUG flush_nbx ep 0x7fffe16d21e0
[1754990892.284652] [idcgpu01:2716044:0]           flush.c:386  UCX  DEBUG flush_nbx ep 0x7fffe16d21e0
[1754990892.291960] [idcgpu01:2716044:0]           flush.c:386  UCX  DEBUG flush_nbx ep 0x7fffe16d21e0
[1754990892.299297] [idcgpu01:2716044:0]           flush.c:386  UCX  DEBUG flush_nbx ep 0x7fffe16d21e0
[1754990892.306599] [idcgpu01:2716044:0]           flush.c:386  UCX  DEBUG flush_nbx ep 0x7fffe16d21e0
[1754990892.313920] [idcgpu01:2716044:0]           flush.c:386  UCX  DEBUG flush_nbx ep 0x7fffe16d21e0
[1754990892.321255] [idcgpu01:2716044:0]           flush.c:386  UCX  DEBUG flush_nbx ep 0x7fffe16d21e0
[1754990892.328699] [idcgpu01:2716044:0]           flush.c:386  UCX  DEBUG flush_nbx ep 0x7fffe16d21e0
[1754990892.335992] [idcgpu01:2716044:0]           flush.c:386  UCX  DEBUG flush_nbx ep 0x7fffe16d21e0
[1754990892.343351] [idcgpu01:2716044:0]           flush.c:386  UCX  DEBUG flush_nbx ep 0x7fffe16d21e0
[1754990892.350698] [idcgpu01:2716044:0]           flush.c:386  UCX  DEBUG flush_nbx ep 0x7fffe16d21e0
[1754990892.358022] [idcgpu01:2716044:0]           flush.c:386  UCX  DEBUG flush_nbx ep 0x7fffe16d21e0
[1754990892.365307] [idcgpu01:2716044:0]           flush.c:386  UCX  DEBUG flush_nbx ep 0x7fffe16d21e0
[1754990892.372618] [idcgpu01:2716044:0]           flush.c:386  UCX  DEBUG flush_nbx ep 0x7fffe16d21e0
[1754990892.379996] [idcgpu01:2716044:0]           flush.c:386  UCX  DEBUG flush_nbx ep 0x7fffe16d21e0
[1754990892.387283] [idcgpu01:2716044:0]           flush.c:386  UCX  DEBUG flush_nbx ep 0x7fffe16d21e0
[1754990892.394546] [idcgpu01:2716044:0]           flush.c:386  UCX  DEBUG flush_nbx ep 0x7fffe16d21e0
[1754990892.401804] [idcgpu01:2716044:0]           flush.c:386  UCX  DEBUG flush_nbx ep 0x7fffe16d21e0
[1754990892.409193] [idcgpu01:2716044:0]           flush.c:386  UCX  DEBUG flush_nbx ep 0x7fffe16d21e0
[1754990892.416530] [idcgpu01:2716044:0]           flush.c:386  UCX  DEBUG flush_nbx ep 0x7fffe16d21e0
[1754990892.423841] [idcgpu01:2716044:0]           flush.c:386  UCX  DEBUG flush_nbx ep 0x7fffe16d21e0
[1754990892.431187] [idcgpu01:2716044:0]           flush.c:386  UCX  DEBUG flush_nbx ep 0x7fffe16d21e0
[1754990892.438563] [idcgpu01:2716044:0]           flush.c:386  UCX  DEBUG flush_nbx ep 0x7fffe16d21e0
[1754990892.445863] [idcgpu01:2716044:0]           flush.c:386  UCX  DEBUG flush_nbx ep 0x7fffe16d21e0
[1754990892.453217] [idcgpu01:2716044:0]           flush.c:386  UCX  DEBUG flush_nbx ep 0x7fffe16d21e0
[1754990892.460556] [idcgpu01:2716044:0]           flush.c:386  UCX  DEBUG flush_nbx ep 0x7fffe16d21e0
[1754990892.467862] [idcgpu01:2716044:0]           flush.c:386  UCX  DEBUG flush_nbx ep 0x7fffe16d21e0
[1754990892.475240] [idcgpu01:2716044:0]           flush.c:386  UCX  DEBUG flush_nbx ep 0x7fffe16d21e0
[1754990892.482504] [idcgpu01:2716044:0]           flush.c:386  UCX  DEBUG flush_nbx ep 0x7fffe16d21e0
[1754990892.489770] [idcgpu01:2716044:0]           flush.c:386  UCX  DEBUG flush_nbx ep 0x7fffe16d21e0
[1754990892.497257] [idcgpu01:2716044:0]           flush.c:386  UCX  DEBUG flush_nbx ep 0x7fffe16d21e0
[1754990892.504597] [idcgpu01:2716044:0]           flush.c:386  UCX  DEBUG flush_nbx ep 0x7fffe16d21e0
[1754990892.511880] [idcgpu01:2716044:0]           flush.c:386  UCX  DEBUG flush_nbx ep 0x7fffe16d21e0
[1754990892.519219] [idcgpu01:2716044:0]           flush.c:386  UCX  DEBUG flush_nbx ep 0x7fffe16d21e0
[1754990892.526622] [idcgpu01:2716044:0]           flush.c:386  UCX  DEBUG flush_nbx ep 0x7fffe16d21e0
[1754990892.533983] [idcgpu01:2716044:0]           flush.c:386  UCX  DEBUG flush_nbx ep 0x7fffe16d21e0
[1754990892.541346] [idcgpu01:2716044:0]           flush.c:386  UCX  DEBUG flush_nbx ep 0x7fffe16d21e0
[1754990892.548662] [idcgpu01:2716044:0]           flush.c:386  UCX  DEBUG flush_nbx ep 0x7fffe16d21e0
[1754990892.555950] [idcgpu01:2716044:0]           flush.c:386  UCX  DEBUG flush_nbx ep 0x7fffe16d21e0
[1754990892.563242] [idcgpu01:2716044:0]           flush.c:386  UCX  DEBUG flush_nbx ep 0x7fffe16d21e0
[1754990892.570492] [idcgpu01:2716044:0]           flush.c:386  UCX  DEBUG flush_nbx ep 0x7fffe16d21e0
[1754990892.577771] [idcgpu01:2716044:0]           flush.c:386  UCX  DEBUG flush_nbx ep 0x7fffe16d21e0
[1754990892.585074] [idcgpu01:2716044:0]           flush.c:386  UCX  DEBUG flush_nbx ep 0x7fffe16d21e0
[1754990892.592425] [idcgpu01:2716044:0]           flush.c:386  UCX  DEBUG flush_nbx ep 0x7fffe16d21e0
[1754990892.599753] [idcgpu01:2716044:0]           flush.c:386  UCX  DEBUG flush_nbx ep 0x7fffe16d21e0
[1754990892.607629] [idcgpu01:2716044:0]           flush.c:386  UCX  DEBUG flush_nbx ep 0x7fffe16d21e0
[1754990892.614957] [idcgpu01:2716044:0]           flush.c:386  UCX  DEBUG flush_nbx ep 0x7fffe16d21e0
[1754990892.622407] [idcgpu01:2716044:0]           flush.c:386  UCX  DEBUG flush_nbx ep 0x7fffe16d21e0
[1754990892.629678] [idcgpu01:2716044:0]           flush.c:386  UCX  DEBUG flush_nbx ep 0x7fffe16d21e0
[1754990892.636953] [idcgpu01:2716044:0]           flush.c:386  UCX  DEBUG flush_nbx ep 0x7fffe16d21e0
[1754990892.644303] [idcgpu01:2716044:0]           flush.c:386  UCX  DEBUG flush_nbx ep 0x7fffe16d21e0
[1754990892.654452] [idcgpu01:2716044:0]           flush.c:386  UCX  DEBUG flush_nbx ep 0x7fffe16d21e0
[1754990892.662046] [idcgpu01:2716044:0]           flush.c:386  UCX  DEBUG flush_nbx ep 0x7fffe16d21e0
[1754990892.669368] [idcgpu01:2716044:0]           flush.c:386  UCX  DEBUG flush_nbx ep 0x7fffe16d21e0
[1754990892.676557] [idcgpu01:2716044:0]           flush.c:386  UCX  DEBUG flush_nbx ep 0x7fffe16d21e0
[1754990892.683695] [idcgpu01:2716044:0]           flush.c:386  UCX  DEBUG flush_nbx ep 0x7fffe16d21e0
[1754990892.690794] [idcgpu01:2716044:0]           flush.c:386  UCX  DEBUG flush_nbx ep 0x7fffe16d21e0
[1754990892.697970] [idcgpu01:2716044:0]           flush.c:386  UCX  DEBUG flush_nbx ep 0x7fffe16d21e0
[1754990892.705096] [idcgpu01:2716044:0]           flush.c:386  UCX  DEBUG flush_nbx ep 0x7fffe16d21e0
[1754990892.712247] [idcgpu01:2716044:0]           flush.c:386  UCX  DEBUG flush_nbx ep 0x7fffe16d21e0
[1754990892.719404] [idcgpu01:2716044:0]           flush.c:386  UCX  DEBUG flush_nbx ep 0x7fffe16d21e0
[1754990892.726522] [idcgpu01:2716044:0]           flush.c:386  UCX  DEBUG flush_nbx ep 0x7fffe16d21e0
[1754990892.733708] [idcgpu01:2716044:0]           flush.c:386  UCX  DEBUG flush_nbx ep 0x7fffe16d21e0
[1754990892.740837] [idcgpu01:2716044:0]           flush.c:386  UCX  DEBUG flush_nbx ep 0x7fffe16d21e0
[1754990892.748013] [idcgpu01:2716044:0]           flush.c:386  UCX  DEBUG flush_nbx ep 0x7fffe16d21e0
[1754990892.755221] [idcgpu01:2716044:0]           flush.c:386  UCX  DEBUG flush_nbx ep 0x7fffe16d21e0
[1754990892.762434] [idcgpu01:2716044:0]           flush.c:386  UCX  DEBUG flush_nbx ep 0x7fffe16d21e0
[1754990892.769517] [idcgpu01:2716044:0]           flush.c:386  UCX  DEBUG flush_nbx ep 0x7fffe16d21e0
[1754990892.776705] [idcgpu01:2716044:0]           flush.c:386  UCX  DEBUG flush_nbx ep 0x7fffe16d21e0
[1754990892.784093] [idcgpu01:2716044:0]           flush.c:386  UCX  DEBUG flush_nbx ep 0x7fffe16d21e0
[1754990892.791414] [idcgpu01:2716044:0]           flush.c:386  UCX  DEBUG flush_nbx ep 0x7fffe16d21e0
[1754990892.798563] [idcgpu01:2716044:0]           flush.c:386  UCX  DEBUG flush_nbx ep 0x7fffe16d21e0
[1754990892.805676] [idcgpu01:2716044:0]           flush.c:386  UCX  DEBUG flush_nbx ep 0x7fffe16d21e0
[1754990892.813116] [idcgpu01:2716044:0]           flush.c:386  UCX  DEBUG flush_nbx ep 0x7fffe16d21e0
[1754990892.820515] [idcgpu01:2716044:0]           flush.c:386  UCX  DEBUG flush_nbx ep 0x7fffe16d21e0
[1754990892.827834] [idcgpu01:2716044:0]           flush.c:386  UCX  DEBUG flush_nbx ep 0x7fffe16d21e0
[1754990892.835302] [idcgpu01:2716044:0]           flush.c:386  UCX  DEBUG flush_nbx ep 0x7fffe16d21e0
[1754990892.842604] [idcgpu01:2716044:0]           flush.c:386  UCX  DEBUG flush_nbx ep 0x7fffe16d21e0
[1754990892.849911] [idcgpu01:2716044:0]           flush.c:386  UCX  DEBUG flush_nbx ep 0x7fffe16d21e0
[1754990892.857262] [idcgpu01:2716044:0]           flush.c:386  UCX  DEBUG flush_nbx ep 0x7fffe16d21e0
[1754990892.864616] [idcgpu01:2716044:0]           flush.c:386  UCX  DEBUG flush_nbx ep 0x7fffe16d21e0
[1754990892.871908] [idcgpu01:2716044:0]           flush.c:386  UCX  DEBUG flush_nbx ep 0x7fffe16d21e0
[1754990892.879245] [idcgpu01:2716044:0]           flush.c:386  UCX  DEBUG flush_nbx ep 0x7fffe16d21e0
[1754990892.886565] [idcgpu01:2716044:0]           flush.c:386  UCX  DEBUG flush_nbx ep 0x7fffe16d21e0
[1754990892.893887] [idcgpu01:2716044:0]           flush.c:386  UCX  DEBUG flush_nbx ep 0x7fffe16d21e0
[1754990892.901322] [idcgpu01:2716044:0]           flush.c:386  UCX  DEBUG flush_nbx ep 0x7fffe16d21e0
[1754990892.908645] [idcgpu01:2716044:0]           flush.c:386  UCX  DEBUG flush_nbx ep 0x7fffe16d21e0
[1754990892.916060] [idcgpu01:2716044:0]           flush.c:386  UCX  DEBUG flush_nbx ep 0x7fffe16d21e0
[1754990892.923461] [idcgpu01:2716044:0]           flush.c:386  UCX  DEBUG flush_nbx ep 0x7fffe16d21e0
[1754990892.930696] [idcgpu01:2716044:0]           flush.c:386  UCX  DEBUG flush_nbx ep 0x7fffe16d21e0
[1754990892.937977] [idcgpu01:2716044:0]           flush.c:386  UCX  DEBUG flush_nbx ep 0x7fffe16d21e0
[1754990892.945246] [idcgpu01:2716044:0]           flush.c:386  UCX  DEBUG flush_nbx ep 0x7fffe16d21e0
[1754990892.952522] [idcgpu01:2716044:0]           flush.c:386  UCX  DEBUG flush_nbx ep 0x7fffe16d21e0
[1754990892.959784] [idcgpu01:2716044:0]           flush.c:386  UCX  DEBUG flush_nbx ep 0x7fffe16d21e0
[1754990892.967083] [idcgpu01:2716044:0]           flush.c:386  UCX  DEBUG flush_nbx ep 0x7fffe16d21e0
[1754990892.974353] [idcgpu01:2716044:0]           flush.c:386  UCX  DEBUG flush_nbx ep 0x7fffe16d21e0
[1754990892.981599] [idcgpu01:2716044:0]           flush.c:386  UCX  DEBUG flush_nbx ep 0x7fffe16d21e0
[1754990892.988796] [idcgpu01:2716044:0]           flush.c:386  UCX  DEBUG flush_nbx ep 0x7fffe16d21e0
[1754990892.996147] [idcgpu01:2716044:0]           flush.c:386  UCX  DEBUG flush_nbx ep 0x7fffe16d21e0
[1754990893.003448] [idcgpu01:2716044:0]           flush.c:386  UCX  DEBUG flush_nbx ep 0x7fffe16d21e0
[1754990893.010725] [idcgpu01:2716044:0]           flush.c:386  UCX  DEBUG flush_nbx ep 0x7fffe16d21e0
[1754990893.018002] [idcgpu01:2716044:0]           flush.c:386  UCX  DEBUG flush_nbx ep 0x7fffe16d21e0
[1754990893.025285] [idcgpu01:2716044:0]           flush.c:386  UCX  DEBUG flush_nbx ep 0x7fffe16d21e0
[1754990893.032560] [idcgpu01:2716044:0]           flush.c:386  UCX  DEBUG flush_nbx ep 0x7fffe16d21e0
[1754990893.039857] [idcgpu01:2716044:0]           flush.c:386  UCX  DEBUG flush_nbx ep 0x7fffe16d21e0
[1754990893.047272] [idcgpu01:2716044:0]           flush.c:386  UCX  DEBUG flush_nbx ep 0x7fffe16d21e0
[1754990893.054617] [idcgpu01:2716044:0]           flush.c:386  UCX  DEBUG flush_nbx ep 0x7fffe16d21e0
[1754990893.061934] [idcgpu01:2716044:0]           flush.c:386  UCX  DEBUG flush_nbx ep 0x7fffe16d21e0
[1754990893.069257] [idcgpu01:2716044:0]           flush.c:386  UCX  DEBUG flush_nbx ep 0x7fffe16d21e0
[1754990893.076508] [idcgpu01:2716044:0]           flush.c:386  UCX  DEBUG flush_nbx ep 0x7fffe16d21e0
[1754990893.083843] [idcgpu01:2716044:0]           flush.c:386  UCX  DEBUG flush_nbx ep 0x7fffe16d21e0
[1754990893.091171] [idcgpu01:2716044:0]           flush.c:386  UCX  DEBUG flush_nbx ep 0x7fffe16d21e0
[1754990893.098505] [idcgpu01:2716044:0]           flush.c:386  UCX  DEBUG flush_nbx ep 0x7fffe16d21e0
[1754990893.105799] [idcgpu01:2716044:0]           flush.c:386  UCX  DEBUG flush_nbx ep 0x7fffe16d21e0
[1754990893.113044] [idcgpu01:2716044:0]           flush.c:386  UCX  DEBUG flush_nbx ep 0x7fffe16d21e0
[1754990893.120382] [idcgpu01:2716044:0]           flush.c:386  UCX  DEBUG flush_nbx ep 0x7fffe16d21e0
[1754990893.127588] [idcgpu01:2716044:0]           flush.c:386  UCX  DEBUG flush_nbx ep 0x7fffe16d21e0
[1754990893.134857] [idcgpu01:2716044:0]           flush.c:386  UCX  DEBUG flush_nbx ep 0x7fffe16d21e0
[1754990893.142348] [idcgpu01:2716044:0]           flush.c:386  UCX  DEBUG flush_nbx ep 0x7fffe16d21e0
[1754990893.149687] [idcgpu01:2716044:0]           flush.c:386  UCX  DEBUG flush_nbx ep 0x7fffe16d21e0
[1754990893.156989] [idcgpu01:2716044:0]           flush.c:386  UCX  DEBUG flush_nbx ep 0x7fffe16d21e0
[1754990893.164370] [idcgpu01:2716044:0]           flush.c:386  UCX  DEBUG flush_nbx ep 0x7fffe16d21e0
[1754990893.171680] [idcgpu01:2716044:0]           flush.c:386  UCX  DEBUG flush_nbx ep 0x7fffe16d21e0
[1754990893.178971] [idcgpu01:2716044:0]           flush.c:386  UCX  DEBUG flush_nbx ep 0x7fffe16d21e0
[1754990893.186447] [idcgpu01:2716044:0]           flush.c:386  UCX  DEBUG flush_nbx ep 0x7fffe16d21e0
[1754990893.193936] [idcgpu01:2716044:0]           flush.c:386  UCX  DEBUG flush_nbx ep 0x7fffe16d21e0
[1754990893.201375] [idcgpu01:2716044:0]           flush.c:386  UCX  DEBUG flush_nbx ep 0x7fffe16d21e0
[1754990893.208698] [idcgpu01:2716044:0]           flush.c:386  UCX  DEBUG flush_nbx ep 0x7fffe16d21e0
[1754990893.215960] [idcgpu01:2716044:0]           flush.c:386  UCX  DEBUG flush_nbx ep 0x7fffe16d21e0
[1754990893.223209] [idcgpu01:2716044:0]           flush.c:386  UCX  DEBUG flush_nbx ep 0x7fffe16d21e0
[1754990893.230486] [idcgpu01:2716044:0]           flush.c:386  UCX  DEBUG flush_nbx ep 0x7fffe16d21e0
[1754990893.237715] [idcgpu01:2716044:0]           flush.c:386  UCX  DEBUG flush_nbx ep 0x7fffe16d21e0
[1754990893.244851] [idcgpu01:2716044:0]           flush.c:386  UCX  DEBUG flush_nbx ep 0x7fffe16d21e0
[1754990893.252062] [idcgpu01:2716044:0]           flush.c:386  UCX  DEBUG flush_nbx ep 0x7fffe16d21e0
[1754990893.259367] [idcgpu01:2716044:0]           flush.c:386  UCX  DEBUG flush_nbx ep 0x7fffe16d21e0
[1754990893.266567] [idcgpu01:2716044:0]           flush.c:386  UCX  DEBUG flush_nbx ep 0x7fffe16d21e0
[1754990893.273855] [idcgpu01:2716044:0]           flush.c:386  UCX  DEBUG flush_nbx ep 0x7fffe16d21e0
[1754990893.281157] [idcgpu01:2716044:0]           flush.c:386  UCX  DEBUG flush_nbx ep 0x7fffe16d21e0
[1754990893.288378] [idcgpu01:2716044:0]           flush.c:386  UCX  DEBUG flush_nbx ep 0x7fffe16d21e0
[1754990893.295637] [idcgpu01:2716044:0]           flush.c:386  UCX  DEBUG flush_nbx ep 0x7fffe16d21e0
[1754990893.302934] [idcgpu01:2716044:0]           flush.c:386  UCX  DEBUG flush_nbx ep 0x7fffe16d21e0
[1754990893.310183] [idcgpu01:2716044:0]           flush.c:386  UCX  DEBUG flush_nbx ep 0x7fffe16d21e0
[1754990893.317464] [idcgpu01:2716044:0]           flush.c:386  UCX  DEBUG flush_nbx ep 0x7fffe16d21e0
[1754990893.324745] [idcgpu01:2716044:0]           flush.c:386  UCX  DEBUG flush_nbx ep 0x7fffe16d21e0
[1754990893.332009] [idcgpu01:2716044:0]           flush.c:386  UCX  DEBUG flush_nbx ep 0x7fffe16d21e0
[1754990893.339275] [idcgpu01:2716044:0]           flush.c:386  UCX  DEBUG flush_nbx ep 0x7fffe16d21e0
[1754990893.346578] [idcgpu01:2716044:0]           flush.c:386  UCX  DEBUG flush_nbx ep 0x7fffe16d21e0
[1754990893.353991] [idcgpu01:2716044:0]           flush.c:386  UCX  DEBUG flush_nbx ep 0x7fffe16d21e0
[1754990893.361252] [idcgpu01:2716044:0]           flush.c:386  UCX  DEBUG flush_nbx ep 0x7fffe16d21e0
[1754990893.368518] [idcgpu01:2716044:0]           flush.c:386  UCX  DEBUG flush_nbx ep 0x7fffe16d21e0
[1754990893.375776] [idcgpu01:2716044:0]           flush.c:386  UCX  DEBUG flush_nbx ep 0x7fffe16d21e0
[1754990893.383029] [idcgpu01:2716044:0]           flush.c:386  UCX  DEBUG flush_nbx ep 0x7fffe16d21e0
[1754990893.390342] [idcgpu01:2716044:0]           flush.c:386  UCX  DEBUG flush_nbx ep 0x7fffe16d21e0
[1754990893.397593] [idcgpu01:2716044:0]           flush.c:386  UCX  DEBUG flush_nbx ep 0x7fffe16d21e0
[1754990893.404818] [idcgpu01:2716044:0]           flush.c:386  UCX  DEBUG flush_nbx ep 0x7fffe16d21e0
[1754990893.412107] [idcgpu01:2716044:0]           flush.c:386  UCX  DEBUG flush_nbx ep 0x7fffe16d21e0
[1754990893.419391] [idcgpu01:2716044:0]           flush.c:386  UCX  DEBUG flush_nbx ep 0x7fffe16d21e0
[1754990893.426664] [idcgpu01:2716044:0]           flush.c:386  UCX  DEBUG flush_nbx ep 0x7fffe16d21e0
[1754990893.433930] [idcgpu01:2716044:0]           flush.c:386  UCX  DEBUG flush_nbx ep 0x7fffe16d21e0
[1754990893.441213] [idcgpu01:2716044:0]           flush.c:386  UCX  DEBUG flush_nbx ep 0x7fffe16d21e0
[1754990893.448523] [idcgpu01:2716044:0]           flush.c:386  UCX  DEBUG flush_nbx ep 0x7fffe16d21e0
[1754990893.455734] [idcgpu01:2716044:0]           flush.c:386  UCX  DEBUG flush_nbx ep 0x7fffe16d21e0
[1754990893.462990] [idcgpu01:2716044:0]           flush.c:386  UCX  DEBUG flush_nbx ep 0x7fffe16d21e0
[1754990893.470137] [idcgpu01:2716044:0]           flush.c:386  UCX  DEBUG flush_nbx ep 0x7fffe16d21e0
[1754990893.477428] [idcgpu01:2716044:0]           flush.c:386  UCX  DEBUG flush_nbx ep 0x7fffe16d21e0
[1754990893.484661] [idcgpu01:2716044:0]           flush.c:386  UCX  DEBUG flush_nbx ep 0x7fffe16d21e0
[1754990893.492036] [idcgpu01:2716044:0]           flush.c:386  UCX  DEBUG flush_nbx ep 0x7fffe16d21e0
[1754990893.499366] [idcgpu01:2716044:0]           flush.c:386  UCX  DEBUG flush_nbx ep 0x7fffe16d21e0
[1754990893.506695] [idcgpu01:2716044:0]           flush.c:386  UCX  DEBUG flush_nbx ep 0x7fffe16d21e0
[1754990893.514044] [idcgpu01:2716044:0]           flush.c:386  UCX  DEBUG flush_nbx ep 0x7fffe16d21e0
[1754990893.521292] [idcgpu01:2716044:0]           flush.c:386  UCX  DEBUG flush_nbx ep 0x7fffe16d21e0
[1754990893.528515] [idcgpu01:2716044:0]           flush.c:386  UCX  DEBUG flush_nbx ep 0x7fffe16d21e0
[1754990893.535813] [idcgpu01:2716044:0]           flush.c:386  UCX  DEBUG flush_nbx ep 0x7fffe16d21e0
[1754990893.543075] [idcgpu01:2716044:0]           flush.c:386  UCX  DEBUG flush_nbx ep 0x7fffe16d21e0
[1754990893.550408] [idcgpu01:2716044:0]           flush.c:386  UCX  DEBUG flush_nbx ep 0x7fffe16d21e0
[1754990893.557675] [idcgpu01:2716044:0]           flush.c:386  UCX  DEBUG flush_nbx ep 0x7fffe16d21e0
[1754990893.564944] [idcgpu01:2716044:0]           flush.c:386  UCX  DEBUG flush_nbx ep 0x7fffe16d21e0
[1754990893.572244] [idcgpu01:2716044:0]           flush.c:386  UCX  DEBUG flush_nbx ep 0x7fffe16d21e0
[1754990893.579836] [idcgpu01:2716044:0]           flush.c:386  UCX  DEBUG flush_nbx ep 0x7fffe16d21e0
[1754990893.587235] [idcgpu01:2716044:0]           flush.c:386  UCX  DEBUG flush_nbx ep 0x7fffe16d21e0
[1754990893.594580] [idcgpu01:2716044:0]           flush.c:386  UCX  DEBUG flush_nbx ep 0x7fffe16d21e0
[1754990893.601888] [idcgpu01:2716044:0]           flush.c:386  UCX  DEBUG flush_nbx ep 0x7fffe16d21e0
[1754990893.609166] [idcgpu01:2716044:0]           flush.c:386  UCX  DEBUG flush_nbx ep 0x7fffe16d21e0
[1754990893.624021] [idcgpu01:2716044:0]           flush.c:386  UCX  DEBUG flush_nbx ep 0x7fffe16d21e0
[1754990893.631416] [idcgpu01:2716044:0]           flush.c:386  UCX  DEBUG flush_nbx ep 0x7fffe16d21e0
[1754990893.638768] [idcgpu01:2716044:0]           flush.c:386  UCX  DEBUG flush_nbx ep 0x7fffe16d21e0
[1754990893.646038] [idcgpu01:2716044:0]           flush.c:386  UCX  DEBUG flush_nbx ep 0x7fffe16d21e0
[1754990893.653365] [idcgpu01:2716044:0]           flush.c:386  UCX  DEBUG flush_nbx ep 0x7fffe16d21e0
[1754990893.660697] [idcgpu01:2716044:0]           flush.c:386  UCX  DEBUG flush_nbx ep 0x7fffe16d21e0
[1754990893.668080] [idcgpu01:2716044:0]           flush.c:386  UCX  DEBUG flush_nbx ep 0x7fffe16d21e0
[1754990893.675364] [idcgpu01:2716044:0]           flush.c:386  UCX  DEBUG flush_nbx ep 0x7fffe16d21e0
[1754990893.682575] [idcgpu01:2716044:0]           flush.c:386  UCX  DEBUG flush_nbx ep 0x7fffe16d21e0
[1754990893.689822] [idcgpu01:2716044:0]           flush.c:386  UCX  DEBUG flush_nbx ep 0x7fffe16d21e0
[1754990893.697306] [idcgpu01:2716044:0]           flush.c:386  UCX  DEBUG flush_nbx ep 0x7fffe16d21e0
[1754990893.704588] [idcgpu01:2716044:0]           flush.c:386  UCX  DEBUG flush_nbx ep 0x7fffe16d21e0
[1754990893.711875] [idcgpu01:2716044:0]           flush.c:386  UCX  DEBUG flush_nbx ep 0x7fffe16d21e0
[1754990893.719162] [idcgpu01:2716044:0]           flush.c:386  UCX  DEBUG flush_nbx ep 0x7fffe16d21e0
[1754990893.726329] [idcgpu01:2716044:0]           flush.c:386  UCX  DEBUG flush_nbx ep 0x7fffe16d21e0
[1754990893.733500] [idcgpu01:2716044:0]           flush.c:386  UCX  DEBUG flush_nbx ep 0x7fffe16d21e0
[1754990893.740681] [idcgpu01:2716044:0]           flush.c:386  UCX  DEBUG flush_nbx ep 0x7fffe16d21e0
[1754990893.747842] [idcgpu01:2716044:0]           flush.c:386  UCX  DEBUG flush_nbx ep 0x7fffe16d21e0
[1754990893.755074] [idcgpu01:2716044:0]           flush.c:386  UCX  DEBUG flush_nbx ep 0x7fffe16d21e0
[1754990893.762367] [idcgpu01:2716044:0]           flush.c:386  UCX  DEBUG flush_nbx ep 0x7fffe16d21e0
[1754990893.769580] [idcgpu01:2716044:0]           flush.c:386  UCX  DEBUG flush_nbx ep 0x7fffe16d21e0
[1754990893.776779] [idcgpu01:2716044:0]           flush.c:386  UCX  DEBUG flush_nbx ep 0x7fffe16d21e0
[1754990893.784003] [idcgpu01:2716044:0]           flush.c:386  UCX  DEBUG flush_nbx ep 0x7fffe16d21e0
[1754990893.791273] [idcgpu01:2716044:0]           flush.c:386  UCX  DEBUG flush_nbx ep 0x7fffe16d21e0
[1754990893.798521] [idcgpu01:2716044:0]           flush.c:386  UCX  DEBUG flush_nbx ep 0x7fffe16d21e0
[1754990893.805723] [idcgpu01:2716044:0]           flush.c:386  UCX  DEBUG flush_nbx ep 0x7fffe16d21e0
[1754990893.812942] [idcgpu01:2716044:0]           flush.c:386  UCX  DEBUG flush_nbx ep 0x7fffe16d21e0
[1754990893.820205] [idcgpu01:2716044:0]           flush.c:386  UCX  DEBUG flush_nbx ep 0x7fffe16d21e0
[1754990893.827394] [idcgpu01:2716044:0]           flush.c:386  UCX  DEBUG flush_nbx ep 0x7fffe16d21e0
[1754990893.834631] [idcgpu01:2716044:0]           flush.c:386  UCX  DEBUG flush_nbx ep 0x7fffe16d21e0
[1754990893.841832] [idcgpu01:2716044:0]           flush.c:386  UCX  DEBUG flush_nbx ep 0x7fffe16d21e0
[1754990893.849086] [idcgpu01:2716044:0]           flush.c:386  UCX  DEBUG flush_nbx ep 0x7fffe16d21e0
[1754990893.856386] [idcgpu01:2716044:0]           flush.c:386  UCX  DEBUG flush_nbx ep 0x7fffe16d21e0
[1754990893.863645] [idcgpu01:2716044:0]           flush.c:386  UCX  DEBUG flush_nbx ep 0x7fffe16d21e0
[1754990893.870815] [idcgpu01:2716044:0]           flush.c:386  UCX  DEBUG flush_nbx ep 0x7fffe16d21e0
[1754990893.878080] [idcgpu01:2716044:0]           flush.c:386  UCX  DEBUG flush_nbx ep 0x7fffe16d21e0
[1754990893.885378] [idcgpu01:2716044:0]           flush.c:386  UCX  DEBUG flush_nbx ep 0x7fffe16d21e0
[1754990893.892604] [idcgpu01:2716044:0]           flush.c:386  UCX  DEBUG flush_nbx ep 0x7fffe16d21e0
[1754990893.899828] [idcgpu01:2716044:0]           flush.c:386  UCX  DEBUG flush_nbx ep 0x7fffe16d21e0
[1754990893.907109] [idcgpu01:2716044:0]           flush.c:386  UCX  DEBUG flush_nbx ep 0x7fffe16d21e0
[1754990893.916760] [idcgpu01:2716044:0]           flush.c:386  UCX  DEBUG flush_nbx ep 0x7fffe16d21e0
[1754990893.927039] [idcgpu01:2716044:0]           flush.c:386  UCX  DEBUG flush_nbx ep 0x7fffe16d21e0
[1754990893.937404] [idcgpu01:2716044:0]           flush.c:386  UCX  DEBUG flush_nbx ep 0x7fffe16d21e0
[1754990893.945429] [idcgpu01:2716044:0]           flush.c:386  UCX  DEBUG flush_nbx ep 0x7fffe16d21e0
[1754990893.955791] [idcgpu01:2716044:0]           flush.c:386  UCX  DEBUG flush_nbx ep 0x7fffe16d21e0
[1754990893.963063] [idcgpu01:2716044:0]           flush.c:386  UCX  DEBUG flush_nbx ep 0x7fffe16d21e0
[1754990893.970217] [idcgpu01:2716044:0]           flush.c:386  UCX  DEBUG flush_nbx ep 0x7fffe16d21e0
[1754990893.977383] [idcgpu01:2716044:0]           flush.c:386  UCX  DEBUG flush_nbx ep 0x7fffe16d21e0
[1754990893.984541] [idcgpu01:2716044:0]           flush.c:386  UCX  DEBUG flush_nbx ep 0x7fffe16d21e0
[1754990893.991648] [idcgpu01:2716044:0]           flush.c:386  UCX  DEBUG flush_nbx ep 0x7fffe16d21e0
[1754990893.998849] [idcgpu01:2716044:0]           flush.c:386  UCX  DEBUG flush_nbx ep 0x7fffe16d21e0
[1754990894.006008] [idcgpu01:2716044:0]           flush.c:386  UCX  DEBUG flush_nbx ep 0x7fffe16d21e0
[1754990894.013231] [idcgpu01:2716044:0]           flush.c:386  UCX  DEBUG flush_nbx ep 0x7fffe16d21e0
[1754990894.020406] [idcgpu01:2716044:0]           flush.c:386  UCX  DEBUG flush_nbx ep 0x7fffe16d21e0
[1754990894.027649] [idcgpu01:2716044:0]           flush.c:386  UCX  DEBUG flush_nbx ep 0x7fffe16d21e0
[1754990894.034911] [idcgpu01:2716044:0]           flush.c:386  UCX  DEBUG flush_nbx ep 0x7fffe16d21e0
[1754990894.042140] [idcgpu01:2716044:0]           flush.c:386  UCX  DEBUG flush_nbx ep 0x7fffe16d21e0
[1754990894.049353] [idcgpu01:2716044:0]           flush.c:386  UCX  DEBUG flush_nbx ep 0x7fffe16d21e0
[1754990894.056593] [idcgpu01:2716044:0]           flush.c:386  UCX  DEBUG flush_nbx ep 0x7fffe16d21e0
[1754990894.063794] [idcgpu01:2716044:0]           flush.c:386  UCX  DEBUG flush_nbx ep 0x7fffe16d21e0
[1754990894.071040] [idcgpu01:2716044:0]           flush.c:386  UCX  DEBUG flush_nbx ep 0x7fffe16d21e0
[1754990894.078229] [idcgpu01:2716044:0]           flush.c:386  UCX  DEBUG flush_nbx ep 0x7fffe16d21e0
[1754990894.085408] [idcgpu01:2716044:0]           flush.c:386  UCX  DEBUG flush_nbx ep 0x7fffe16d21e0
[1754990894.092696] [idcgpu01:2716044:0]           flush.c:386  UCX  DEBUG flush_nbx ep 0x7fffe16d21e0
[1754990894.099960] [idcgpu01:2716044:0]           flush.c:386  UCX  DEBUG flush_nbx ep 0x7fffe16d21e0
[1754990894.107232] [idcgpu01:2716044:0]           flush.c:386  UCX  DEBUG flush_nbx ep 0x7fffe16d21e0
[1754990894.114399] [idcgpu01:2716044:0]           flush.c:386  UCX  DEBUG flush_nbx ep 0x7fffe16d21e0
[1754990894.121619] [idcgpu01:2716044:0]           flush.c:386  UCX  DEBUG flush_nbx ep 0x7fffe16d21e0
[1754990894.128830] [idcgpu01:2716044:0]           flush.c:386  UCX  DEBUG flush_nbx ep 0x7fffe16d21e0
[1754990894.136032] [idcgpu01:2716044:0]           flush.c:386  UCX  DEBUG flush_nbx ep 0x7fffe16d21e0
[1754990894.143324] [idcgpu01:2716044:0]           flush.c:386  UCX  DEBUG flush_nbx ep 0x7fffe16d21e0
[1754990894.150597] [idcgpu01:2716044:0]           flush.c:386  UCX  DEBUG flush_nbx ep 0x7fffe16d21e0
[1754990894.157816] [idcgpu01:2716044:0]           flush.c:386  UCX  DEBUG flush_nbx ep 0x7fffe16d21e0
[1754990894.165041] [idcgpu01:2716044:0]           flush.c:386  UCX  DEBUG flush_nbx ep 0x7fffe16d21e0
[1754990894.172231] [idcgpu01:2716044:0]           flush.c:386  UCX  DEBUG flush_nbx ep 0x7fffe16d21e0
[1754990894.179454] [idcgpu01:2716044:0]           flush.c:386  UCX  DEBUG flush_nbx ep 0x7fffe16d21e0
[1754990894.186656] [idcgpu01:2716044:0]           flush.c:386  UCX  DEBUG flush_nbx ep 0x7fffe16d21e0
[1754990894.193923] [idcgpu01:2716044:0]           flush.c:386  UCX  DEBUG flush_nbx ep 0x7fffe16d21e0
[1754990894.201256] [idcgpu01:2716044:0]           flush.c:386  UCX  DEBUG flush_nbx ep 0x7fffe16d21e0
[1754990894.208538] [idcgpu01:2716044:0]           flush.c:386  UCX  DEBUG flush_nbx ep 0x7fffe16d21e0
[1754990894.215782] [idcgpu01:2716044:0]           flush.c:386  UCX  DEBUG flush_nbx ep 0x7fffe16d21e0
[1754990894.224211] [idcgpu01:2716044:0]           flush.c:386  UCX  DEBUG flush_nbx ep 0x7fffe16d21e0
[1754990894.231385] [idcgpu01:2716044:0]           flush.c:386  UCX  DEBUG flush_nbx ep 0x7fffe16d21e0
[1754990894.238691] [idcgpu01:2716044:0]           flush.c:386  UCX  DEBUG flush_nbx ep 0x7fffe16d21e0
[1754990894.245910] [idcgpu01:2716044:0]           flush.c:386  UCX  DEBUG flush_nbx ep 0x7fffe16d21e0
[1754990894.253218] [idcgpu01:2716044:0]           flush.c:386  UCX  DEBUG flush_nbx ep 0x7fffe16d21e0
[1754990894.260432] [idcgpu01:2716044:0]           flush.c:386  UCX  DEBUG flush_nbx ep 0x7fffe16d21e0
[1754990894.267805] [idcgpu01:2716044:0]           flush.c:386  UCX  DEBUG flush_nbx ep 0x7fffe16d21e0
[1754990894.275150] [idcgpu01:2716044:0]           flush.c:386  UCX  DEBUG flush_nbx ep 0x7fffe16d21e0
[1754990894.282357] [idcgpu01:2716044:0]           flush.c:386  UCX  DEBUG flush_nbx ep 0x7fffe16d21e0
[1754990894.289564] [idcgpu01:2716044:0]           flush.c:386  UCX  DEBUG flush_nbx ep 0x7fffe16d21e0
[1754990894.296832] [idcgpu01:2716044:0]           flush.c:386  UCX  DEBUG flush_nbx ep 0x7fffe16d21e0
[1754990894.304042] [idcgpu01:2716044:0]           flush.c:386  UCX  DEBUG flush_nbx ep 0x7fffe16d21e0
[1754990894.311339] [idcgpu01:2716044:0]           flush.c:386  UCX  DEBUG flush_nbx ep 0x7fffe16d21e0
[1754990894.318599] [idcgpu01:2716044:0]           flush.c:386  UCX  DEBUG flush_nbx ep 0x7fffe16d21e0
[1754990894.325772] [idcgpu01:2716044:0]           flush.c:386  UCX  DEBUG flush_nbx ep 0x7fffe16d21e0
[1754990894.333148] [idcgpu01:2716044:0]           flush.c:386  UCX  DEBUG flush_nbx ep 0x7fffe16d21e0
[1754990894.340364] [idcgpu01:2716044:0]           flush.c:386  UCX  DEBUG flush_nbx ep 0x7fffe16d21e0
[1754990894.347569] [idcgpu01:2716044:0]           flush.c:386  UCX  DEBUG flush_nbx ep 0x7fffe16d21e0
[1754990894.354828] [idcgpu01:2716044:0]           flush.c:386  UCX  DEBUG flush_nbx ep 0x7fffe16d21e0
[1754990894.362035] [idcgpu01:2716044:0]           flush.c:386  UCX  DEBUG flush_nbx ep 0x7fffe16d21e0
[1754990894.369237] [idcgpu01:2716044:0]           flush.c:386  UCX  DEBUG flush_nbx ep 0x7fffe16d21e0
[1754990894.376440] [idcgpu01:2716044:0]           flush.c:386  UCX  DEBUG flush_nbx ep 0x7fffe16d21e0
[1754990894.383753] [idcgpu01:2716044:0]           flush.c:386  UCX  DEBUG flush_nbx ep 0x7fffe16d21e0
[1754990894.390929] [idcgpu01:2716044:0]           flush.c:386  UCX  DEBUG flush_nbx ep 0x7fffe16d21e0
[1754990894.398181] [idcgpu01:2716044:0]           flush.c:386  UCX  DEBUG flush_nbx ep 0x7fffe16d21e0
[1754990894.405378] [idcgpu01:2716044:0]           flush.c:386  UCX  DEBUG flush_nbx ep 0x7fffe16d21e0
[1754990894.412624] [idcgpu01:2716044:0]           flush.c:386  UCX  DEBUG flush_nbx ep 0x7fffe16d21e0
[1754990894.419836] [idcgpu01:2716044:0]           flush.c:386  UCX  DEBUG flush_nbx ep 0x7fffe16d21e0
[1754990894.427065] [idcgpu01:2716044:0]           flush.c:386  UCX  DEBUG flush_nbx ep 0x7fffe16d21e0
[1754990894.434315] [idcgpu01:2716044:0]           flush.c:386  UCX  DEBUG flush_nbx ep 0x7fffe16d21e0
[1754990894.441497] [idcgpu01:2716044:0]           flush.c:386  UCX  DEBUG flush_nbx ep 0x7fffe16d21e0
[1754990894.448698] [idcgpu01:2716044:0]           flush.c:386  UCX  DEBUG flush_nbx ep 0x7fffe16d21e0
[1754990894.456013] [idcgpu01:2716044:0]           flush.c:386  UCX  DEBUG flush_nbx ep 0x7fffe16d21e0
[1754990894.463275] [idcgpu01:2716044:0]           flush.c:386  UCX  DEBUG flush_nbx ep 0x7fffe16d21e0
[1754990894.470471] [idcgpu01:2716044:0]           flush.c:386  UCX  DEBUG flush_nbx ep 0x7fffe16d21e0
[1754990894.477663] [idcgpu01:2716044:0]           flush.c:386  UCX  DEBUG flush_nbx ep 0x7fffe16d21e0
[1754990894.484904] [idcgpu01:2716044:0]           flush.c:386  UCX  DEBUG flush_nbx ep 0x7fffe16d21e0
[1754990894.492185] [idcgpu01:2716044:0]           flush.c:386  UCX  DEBUG flush_nbx ep 0x7fffe16d21e0
[1754990894.499346] [idcgpu01:2716044:0]           flush.c:386  UCX  DEBUG flush_nbx ep 0x7fffe16d21e0
[1754990894.506512] [idcgpu01:2716044:0]           flush.c:386  UCX  DEBUG flush_nbx ep 0x7fffe16d21e0
[1754990894.513759] [idcgpu01:2716044:0]           flush.c:386  UCX  DEBUG flush_nbx ep 0x7fffe16d21e0
[1754990894.520973] [idcgpu01:2716044:0]           flush.c:386  UCX  DEBUG flush_nbx ep 0x7fffe16d21e0
[1754990894.528153] [idcgpu01:2716044:0]           flush.c:386  UCX  DEBUG flush_nbx ep 0x7fffe16d21e0
[1754990894.535410] [idcgpu01:2716044:0]           flush.c:386  UCX  DEBUG flush_nbx ep 0x7fffe16d21e0
[1754990894.542650] [idcgpu01:2716044:0]           flush.c:386  UCX  DEBUG flush_nbx ep 0x7fffe16d21e0
[1754990894.549826] [idcgpu01:2716044:0]           flush.c:386  UCX  DEBUG flush_nbx ep 0x7fffe16d21e0
[1754990894.556931] [idcgpu01:2716044:0]           flush.c:386  UCX  DEBUG flush_nbx ep 0x7fffe16d21e0
[1754990894.563945] [idcgpu01:2716044:0]           flush.c:386  UCX  DEBUG flush_nbx ep 0x7fffe16d21e0
[1754990894.571042] [idcgpu01:2716044:0]           flush.c:386  UCX  DEBUG flush_nbx ep 0x7fffe16d21e0
[1754990894.578240] [idcgpu01:2716044:0]           flush.c:386  UCX  DEBUG flush_nbx ep 0x7fffe16d21e0
[1754990894.585480] [idcgpu01:2716044:0]           flush.c:386  UCX  DEBUG flush_nbx ep 0x7fffe16d21e0
[1754990894.592629] [idcgpu01:2716044:0]           flush.c:386  UCX  DEBUG flush_nbx ep 0x7fffe16d21e0
[1754990894.599965] [idcgpu01:2716044:0]           flush.c:386  UCX  DEBUG flush_nbx ep 0x7fffe16d21e0
[1754990894.607260] [idcgpu01:2716044:0]           flush.c:386  UCX  DEBUG flush_nbx ep 0x7fffe16d21e0
[1754990894.614545] [idcgpu01:2716044:0]           flush.c:386  UCX  DEBUG flush_nbx ep 0x7fffe16d21e0
[1754990894.621772] [idcgpu01:2716044:0]           flush.c:386  UCX  DEBUG flush_nbx ep 0x7fffe16d21e0
[1754990894.628983] [idcgpu01:2716044:0]           flush.c:386  UCX  DEBUG flush_nbx ep 0x7fffe16d21e0
[1754990894.636214] [idcgpu01:2716044:0]           flush.c:386  UCX  DEBUG flush_nbx ep 0x7fffe16d21e0
[1754990894.643388] [idcgpu01:2716044:0]           flush.c:386  UCX  DEBUG flush_nbx ep 0x7fffe16d21e0
[1754990894.650614] [idcgpu01:2716044:0]           flush.c:386  UCX  DEBUG flush_nbx ep 0x7fffe16d21e0
[1754990894.657787] [idcgpu01:2716044:0]           flush.c:386  UCX  DEBUG flush_nbx ep 0x7fffe16d21e0
[1754990894.665101] [idcgpu01:2716044:0]           flush.c:386  UCX  DEBUG flush_nbx ep 0x7fffe16d21e0
[1754990894.672286] [idcgpu01:2716044:0]           flush.c:386  UCX  DEBUG flush_nbx ep 0x7fffe16d21e0
[1754990894.679460] [idcgpu01:2716044:0]           flush.c:386  UCX  DEBUG flush_nbx ep 0x7fffe16d21e0
[1754990894.686664] [idcgpu01:2716044:0]           flush.c:386  UCX  DEBUG flush_nbx ep 0x7fffe16d21e0
[1754990894.693886] [idcgpu01:2716044:0]           flush.c:386  UCX  DEBUG flush_nbx ep 0x7fffe16d21e0
[1754990894.701152] [idcgpu01:2716044:0]           flush.c:386  UCX  DEBUG flush_nbx ep 0x7fffe16d21e0
[1754990894.708348] [idcgpu01:2716044:0]           flush.c:386  UCX  DEBUG flush_nbx ep 0x7fffe16d21e0
[1754990894.715555] [idcgpu01:2716044:0]           flush.c:386  UCX  DEBUG flush_nbx ep 0x7fffe16d21e0
[1754990894.722796] [idcgpu01:2716044:0]           flush.c:386  UCX  DEBUG flush_nbx ep 0x7fffe16d21e0
[1754990894.730081] [idcgpu01:2716044:0]           flush.c:386  UCX  DEBUG flush_nbx ep 0x7fffe16d21e0
[1754990894.737340] [idcgpu01:2716044:0]           flush.c:386  UCX  DEBUG flush_nbx ep 0x7fffe16d21e0
[1754990894.744554] [idcgpu01:2716044:0]           flush.c:386  UCX  DEBUG flush_nbx ep 0x7fffe16d21e0
[1754990894.751731] [idcgpu01:2716044:0]           flush.c:386  UCX  DEBUG flush_nbx ep 0x7fffe16d21e0
[1754990894.758923] [idcgpu01:2716044:0]           flush.c:386  UCX  DEBUG flush_nbx ep 0x7fffe16d21e0
[1754990894.766120] [idcgpu01:2716044:0]           flush.c:386  UCX  DEBUG flush_nbx ep 0x7fffe16d21e0
[1754990894.773299] [idcgpu01:2716044:0]           flush.c:386  UCX  DEBUG flush_nbx ep 0x7fffe16d21e0
[1754990894.780515] [idcgpu01:2716044:0]           flush.c:386  UCX  DEBUG flush_nbx ep 0x7fffe16d21e0
[1754990894.787667] [idcgpu01:2716044:0]           flush.c:386  UCX  DEBUG flush_nbx ep 0x7fffe16d21e0
[1754990894.794927] [idcgpu01:2716044:0]           flush.c:386  UCX  DEBUG flush_nbx ep 0x7fffe16d21e0
[1754990894.802205] [idcgpu01:2716044:0]           flush.c:386  UCX  DEBUG flush_nbx ep 0x7fffe16d21e0
[1754990894.809411] [idcgpu01:2716044:0]           flush.c:386  UCX  DEBUG flush_nbx ep 0x7fffe16d21e0
[1754990894.816615] [idcgpu01:2716044:0]           flush.c:386  UCX  DEBUG flush_nbx ep 0x7fffe16d21e0
[1754990894.823794] [idcgpu01:2716044:0]           flush.c:386  UCX  DEBUG flush_nbx ep 0x7fffe16d21e0
[1754990894.831124] [idcgpu01:2716044:0]           flush.c:386  UCX  DEBUG flush_nbx ep 0x7fffe16d21e0
[1754990894.838275] [idcgpu01:2716044:0]           flush.c:386  UCX  DEBUG flush_nbx ep 0x7fffe16d21e0
[1754990894.845487] [idcgpu01:2716044:0]           flush.c:386  UCX  DEBUG flush_nbx ep 0x7fffe16d21e0
[1754990894.852695] [idcgpu01:2716044:0]           flush.c:386  UCX  DEBUG flush_nbx ep 0x7fffe16d21e0
[1754990894.859903] [idcgpu01:2716044:0]           flush.c:386  UCX  DEBUG flush_nbx ep 0x7fffe16d21e0
[1754990894.867137] [idcgpu01:2716044:0]           flush.c:386  UCX  DEBUG flush_nbx ep 0x7fffe16d21e0
[1754990894.874318] [idcgpu01:2716044:0]           flush.c:386  UCX  DEBUG flush_nbx ep 0x7fffe16d21e0
[1754990894.881537] [idcgpu01:2716044:0]           flush.c:386  UCX  DEBUG flush_nbx ep 0x7fffe16d21e0
[1754990894.888708] [idcgpu01:2716044:0]           flush.c:386  UCX  DEBUG flush_nbx ep 0x7fffe16d21e0
[1754990894.895844] [idcgpu01:2716044:0]           flush.c:386  UCX  DEBUG flush_nbx ep 0x7fffe16d21e0
[1754990894.902971] [idcgpu01:2716044:0]           flush.c:386  UCX  DEBUG flush_nbx ep 0x7fffe16d21e0
[1754990894.910206] [idcgpu01:2716044:0]           flush.c:386  UCX  DEBUG flush_nbx ep 0x7fffe16d21e0
[1754990894.917380] [idcgpu01:2716044:0]           flush.c:386  UCX  DEBUG flush_nbx ep 0x7fffe16d21e0
[1754990894.924584] [idcgpu01:2716044:0]           flush.c:386  UCX  DEBUG flush_nbx ep 0x7fffe16d21e0
[1754990894.931824] [idcgpu01:2716044:0]           flush.c:386  UCX  DEBUG flush_nbx ep 0x7fffe16d21e0
[1754990894.939046] [idcgpu01:2716044:0]           flush.c:386  UCX  DEBUG flush_nbx ep 0x7fffe16d21e0
[1754990894.946341] [idcgpu01:2716044:0]           flush.c:386  UCX  DEBUG flush_nbx ep 0x7fffe16d21e0
[1754990894.953569] [idcgpu01:2716044:0]           flush.c:386  UCX  DEBUG flush_nbx ep 0x7fffe16d21e0
[1754990894.960737] [idcgpu01:2716044:0]           flush.c:386  UCX  DEBUG flush_nbx ep 0x7fffe16d21e0
[1754990894.967959] [idcgpu01:2716044:0]           flush.c:386  UCX  DEBUG flush_nbx ep 0x7fffe16d21e0
[1754990894.975253] [idcgpu01:2716044:0]           flush.c:386  UCX  DEBUG flush_nbx ep 0x7fffe16d21e0
[1754990894.982446] [idcgpu01:2716044:0]           flush.c:386  UCX  DEBUG flush_nbx ep 0x7fffe16d21e0
[1754990894.989667] [idcgpu01:2716044:0]           flush.c:386  UCX  DEBUG flush_nbx ep 0x7fffe16d21e0
[1754990894.996867] [idcgpu01:2716044:0]           flush.c:386  UCX  DEBUG flush_nbx ep 0x7fffe16d21e0
[1754990895.004056] [idcgpu01:2716044:0]           flush.c:386  UCX  DEBUG flush_nbx ep 0x7fffe16d21e0
[1754990895.011313] [idcgpu01:2716044:0]           flush.c:386  UCX  DEBUG flush_nbx ep 0x7fffe16d21e0
[1754990895.018528] [idcgpu01:2716044:0]           flush.c:386  UCX  DEBUG flush_nbx ep 0x7fffe16d21e0
[1754990895.025692] [idcgpu01:2716044:0]           flush.c:386  UCX  DEBUG flush_nbx ep 0x7fffe16d21e0
[1754990895.032928] [idcgpu01:2716044:0]           flush.c:386  UCX  DEBUG flush_nbx ep 0x7fffe16d21e0
[1754990895.040116] [idcgpu01:2716044:0]           flush.c:386  UCX  DEBUG flush_nbx ep 0x7fffe16d21e0
[1754990895.047294] [idcgpu01:2716044:0]           flush.c:386  UCX  DEBUG flush_nbx ep 0x7fffe16d21e0
[1754990895.054465] [idcgpu01:2716044:0]           flush.c:386  UCX  DEBUG flush_nbx ep 0x7fffe16d21e0
[1754990895.061684] [idcgpu01:2716044:0]           flush.c:386  UCX  DEBUG flush_nbx ep 0x7fffe16d21e0
[1754990895.068843] [idcgpu01:2716044:0]           flush.c:386  UCX  DEBUG flush_nbx ep 0x7fffe16d21e0
[1754990895.078610] [idcgpu01:2716044:0]           flush.c:386  UCX  DEBUG flush_nbx ep 0x7fffe16d21e0
[1754990895.086145] [idcgpu01:2716044:0]           flush.c:386  UCX  DEBUG flush_nbx ep 0x7fffe16d21e0
[1754990895.093658] [idcgpu01:2716044:0]           flush.c:386  UCX  DEBUG flush_nbx ep 0x7fffe16d21e0
[1754990895.101045] [idcgpu01:2716044:0]           flush.c:386  UCX  DEBUG flush_nbx ep 0x7fffe16d21e0
[1754990895.108453] [idcgpu01:2716044:0]           flush.c:386  UCX  DEBUG flush_nbx ep 0x7fffe16d21e0
[1754990895.115928] [idcgpu01:2716044:0]           flush.c:386  UCX  DEBUG flush_nbx ep 0x7fffe16d21e0
[1754990895.123369] [idcgpu01:2716044:0]           flush.c:386  UCX  DEBUG flush_nbx ep 0x7fffe16d21e0
[1754990895.130732] [idcgpu01:2716044:0]           flush.c:386  UCX  DEBUG flush_nbx ep 0x7fffe16d21e0
[1754990895.138095] [idcgpu01:2716044:0]           flush.c:386  UCX  DEBUG flush_nbx ep 0x7fffe16d21e0
[1754990895.145455] [idcgpu01:2716044:0]           flush.c:386  UCX  DEBUG flush_nbx ep 0x7fffe16d21e0
[1754990895.152783] [idcgpu01:2716044:0]           flush.c:386  UCX  DEBUG flush_nbx ep 0x7fffe16d21e0
[1754990895.160159] [idcgpu01:2716044:0]           flush.c:386  UCX  DEBUG flush_nbx ep 0x7fffe16d21e0
[1754990895.167488] [idcgpu01:2716044:0]           flush.c:386  UCX  DEBUG flush_nbx ep 0x7fffe16d21e0
[1754990895.174871] [idcgpu01:2716044:0]           flush.c:386  UCX  DEBUG flush_nbx ep 0x7fffe16d21e0
[1754990895.182619] [idcgpu01:2716044:0]           flush.c:386  UCX  DEBUG flush_nbx ep 0x7fffe16d21e0
[1754990895.190544] [idcgpu01:2716044:0]           flush.c:386  UCX  DEBUG flush_nbx ep 0x7fffe16d21e0
[1754990895.197901] [idcgpu01:2716044:0]           flush.c:386  UCX  DEBUG flush_nbx ep 0x7fffe16d21e0
[1754990895.205370] [idcgpu01:2716044:0]           flush.c:386  UCX  DEBUG flush_nbx ep 0x7fffe16d21e0
[1754990895.212857] [idcgpu01:2716044:0]           flush.c:386  UCX  DEBUG flush_nbx ep 0x7fffe16d21e0
[1754990895.220277] [idcgpu01:2716044:0]           flush.c:386  UCX  DEBUG flush_nbx ep 0x7fffe16d21e0
[1754990895.227520] [idcgpu01:2716044:0]           flush.c:386  UCX  DEBUG flush_nbx ep 0x7fffe16d21e0
[1754990895.234798] [idcgpu01:2716044:0]           flush.c:386  UCX  DEBUG flush_nbx ep 0x7fffe16d21e0
[1754990895.242096] [idcgpu01:2716044:0]           flush.c:386  UCX  DEBUG flush_nbx ep 0x7fffe16d21e0
[1754990895.249625] [idcgpu01:2716044:0]           flush.c:386  UCX  DEBUG flush_nbx ep 0x7fffe16d21e0
[1754990895.256871] [idcgpu01:2716044:0]           flush.c:386  UCX  DEBUG flush_nbx ep 0x7fffe16d21e0
[1754990895.264393] [idcgpu01:2716044:0]           flush.c:386  UCX  DEBUG flush_nbx ep 0x7fffe16d21e0
[1754990895.271867] [idcgpu01:2716044:0]           flush.c:386  UCX  DEBUG flush_nbx ep 0x7fffe16d21e0
[1754990895.279234] [idcgpu01:2716044:0]           flush.c:386  UCX  DEBUG flush_nbx ep 0x7fffe16d21e0
[1754990895.286515] [idcgpu01:2716044:0]           flush.c:386  UCX  DEBUG flush_nbx ep 0x7fffe16d21e0
[1754990895.293857] [idcgpu01:2716044:0]           flush.c:386  UCX  DEBUG flush_nbx ep 0x7fffe16d21e0
[1754990895.301155] [idcgpu01:2716044:0]           flush.c:386  UCX  DEBUG flush_nbx ep 0x7fffe16d21e0
[1754990895.308439] [idcgpu01:2716044:0]           flush.c:386  UCX  DEBUG flush_nbx ep 0x7fffe16d21e0
[1754990895.315780] [idcgpu01:2716044:0]           flush.c:386  UCX  DEBUG flush_nbx ep 0x7fffe16d21e0
[1754990895.323096] [idcgpu01:2716044:0]           flush.c:386  UCX  DEBUG flush_nbx ep 0x7fffe16d21e0
[1754990895.330487] [idcgpu01:2716044:0]           flush.c:386  UCX  DEBUG flush_nbx ep 0x7fffe16d21e0
[1754990895.337882] [idcgpu01:2716044:0]           flush.c:386  UCX  DEBUG flush_nbx ep 0x7fffe16d21e0
[1754990895.345322] [idcgpu01:2716044:0]           flush.c:386  UCX  DEBUG flush_nbx ep 0x7fffe16d21e0
[1754990895.352727] [idcgpu01:2716044:0]           flush.c:386  UCX  DEBUG flush_nbx ep 0x7fffe16d21e0
[1754990895.360092] [idcgpu01:2716044:0]           flush.c:386  UCX  DEBUG flush_nbx ep 0x7fffe16d21e0
[1754990895.367397] [idcgpu01:2716044:0]           flush.c:386  UCX  DEBUG flush_nbx ep 0x7fffe16d21e0
[1754990895.374772] [idcgpu01:2716044:0]           flush.c:386  UCX  DEBUG flush_nbx ep 0x7fffe16d21e0
[1754990895.382113] [idcgpu01:2716044:0]           flush.c:386  UCX  DEBUG flush_nbx ep 0x7fffe16d21e0
[1754990895.389425] [idcgpu01:2716044:0]           flush.c:386  UCX  DEBUG flush_nbx ep 0x7fffe16d21e0
[1754990895.396799] [idcgpu01:2716044:0]           flush.c:386  UCX  DEBUG flush_nbx ep 0x7fffe16d21e0
[1754990895.404224] [idcgpu01:2716044:0]           flush.c:386  UCX  DEBUG flush_nbx ep 0x7fffe16d21e0
[1754990895.411571] [idcgpu01:2716044:0]           flush.c:386  UCX  DEBUG flush_nbx ep 0x7fffe16d21e0
[1754990895.418854] [idcgpu01:2716044:0]           flush.c:386  UCX  DEBUG flush_nbx ep 0x7fffe16d21e0
[1754990895.426327] [idcgpu01:2716044:0]           flush.c:386  UCX  DEBUG flush_nbx ep 0x7fffe16d21e0
[1754990895.433714] [idcgpu01:2716044:0]           flush.c:386  UCX  DEBUG flush_nbx ep 0x7fffe16d21e0
[1754990895.440971] [idcgpu01:2716044:0]           flush.c:386  UCX  DEBUG flush_nbx ep 0x7fffe16d21e0
[1754990895.448219] [idcgpu01:2716044:0]           flush.c:386  UCX  DEBUG flush_nbx ep 0x7fffe16d21e0
[1754990895.455615] [idcgpu01:2716044:0]           flush.c:386  UCX  DEBUG flush_nbx ep 0x7fffe16d21e0
[1754990895.463113] [idcgpu01:2716044:0]           flush.c:386  UCX  DEBUG flush_nbx ep 0x7fffe16d21e0
[1754990895.470449] [idcgpu01:2716044:0]           flush.c:386  UCX  DEBUG flush_nbx ep 0x7fffe16d21e0
[1754990895.477858] [idcgpu01:2716044:0]           flush.c:386  UCX  DEBUG flush_nbx ep 0x7fffe16d21e0
[1754990895.485194] [idcgpu01:2716044:0]           flush.c:386  UCX  DEBUG flush_nbx ep 0x7fffe16d21e0
[1754990895.492444] [idcgpu01:2716044:0]           flush.c:386  UCX  DEBUG flush_nbx ep 0x7fffe16d21e0
[1754990895.499790] [idcgpu01:2716044:0]           flush.c:386  UCX  DEBUG flush_nbx ep 0x7fffe16d21e0
[1754990895.507094] [idcgpu01:2716044:0]           flush.c:386  UCX  DEBUG flush_nbx ep 0x7fffe16d21e0
[1754990895.514374] [idcgpu01:2716044:0]           flush.c:386  UCX  DEBUG flush_nbx ep 0x7fffe16d21e0
[1754990895.521638] [idcgpu01:2716044:0]           flush.c:386  UCX  DEBUG flush_nbx ep 0x7fffe16d21e0
[1754990895.528840] [idcgpu01:2716044:0]           flush.c:386  UCX  DEBUG flush_nbx ep 0x7fffe16d21e0
[1754990895.536254] [idcgpu01:2716044:0]           flush.c:386  UCX  DEBUG flush_nbx ep 0x7fffe16d21e0
[1754990895.543601] [idcgpu01:2716044:0]           flush.c:386  UCX  DEBUG flush_nbx ep 0x7fffe16d21e0
[1754990895.550897] [idcgpu01:2716044:0]           flush.c:386  UCX  DEBUG flush_nbx ep 0x7fffe16d21e0
[1754990895.558171] [idcgpu01:2716044:0]           flush.c:386  UCX  DEBUG flush_nbx ep 0x7fffe16d21e0
[1754990895.565491] [idcgpu01:2716044:0]           flush.c:386  UCX  DEBUG flush_nbx ep 0x7fffe16d21e0
[1754990895.572864] [idcgpu01:2716044:0]           flush.c:386  UCX  DEBUG flush_nbx ep 0x7fffe16d21e0
[1754990895.580478] [idcgpu01:2716044:0]           flush.c:386  UCX  DEBUG flush_nbx ep 0x7fffe16d21e0
[1754990895.587754] [idcgpu01:2716044:0]           flush.c:386  UCX  DEBUG flush_nbx ep 0x7fffe16d21e0
[1754990895.595176] [idcgpu01:2716044:0]           flush.c:386  UCX  DEBUG flush_nbx ep 0x7fffe16d21e0
[1754990895.602495] [idcgpu01:2716044:0]           flush.c:386  UCX  DEBUG flush_nbx ep 0x7fffe16d21e0
[1754990895.609875] [idcgpu01:2716044:0]           flush.c:386  UCX  DEBUG flush_nbx ep 0x7fffe16d21e0
[1754990895.617214] [idcgpu01:2716044:0]           flush.c:386  UCX  DEBUG flush_nbx ep 0x7fffe16d21e0
[1754990895.624545] [idcgpu01:2716044:0]           flush.c:386  UCX  DEBUG flush_nbx ep 0x7fffe16d21e0
[1754990895.631764] [idcgpu01:2716044:0]           flush.c:386  UCX  DEBUG flush_nbx ep 0x7fffe16d21e0
[1754990895.639144] [idcgpu01:2716044:0]           flush.c:386  UCX  DEBUG flush_nbx ep 0x7fffe16d21e0
[1754990895.646469] [idcgpu01:2716044:0]           flush.c:386  UCX  DEBUG flush_nbx ep 0x7fffe16d21e0
[1754990895.653918] [idcgpu01:2716044:0]           flush.c:386  UCX  DEBUG flush_nbx ep 0x7fffe16d21e0
[1754990895.661477] [idcgpu01:2716044:0]           flush.c:386  UCX  DEBUG flush_nbx ep 0x7fffe16d21e0
[1754990895.668891] [idcgpu01:2716044:0]           flush.c:386  UCX  DEBUG flush_nbx ep 0x7fffe16d21e0
[1754990895.676520] [idcgpu01:2716044:0]           flush.c:386  UCX  DEBUG flush_nbx ep 0x7fffe16d21e0
[1754990895.684061] [idcgpu01:2716044:0]           flush.c:386  UCX  DEBUG flush_nbx ep 0x7fffe16d21e0
[1754990895.691627] [idcgpu01:2716044:0]           flush.c:386  UCX  DEBUG flush_nbx ep 0x7fffe16d21e0
[1754990895.699066] [idcgpu01:2716044:0]           flush.c:386  UCX  DEBUG flush_nbx ep 0x7fffe16d21e0
[1754990895.706534] [idcgpu01:2716044:0]           flush.c:386  UCX  DEBUG flush_nbx ep 0x7fffe16d21e0
[1754990895.713913] [idcgpu01:2716044:0]           flush.c:386  UCX  DEBUG flush_nbx ep 0x7fffe16d21e0
[1754990895.721432] [idcgpu01:2716044:0]           flush.c:386  UCX  DEBUG flush_nbx ep 0x7fffe16d21e0
[1754990895.728808] [idcgpu01:2716044:0]           flush.c:386  UCX  DEBUG flush_nbx ep 0x7fffe16d21e0
[1754990895.736335] [idcgpu01:2716044:0]           flush.c:386  UCX  DEBUG flush_nbx ep 0x7fffe16d21e0
[1754990895.743679] [idcgpu01:2716044:0]           flush.c:386  UCX  DEBUG flush_nbx ep 0x7fffe16d21e0
[1754990895.753093] [idcgpu01:2716044:0]          ucp_ep.c:1752 UCX  DEBUG ep 0x7fffe16d21e0 flags 0x230097 cfg_index 2: close_nbx(flags=0x0)
[1754990895.753099] [idcgpu01:2716044:0]           flush.c:386  UCX  DEBUG close ep 0x7fffe16d21e0
[1754990895.753121] [idcgpu01:2716044:0]          ucp_ep.c:1752 UCX  DEBUG ep 0x7fffe16d2140 flags 0x2d0097 cfg_index 1: close_nbx(flags=0x0)
[1754990895.753124] [idcgpu01:2716044:0]           flush.c:386  UCX  DEBUG close ep 0x7fffe16d2140
[1754990895.761699] [idcgpu01:2716044:0]      ucp_worker.c:2880 UCX  DEBUG destroy worker 0x5555560608a0
[1754990895.761706] [idcgpu01:2716044:0]      ucp_worker.c:2866 UCX  DEBUG worker 0x5555560608a0: destroy all endpoints
[1754990895.761714] [idcgpu01:2716044:0]          ucp_ep.c:1279 UCX  DEBUG ep 0x7fffe16d2140: purge uct_ep[0]=0x555555ff6e30
[1754990895.761718] [idcgpu01:2716044:0]          ucp_ep.c:1279 UCX  DEBUG ep 0x7fffe16d2140: purge uct_ep[1]=0x5555567c87e0
[1754990895.761724] [idcgpu01:2716044:0]          ucp_ep.c:1286 UCX  DEBUG ep 0x7fffe16d2140: destroy
[1754990895.761729] [idcgpu01:2716044:0]          ucp_ep.c:1604 UCX  DEBUG ep 0x7fffe16d2140: cleanup lanes
[1754990895.761768] [idcgpu01:2716044:0]          ucp_ep.c:1615 UCX  DEBUG ep 0x7fffe16d2140: pending & destroy uct_ep[0]=0x555555ff6e30
[1754990895.763016] [idcgpu01:2716044:0]         ib_mlx5.c:973  UCX  DEBUG device uverbs0: modify QP 0x555555ff6ea8 num 0xc3a to state 6
[1754990895.764021] [idcgpu01:2716044:0]           rc_ep.c:185  UCX  DEBUG destroy rc ep 0x555555ff6e30
[1754990895.764040] [idcgpu01:2716044:0]          ucp_ep.c:1615 UCX  DEBUG ep 0x7fffe16d2140: pending & destroy uct_ep[1]=0x5555567c87e0
[1754990895.765206] [idcgpu01:2716044:0]         ib_mlx5.c:973  UCX  DEBUG device uverbs0: modify QP 0x5555567c8858 num 0xc3b to state 6
[1754990895.765582] [idcgpu01:2716044:0]           rc_ep.c:185  UCX  DEBUG destroy rc ep 0x5555567c87e0
[1754990895.765605] [idcgpu01:2716044:0]          ucp_ep.c:1279 UCX  DEBUG ep 0x7fffe16d21e0: purge uct_ep[0]=0x5555567a4060
[1754990895.765608] [idcgpu01:2716044:0]          ucp_ep.c:1279 UCX  DEBUG ep 0x7fffe16d21e0: purge uct_ep[1]=0x555556793770
[1754990895.765611] [idcgpu01:2716044:0]          ucp_ep.c:1279 UCX  DEBUG ep 0x7fffe16d21e0: purge uct_ep[2]=0x555556793c10
[1754990895.765614] [idcgpu01:2716044:0]          ucp_ep.c:1279 UCX  DEBUG ep 0x7fffe16d21e0: purge uct_ep[3]=0x555556793390
[1754990895.765617] [idcgpu01:2716044:0]          ucp_ep.c:1286 UCX  DEBUG ep 0x7fffe16d21e0: destroy
[1754990895.765619] [idcgpu01:2716044:0]          ucp_ep.c:1604 UCX  DEBUG ep 0x7fffe16d21e0: cleanup lanes
[1754990895.765623] [idcgpu01:2716044:0]          ucp_ep.c:1615 UCX  DEBUG ep 0x7fffe16d21e0: pending & destroy uct_ep[0]=0x5555567a4060
[1754990895.766744] [idcgpu01:2716044:0]          ucp_ep.c:1615 UCX  DEBUG ep 0x7fffe16d21e0: pending & destroy uct_ep[1]=0x555556793770
[1754990895.767834] [idcgpu01:2716044:0]         ib_mlx5.c:973  UCX  DEBUG device uverbs0: modify QP 0x5555567937e8 num 0xc3c to state 6
[1754990895.768217] [idcgpu01:2716044:0]           rc_ep.c:185  UCX  DEBUG destroy rc ep 0x555556793770
[1754990895.768221] [idcgpu01:2716044:0]          ucp_ep.c:1615 UCX  DEBUG ep 0x7fffe16d21e0: pending & destroy uct_ep[2]=0x555556793c10
[1754990895.769330] [idcgpu01:2716044:0]         ib_mlx5.c:973  UCX  DEBUG device uverbs0: modify QP 0x555556793c88 num 0xc3d to state 6
[1754990895.769750] [idcgpu01:2716044:0]           rc_ep.c:185  UCX  DEBUG destroy rc ep 0x555556793c10
[1754990895.769754] [idcgpu01:2716044:0]          ucp_ep.c:1615 UCX  DEBUG ep 0x7fffe16d21e0: pending & destroy uct_ep[3]=0x555556793390
[1754990895.770941] [idcgpu01:2716044:0]      ucp_worker.c:2866 UCX  DEBUG worker 0x5555560608a0: destroy internal endpoints
[1754990895.770945] [idcgpu01:2716044:0]          ucp_ep.c:1279 UCX  DEBUG ep 0x7fffe16d2000: purge uct_ep[0]=0x55555676acd0
[1754990895.770948] [idcgpu01:2716044:0]          ucp_ep.c:1286 UCX  DEBUG ep 0x7fffe16d2000: destroy
[1754990895.770950] [idcgpu01:2716044:0]          ucp_ep.c:1604 UCX  DEBUG ep 0x7fffe16d2000: cleanup lanes
[1754990895.770953] [idcgpu01:2716044:0]          ucp_ep.c:1615 UCX  DEBUG ep 0x7fffe16d2000: pending & destroy uct_ep[0]=0x55555676acd0
[1754990895.772084] [idcgpu01:2716044:0]          ucp_ep.c:1279 UCX  DEBUG ep 0x7fffe16d20a0: purge uct_ep[0]=0x55555676ae60
[1754990895.772087] [idcgpu01:2716044:0]          ucp_ep.c:1286 UCX  DEBUG ep 0x7fffe16d20a0: destroy
[1754990895.772089] [idcgpu01:2716044:0]          ucp_ep.c:1604 UCX  DEBUG ep 0x7fffe16d20a0: cleanup lanes
[1754990895.772092] [idcgpu01:2716044:0]          ucp_ep.c:1615 UCX  DEBUG ep 0x7fffe16d20a0: pending & destroy uct_ep[0]=0x55555676ae60
[1754990895.773251] [idcgpu01:2716044:0]      ucp_worker.c:244  UCX  DEBUG worker 0x5555560608a0: remove active message handlers
[1754990895.773525] [idcgpu01:2716044:0]            topo.c:898  UCX  DEBUG /sys/class/net/bond0/lower_ens4f0: PF sysfs path is '/sys/devices/pci0000:95/0000:95:01.0/0000:96:00.0'
[1754990895.773804] [idcgpu01:2716044:0]            topo.c:898  UCX  DEBUG /sys/class/net/bond0/lower_ens4f0: PF sysfs path is '/sys/devices/pci0000:95/0000:95:01.0/0000:96:00.0'
[1754990895.774007] [idcgpu01:2716044:0]            topo.c:898  UCX  DEBUG /sys/class/net/bond0/lower_ens4f0: PF sysfs path is '/sys/devices/pci0000:95/0000:95:01.0/0000:96:00.0'
[1754990895.774210] [idcgpu01:2716044:0]            topo.c:898  UCX  DEBUG /sys/class/net/bond0/lower_ens4f0: PF sysfs path is '/sys/devices/pci0000:95/0000:95:01.0/0000:96:00.0'
[1754990895.774390] [idcgpu01:2716044:0]            topo.c:898  UCX  DEBUG /sys/class/net/bond0/lower_ens4f0: PF sysfs path is '/sys/devices/pci0000:95/0000:95:01.0/0000:96:00.0'
[1754990895.775439] [idcgpu01:2716044:0]            topo.c:898  UCX  DEBUG /sys/class/net/ens2np0: PF sysfs path is '/sys/devices/pci0000:03/0000:03:01.0/0000:04:00.0/0000:05:0c.0/0000:0f:00.0/0000:10:10.0/0000:12:00.0'
[1754990895.776251] [idcgpu01:2716044:0]            topo.c:898  UCX  DEBUG /sys/class/net/ens2np0: PF sysfs path is '/sys/devices/pci0000:03/0000:03:01.0/0000:04:00.0/0000:05:0c.0/0000:0f:00.0/0000:10:10.0/0000:12:00.0'
[1754990895.777051] [idcgpu01:2716044:0]            topo.c:898  UCX  DEBUG /sys/class/net/ens2np0: PF sysfs path is '/sys/devices/pci0000:03/0000:03:01.0/0000:04:00.0/0000:05:0c.0/0000:0f:00.0/0000:10:10.0/0000:12:00.0'
[1754990895.777845] [idcgpu01:2716044:0]            topo.c:898  UCX  DEBUG /sys/class/net/ens2np0: PF sysfs path is '/sys/devices/pci0000:03/0000:03:01.0/0000:04:00.0/0000:05:0c.0/0000:0f:00.0/0000:10:10.0/0000:12:00.0'
[1754990895.778635] [idcgpu01:2716044:0]            topo.c:898  UCX  DEBUG /sys/class/net/ens2np0: PF sysfs path is '/sys/devices/pci0000:03/0000:03:01.0/0000:04:00.0/0000:05:0c.0/0000:0f:00.0/0000:10:10.0/0000:12:00.0'
[1754990895.778891] [idcgpu01:2716044:0]            topo.c:898  UCX  DEBUG /sys/class/net/flannel.1/lower_bond0/lower_ens4f0: PF sysfs path is '/sys/devices/pci0000:95/0000:95:01.0/0000:96:00.0'
[1754990895.779125] [idcgpu01:2716044:0]            topo.c:898  UCX  DEBUG /sys/class/net/flannel.1/lower_bond0/lower_ens4f0: PF sysfs path is '/sys/devices/pci0000:95/0000:95:01.0/0000:96:00.0'
[1754990895.779348] [idcgpu01:2716044:0]            topo.c:898  UCX  DEBUG /sys/class/net/flannel.1/lower_bond0/lower_ens4f0: PF sysfs path is '/sys/devices/pci0000:95/0000:95:01.0/0000:96:00.0'
[1754990895.779571] [idcgpu01:2716044:0]            topo.c:898  UCX  DEBUG /sys/class/net/flannel.1/lower_bond0/lower_ens4f0: PF sysfs path is '/sys/devices/pci0000:95/0000:95:01.0/0000:96:00.0'
[1754990895.779795] [idcgpu01:2716044:0]            topo.c:898  UCX  DEBUG /sys/class/net/flannel.1/lower_bond0/lower_ens4f0: PF sysfs path is '/sys/devices/pci0000:95/0000:95:01.0/0000:96:00.0'
[1754990895.779877] [idcgpu01:2716044:0]            sock.c:90   UCX  DEBUG ioctl(req=35142, ifr_name=lo) failed: Operation not supported
[1754990895.779885] [idcgpu01:2716044:0]         tcp_net.c:61   UCX  DEBUG speed of lo is UNKNOWN, assuming 100 Mbps
[1754990895.779980] [idcgpu01:2716044:0]            topo.c:895  UCX  DEBUG /sys/class/net/lo: sysfs path undetected
[1754990895.779983] [idcgpu01:2716044:0]            topo.c:848  UCX  DEBUG lo: pci bandwidth undetected, using maximal value
[1754990895.780034] [idcgpu01:2716044:0]            sock.c:90   UCX  DEBUG ioctl(req=35142, ifr_name=lo) failed: Operation not supported
[1754990895.780041] [idcgpu01:2716044:0]         tcp_net.c:61   UCX  DEBUG speed of lo is UNKNOWN, assuming 100 Mbps
[1754990895.780109] [idcgpu01:2716044:0]            topo.c:895  UCX  DEBUG /sys/class/net/lo: sysfs path undetected
[1754990895.780111] [idcgpu01:2716044:0]            topo.c:848  UCX  DEBUG lo: pci bandwidth undetected, using maximal value
[1754990895.780168] [idcgpu01:2716044:0]            sock.c:90   UCX  DEBUG ioctl(req=35142, ifr_name=lo) failed: Operation not supported
[1754990895.780175] [idcgpu01:2716044:0]         tcp_net.c:61   UCX  DEBUG speed of lo is UNKNOWN, assuming 100 Mbps
[1754990895.780243] [idcgpu01:2716044:0]            topo.c:895  UCX  DEBUG /sys/class/net/lo: sysfs path undetected
[1754990895.780245] [idcgpu01:2716044:0]            topo.c:848  UCX  DEBUG lo: pci bandwidth undetected, using maximal value
[1754990895.780295] [idcgpu01:2716044:0]            sock.c:90   UCX  DEBUG ioctl(req=35142, ifr_name=lo) failed: Operation not supported
[1754990895.780314] [idcgpu01:2716044:0]         tcp_net.c:61   UCX  DEBUG speed of lo is UNKNOWN, assuming 100 Mbps
[1754990895.780382] [idcgpu01:2716044:0]            topo.c:895  UCX  DEBUG /sys/class/net/lo: sysfs path undetected
[1754990895.780384] [idcgpu01:2716044:0]            topo.c:848  UCX  DEBUG lo: pci bandwidth undetected, using maximal value
[1754990895.780434] [idcgpu01:2716044:0]            sock.c:90   UCX  DEBUG ioctl(req=35142, ifr_name=lo) failed: Operation not supported
[1754990895.780440] [idcgpu01:2716044:0]         tcp_net.c:61   UCX  DEBUG speed of lo is UNKNOWN, assuming 100 Mbps
[1754990895.780507] [idcgpu01:2716044:0]            topo.c:895  UCX  DEBUG /sys/class/net/lo: sysfs path undetected
[1754990895.780509] [idcgpu01:2716044:0]            topo.c:848  UCX  DEBUG lo: pci bandwidth undetected, using maximal value
[1754990895.780625] [idcgpu01:2716044:a]       ib_device.c:484  UCX  DEBUG IB Async event on mlx5_0: SRQ-attached QP 0xc3a was flushed
[1754990895.780635] [idcgpu01:2716044:a]       ib_device.c:484  UCX  DEBUG IB Async event on mlx5_0: SRQ-attached QP 0xc3b was flushed
[1754990895.780638] [idcgpu01:2716044:0]           mpool.c:194  UCX  DEBUG mpool ucp_reg_bufs destroyed
[1754990895.780640] [idcgpu01:2716044:a]       ib_device.c:484  UCX  DEBUG IB Async event on mlx5_0: SRQ-attached QP 0xc3c was flushed
[1754990895.780645] [idcgpu01:2716044:a]       ib_device.c:484  UCX  DEBUG IB Async event on mlx5_0: SRQ-attached QP 0xc3d was flushed
[1754990895.780646] [idcgpu01:2716044:0]           mpool.c:194  UCX  DEBUG mpool ucp_am_bufs destroyed
[1754990895.780649] [idcgpu01:2716044:0]           mpool.c:194  UCX  DEBUG mpool ucp_am_bufs destroyed
[1754990895.780651] [idcgpu01:2716044:0]           mpool.c:194  UCX  DEBUG mpool ucp_am_bufs destroyed
[1754990895.780670] [idcgpu01:2716044:0]           mpool.c:194  UCX  DEBUG mpool ucp_rkeys destroyed
[1754990895.780690] [idcgpu01:2716044:0]           mpool.c:194  UCX  DEBUG mpool ucp_requests destroyed
[1754990895.780717] [idcgpu01:2716044:0]           async.c:172  UCX  DEBUG removed async handler 0x55555676ad50 [id=82 ref 1] ???() from hash
[1754990895.780722] [idcgpu01:2716044:0]           async.c:575  UCX  DEBUG removing async handler 0x55555676ad50 [id=82 ref 1] ???()
[1754990895.780736] [idcgpu01:2716044:0]           async.c:187  UCX  DEBUG release async handler 0x55555676ad50 [id=82 ref 0] ???()
[1754990895.780772] [idcgpu01:2716044:0]           mpool.c:194  UCX  DEBUG mpool self_msg_desc destroyed
[1754990895.780780] [idcgpu01:2716044:0]           async.c:172  UCX  DEBUG removed async handler 0x55555622ba80 [id=59 ref 1] ???() from hash
[1754990895.780783] [idcgpu01:2716044:0]           async.c:575  UCX  DEBUG removing async handler 0x55555622ba80 [id=59 ref 1] ???()
[1754990895.780788] [idcgpu01:2716044:0]           async.c:187  UCX  DEBUG release async handler 0x55555622ba80 [id=59 ref 0] ???()
[1754990895.780795] [idcgpu01:2716044:0]       tcp_iface.c:857  UCX  DEBUG tcp_iface 0x555556084890: destroying
[1754990895.780802] [idcgpu01:2716044:0]           async.c:172  UCX  DEBUG removed async handler 0x555555ff2810 [id=60 ref 1] ???() from hash
[1754990895.780805] [idcgpu01:2716044:0]           async.c:575  UCX  DEBUG removing async handler 0x555555ff2810 [id=60 ref 1] ???()
[1754990895.780811] [idcgpu01:2716044:0]           async.c:187  UCX  DEBUG release async handler 0x555555ff2810 [id=60 ref 0] ???()
[1754990895.780819] [idcgpu01:2716044:0]           mpool.c:194  UCX  DEBUG mpool uct_tcp_iface_rx_buf_mp destroyed
[1754990895.780822] [idcgpu01:2716044:0]           mpool.c:194  UCX  DEBUG mpool uct_tcp_iface_tx_buf_mp destroyed
[1754990895.780845] [idcgpu01:2716044:0]           async.c:172  UCX  DEBUG removed async handler 0x555556085d50 [id=61 ref 1] ???() from hash
[1754990895.780848] [idcgpu01:2716044:0]           async.c:575  UCX  DEBUG removing async handler 0x555556085d50 [id=61 ref 1] ???()
[1754990895.780854] [idcgpu01:2716044:0]           async.c:187  UCX  DEBUG release async handler 0x555556085d50 [id=61 ref 0] ???()
[1754990895.780871] [idcgpu01:2716044:0]       tcp_iface.c:857  UCX  DEBUG tcp_iface 0x555556085510: destroying
[1754990895.780875] [idcgpu01:2716044:0]           async.c:172  UCX  DEBUG removed async handler 0x555555ffa1c0 [id=62 ref 1] ???() from hash
[1754990895.780877] [idcgpu01:2716044:0]           async.c:575  UCX  DEBUG removing async handler 0x555555ffa1c0 [id=62 ref 1] ???()
[1754990895.780883] [idcgpu01:2716044:0]           async.c:187  UCX  DEBUG release async handler 0x555555ffa1c0 [id=62 ref 0] ???()
[1754990895.780886] [idcgpu01:2716044:0]           mpool.c:194  UCX  DEBUG mpool uct_tcp_iface_rx_buf_mp destroyed
[1754990895.780891] [idcgpu01:2716044:0]           mpool.c:194  UCX  DEBUG mpool uct_tcp_iface_tx_buf_mp destroyed
[1754990895.780914] [idcgpu01:2716044:0]           async.c:172  UCX  DEBUG removed async handler 0x55555622bbe0 [id=63 ref 1] ???() from hash
[1754990895.780917] [idcgpu01:2716044:0]           async.c:575  UCX  DEBUG removing async handler 0x55555622bbe0 [id=63 ref 1] ???()
[1754990895.780922] [idcgpu01:2716044:0]           async.c:187  UCX  DEBUG release async handler 0x55555622bbe0 [id=63 ref 0] ???()
[1754990895.780928] [idcgpu01:2716044:0]       tcp_iface.c:857  UCX  DEBUG tcp_iface 0x5555560864a0: destroying
[1754990895.780931] [idcgpu01:2716044:0]           async.c:172  UCX  DEBUG removed async handler 0x555555ff93b0 [id=64 ref 1] ???() from hash
[1754990895.780934] [idcgpu01:2716044:0]           async.c:575  UCX  DEBUG removing async handler 0x555555ff93b0 [id=64 ref 1] ???()
[1754990895.780939] [idcgpu01:2716044:0]           async.c:187  UCX  DEBUG release async handler 0x555555ff93b0 [id=64 ref 0] ???()
[1754990895.780942] [idcgpu01:2716044:0]           mpool.c:194  UCX  DEBUG mpool uct_tcp_iface_rx_buf_mp destroyed
[1754990895.780945] [idcgpu01:2716044:0]           mpool.c:194  UCX  DEBUG mpool uct_tcp_iface_tx_buf_mp destroyed
[1754990895.780958] [idcgpu01:2716044:0]           async.c:172  UCX  DEBUG removed async handler 0x55555622bc40 [id=65 ref 1] ???() from hash
[1754990895.780961] [idcgpu01:2716044:0]           async.c:575  UCX  DEBUG removing async handler 0x55555622bc40 [id=65 ref 1] ???()
[1754990895.780967] [idcgpu01:2716044:0]           async.c:187  UCX  DEBUG release async handler 0x55555622bc40 [id=65 ref 0] ???()
[1754990895.780973] [idcgpu01:2716044:0]       tcp_iface.c:857  UCX  DEBUG tcp_iface 0x555556087270: destroying
[1754990895.780976] [idcgpu01:2716044:0]           async.c:172  UCX  DEBUG removed async handler 0x555555ff83f0 [id=66 ref 1] ???() from hash
[1754990895.780979] [idcgpu01:2716044:0]           async.c:575  UCX  DEBUG removing async handler 0x555555ff83f0 [id=66 ref 1] ???()
[1754990895.780984] [idcgpu01:2716044:0]           async.c:187  UCX  DEBUG release async handler 0x555555ff83f0 [id=66 ref 0] ???()
[1754990895.780987] [idcgpu01:2716044:0]           mpool.c:194  UCX  DEBUG mpool uct_tcp_iface_rx_buf_mp destroyed
[1754990895.780990] [idcgpu01:2716044:0]           mpool.c:194  UCX  DEBUG mpool uct_tcp_iface_tx_buf_mp destroyed
[1754990895.781003] [idcgpu01:2716044:0]           async.c:172  UCX  DEBUG removed async handler 0x555556159d80 [id=67 ref 1] ???() from hash
[1754990895.781006] [idcgpu01:2716044:0]           async.c:575  UCX  DEBUG removing async handler 0x555556159d80 [id=67 ref 1] ???()
[1754990895.781011] [idcgpu01:2716044:0]           async.c:187  UCX  DEBUG release async handler 0x555556159d80 [id=67 ref 0] ???()
[1754990895.781796] [idcgpu01:2716044:0]           mpool.c:194  UCX  DEBUG mpool mm_recv_desc destroyed
[1754990895.781858] [idcgpu01:2716044:0]           async.c:172  UCX  DEBUG removed async handler 0x55555676a990 [id=69 ref 1] ???() from hash
[1754990895.781861] [idcgpu01:2716044:0]           async.c:575  UCX  DEBUG removing async handler 0x55555676a990 [id=69 ref 1] ???()
[1754990895.781868] [idcgpu01:2716044:0]           async.c:187  UCX  DEBUG release async handler 0x55555676a990 [id=69 ref 0] ???()
[1754990895.783170] [idcgpu01:2716044:0]           mpool.c:194  UCX  DEBUG mpool mm_recv_desc destroyed
[1754990895.783217] [idcgpu01:2716044:0]           async.c:172  UCX  DEBUG removed async handler 0x55555676a9d0 [id=80 ref 1] ???() from hash
[1754990895.783220] [idcgpu01:2716044:0]           async.c:575  UCX  DEBUG removing async handler 0x55555676a9d0 [id=80 ref 1] ???()
[1754990895.783227] [idcgpu01:2716044:0]           async.c:187  UCX  DEBUG release async handler 0x55555676a9d0 [id=80 ref 0] ???()
[1754990895.783242] [idcgpu01:2716044:0]           mpool.c:194  UCX  DEBUG mpool CUDA EVENT objects destroyed
[1754990895.783254] [idcgpu01:2716044:0]           async.c:172  UCX  DEBUG removed async handler 0x55555676aa10 [id=81 ref 1] ???() from hash
[1754990895.783257] [idcgpu01:2716044:0]           async.c:575  UCX  DEBUG removing async handler 0x55555676aa10 [id=81 ref 1] ???()
[1754990895.783262] [idcgpu01:2716044:0]           async.c:187  UCX  DEBUG release async handler 0x55555676aa10 [id=81 ref 0] ???()
[1754990895.783270] [idcgpu01:2716044:0]           mpool.c:194  UCX  DEBUG mpool CUDA_IPC EVENT objects destroyed
[1754990895.783277] [idcgpu01:2716044:0]           async.c:172  UCX  DEBUG removed async handler 0x55555676aa50 [id=71 ref 1] ???() from hash
[1754990895.783280] [idcgpu01:2716044:0]           async.c:575  UCX  DEBUG removing async handler 0x55555676aa50 [id=71 ref 1] ???()
[1754990895.783286] [idcgpu01:2716044:0]           async.c:187  UCX  DEBUG release async handler 0x55555676aa50 [id=71 ref 0] ???()
[1754990895.783315] [idcgpu01:2716044:0]           mpool.c:194  UCX  DEBUG mpool rc_verbs_short_desc destroyed
[1754990895.784107] [idcgpu01:2716044:0]           mpool.c:194  UCX  DEBUG mpool send-ops-mpool destroyed
[1754990895.784117] [idcgpu01:2716044:0]           mpool.c:194  UCX  DEBUG mpool rc_send_desc destroyed
[1754990895.784130] [idcgpu01:2716044:0]           mpool.c:194  UCX  DEBUG mpool rc_recv_desc destroyed
[1754990895.784135] [idcgpu01:2716044:0]           mpool.c:194  UCX  DEBUG mpool pending-ops destroyed
[1754990895.784697] [idcgpu01:2716044:0]           async.c:172  UCX  DEBUG removed async handler 0x555556087a00 [id=72 ref 1] ???() from hash
[1754990895.784700] [idcgpu01:2716044:0]           async.c:575  UCX  DEBUG removing async handler 0x555556087a00 [id=72 ref 1] ???()
[1754990895.784706] [idcgpu01:2716044:0]           async.c:187  UCX  DEBUG release async handler 0x555556087a00 [id=72 ref 0] ???()
[1754990895.784716] [idcgpu01:2716044:0]        ud_iface.c:602  UCX  DEBUG iface(0x555556159010): cep cleanup
[1754990895.784728] [idcgpu01:2716044:0]           mpool.c:194  UCX  DEBUG mpool ud_tx_skb destroyed
[1754990895.784941] [idcgpu01:2716044:0]           mpool.c:194  UCX  DEBUG mpool ud_recv_skb destroyed
[1754990895.785924] [idcgpu01:2716044:0]        ud_iface.c:609  UCX  DEBUG iface(0x555556159010): ptr_array cleanup
[1754990895.786358] [idcgpu01:2716044:0]           async.c:172  UCX  DEBUG removed async handler 0x55555676aa90 [id=75 ref 1] ???() from hash
[1754990895.786361] [idcgpu01:2716044:0]           async.c:575  UCX  DEBUG removing async handler 0x55555676aa90 [id=75 ref 1] ???()
[1754990895.786368] [idcgpu01:2716044:0]           async.c:187  UCX  DEBUG release async handler 0x55555676aa90 [id=75 ref 0] ???()
[1754990895.787131] [idcgpu01:2716044:0]           async.c:172  UCX  DEBUG removed async handler 0x555555feea70 [id=74 ref 1] ???() from hash
[1754990895.787134] [idcgpu01:2716044:0]           async.c:575  UCX  DEBUG removing async handler 0x555555feea70 [id=74 ref 1] ???()
[1754990895.787140] [idcgpu01:2716044:0]           async.c:187  UCX  DEBUG release async handler 0x555555feea70 [id=74 ref 0] ???()
[1754990895.787156] [idcgpu01:2716044:0]           mpool.c:194  UCX  DEBUG mpool rc_mlx5_atomic_desc destroyed
[1754990895.789318] [idcgpu01:2716044:0]           mpool.c:194  UCX  DEBUG mpool send-ops-mpool destroyed
[1754990895.789322] [idcgpu01:2716044:0]           mpool.c:194  UCX  DEBUG mpool rc_send_desc destroyed
[1754990895.789810] [idcgpu01:2716044:0]           mpool.c:194  UCX  DEBUG mpool rc_recv_desc destroyed
[1754990895.789834] [idcgpu01:2716044:0]           mpool.c:194  UCX  DEBUG mpool pending-ops destroyed
[1754990895.791137] [idcgpu01:2716044:0]           async.c:172  UCX  DEBUG removed async handler 0x55555676aad0 [id=78 ref 1] ???() from hash
[1754990895.791141] [idcgpu01:2716044:0]           async.c:575  UCX  DEBUG removing async handler 0x55555676aad0 [id=78 ref 1] ???()
[1754990895.791149] [idcgpu01:2716044:0]           async.c:187  UCX  DEBUG release async handler 0x55555676aad0 [id=78 ref 0] ???()
[1754990895.795222] [idcgpu01:2716044:0]           async.c:172  UCX  DEBUG removed async handler 0x555555ff5500 [id=77 ref 1] ???() from hash
[1754990895.795225] [idcgpu01:2716044:0]           async.c:575  UCX  DEBUG removing async handler 0x555555ff5500 [id=77 ref 1] ???()
[1754990895.795231] [idcgpu01:2716044:0]           async.c:187  UCX  DEBUG release async handler 0x555555ff5500 [id=77 ref 0] ???()
[1754990895.795246] [idcgpu01:2716044:0]           mpool.c:194  UCX  DEBUG mpool rc_mlx5_atomic_desc destroyed
[1754990895.795249] [idcgpu01:2716044:0]           mpool.c:194  UCX  DEBUG mpool mlx5_dm_desc destroyed
[1754990895.796565] [idcgpu01:2716044:0]           mpool.c:194  UCX  DEBUG mpool send-ops-mpool destroyed
[1754990895.798553] [idcgpu01:2716044:0]           mpool.c:194  UCX  DEBUG mpool rc_send_desc destroyed
[1754990895.808795] [idcgpu01:2716044:0]           mpool.c:194  UCX  DEBUG mpool rc_recv_desc destroyed
[1754990895.808801] [idcgpu01:2716044:0]           mpool.c:194  UCX  DEBUG mpool pending-ops destroyed
[1754990895.809460] [idcgpu01:2716044:0]           async.c:172  UCX  DEBUG removed async handler 0x5555562bdc00 [id=79 ref 1] ???() from hash
[1754990895.809464] [idcgpu01:2716044:0]           async.c:575  UCX  DEBUG removing async handler 0x5555562bdc00 [id=79 ref 1] ???()
[1754990895.809472] [idcgpu01:2716044:0]           async.c:187  UCX  DEBUG release async handler 0x5555562bdc00 [id=79 ref 0] ???()
[1754990895.809507] [idcgpu01:2716044:0]        ud_iface.c:602  UCX  DEBUG iface(0x5555566af020): cep cleanup
[1754990895.809832] [idcgpu01:2716044:0]           mpool.c:194  UCX  DEBUG mpool ud_tx_skb destroyed
[1754990895.813623] [idcgpu01:2716044:0]           mpool.c:194  UCX  DEBUG mpool ud_recv_skb destroyed
[1754990895.814305] [idcgpu01:2716044:0]        ud_iface.c:609  UCX  DEBUG iface(0x5555566af020): ptr_array cleanup
[1754990895.814729] [idcgpu01:2716044:0]           mpool.c:194  UCX  DEBUG mpool uct_scopy_iface_tx_mp destroyed
[1754990895.814743] [idcgpu01:2716044:0]           mpool.c:194  UCX  DEBUG mpool uct_scopy_iface_tx_mp destroyed
[1754990895.816361] [idcgpu01:2716044:0]           async.c:172  UCX  DEBUG removed async handler 0x55555609b4c0 [id=57 ref 1] ???() from hash
[1754990895.816364] [idcgpu01:2716044:0]           async.c:575  UCX  DEBUG removing async handler 0x55555609b4c0 [id=57 ref 1] ???()
[1754990895.816372] [idcgpu01:2716044:0]           async.c:187  UCX  DEBUG release async handler 0x55555609b4c0 [id=57 ref 0] ???()
[1754990895.817180] [idcgpu01:2716044:0]         pgtable.c:618  UCX  DEBUG purge empty page table
[1754990895.817381] [idcgpu01:2716044:0]           mpool.c:194  UCX  DEBUG mpool rcache_mp destroyed
[1754990895.823732] [idcgpu01:2716044:0]    ib_mlx5dv_md.c:2512 UCX  DEBUG mlx5_0: md=0x555556053170 md->flags=0x3f33f3b flush_rkey=0x1ffe00
[1754990895.824593] [idcgpu01:2716044:0]           mpool.c:194  UCX  DEBUG mpool devx dbrec destroyed
[1754990895.824599] [idcgpu01:2716044:0]       ib_device.c:621  UCX  DEBUG destroying ib device mlx5_0
[1754990895.824622] [idcgpu01:2716044:0]           async.c:172  UCX  DEBUG removed async handler 0x555555fe6720 [id=52 ref 1] ???() from hash
[1754990895.824625] [idcgpu01:2716044:0]           async.c:575  UCX  DEBUG removing async handler 0x555555fe6720 [id=52 ref 1] ???()
[1754990895.824784] [idcgpu01:2716044:0]           async.c:187  UCX  DEBUG release async handler 0x555555fe6720 [id=52 ref 0] ???()
